130.0901,53.66
120.4011,51.32
129.7268,61.70
121.1761,59.79
117.2417,69.48
101.4047,47.90
94.5001,59.95
67.9328,53.35
100.2129,58.81
102.4387,45.35
98.2779,67.06
91.4096,74.99
87.1344,66.49
72.9902,56.19
89.3449,65.98
82.4191,55.86
70.3797,63.31
68.0097,72.32
67.9218,65.85
74.3897,57.24
78.7571,49.82
98.5135,53.88
78.3058,59.28
79.9751,48.53
67.2992,71.54
89.0448,54.33
67.4764,77.25
83.1026,62.16
79.7848,79.84
90.4515,64.91
81.6281,50.64
84.1407,51.74
79.1522,64.16
75.4424,78.57
86.1686,60.04
92.7534,69.85
87.0065,54.86
75.3751,65.07
75.8332,58.08
77.0143,58.96
73.5442,66.67
83.2634,65.00
87.7798,58.78
77.1481,66.19
79.9652,73.91
84.7782,63.27
89.4154,70.67
72.0467,57.33
96.8941,66.89
77.9912,70.48
88.4626,69.77
70.9705,77.95
69.7113,62.22
76.5245,41.52
70.8441,63.79
90.1068,65.47
88.2546,66.55
68.1208,75.10
74.5951,63.91
72.7129,63.92
71.5499,61.97
62.6172,71.56
66.5437,60.14
62.6887,68.62
71.6956,77.80
78.0536,62.85
91.2978,64.90
76.3500,74.04
56.0498,81.91
62.1196,67.76
61.4186,64.38
80.2537,63.18
103.6192,58.36
77.4384,59.82
72.7573,64.64
84.9099,61.69
78.5410,53.50
82.6007,77.58
66.1836,72.46
74.2573,65.03
68.4744,76.16
71.2560,69.92
64.3866,63.79
84.3676,59.64
76.7008,66.92
88.2280,55.45
86.6480,64.76
77.4230,64.18
94.5896,69.92
83.2796,51.21
74.6799,46.16
83.4433,51.31
82.6321,58.81
84.6918,72.97
79.5941,63.19
68.3238,76.25
75.7098,51.09
71.2568,57.55
73.2343,61.83
84.3233,79.09
76.8023,59.90
76.1492,70.46
69.9129,75.92
77.8972,76.95
82.2483,69.41
63.1555,63.61
71.9298,64.45
61.0474,61.84
72.5674,52.52
72.7906,73.91
57.3971,66.38
76.3622,65.15
61.0970,78.77
51.2948,66.22
60.7822,70.01
63.6144,70.11
64.7182,78.53
57.1472,68.39
67.4674,56.70
74.2956,66.48
66.6611,72.13
73.5971,75.27
84.2489,68.12
85.8068,62.60
63.3589,60.35
56.2148,63.21
66.4885,58.71
66.0122,65.83
78.8932,64.52
63.5305,66.68
75.5370,71.70
71.6225,55.64
84.0017,61.15
70.2781,63.66
83.5443,63.65
67.6549,73.04
78.5312,72.70
76.0932,73.70
60.7042,63.89
59.4658,72.56
86.5724,68.40
79.9548,67.19
92.4179,75.03
66.5050,75.80
73.1218,72.60
76.2111,74.38
75.3082,78.83
84.0586,77.93
80.1363,74.16
72.3586,68.10
64.8029,77.42
62.6722,74.19
54.8322,76.11
65.4831,72.37
57.8676,79.01
68.9366,72.63
73.5556,80.20
73.3211,65.35
76.8273,76.74
68.9425,79.51
62.4150,78.64
84.0252,69.54
66.5344,77.62
80.2114,67.26
73.4338,77.91
55.5774,74.14
69.7850,70.26
70.9049,71.43
76.2796,68.32
75.3376,68.24
80.9956,71.12
58.1821,69.25
82.5232,67.69
72.5622,72.84
67.7524,73.68
68.0316,79.70
71.9178,81.96
67.6937,75.75
68.4903,66.22
75.6345,80.58
63.8934,84.79
63.3273,81.48
60.8596,68.91
78.2616,64.04
73.7023,74.98
77.9763,84.06
72.5024,79.99
72.9279,65.10
72.4678,70.83
88.4379,70.95
74.8422,75.44
72.7370,72.09
75.3580,67.20
57.7239,60.83
68.3335,66.28
57.1681,71.65
71.3676,70.98
71.3020,77.96
71.5765,78.55
66.3712,69.11
69.5030,72.97
75.4210,60.75
79.5202,68.50
62.5622,66.75
72.5995,71.51
73.5029,64.78
71.9325,77.08
65.1294,69.44
85.2560,71.93
69.3628,74.11
74.6888,68.04
91.8299,72.49
84.9363,66.64
68.4067,73.01
70.9673,83.90
66.2623,77.02
72.0116,76.76
70.0723,72.51
55.5408,80.31
55.3970,80.31
62.8479,81.59
57.5376,79.56
72.6233,70.90
71.0690,79.75
64.3442,72.32
71.5345,68.33
57.1724,86.48
73.5340,74.82
76.7262,77.05
62.6375,61.47
58.0133,78.34
69.1957,78.04
70.2754,74.88
69.8784,73.57
67.1974,84.14
74.4561,76.05
66.4786,78.82
63.6128,77.91
61.2436,82.42
75.9462,71.01
59.2146,65.42
80.4826,85.26
88.8978,51.58
74.7867,70.61
78.7443,72.15
69.1006,75.05
65.6983,87.96
65.2731,77.59
59.4550,73.39
92.3441,76.20
69.9016,71.31
64.1480,72.55
70.9606,69.52
80.5908,69.90
86.3199,71.97
87.4930,68.62
69.3359,76.12
65.9931,70.66
67.0459,79.39
70.9809,75.21
63.7174,72.77
73.1863,62.55
73.2407,72.87
66.2662,87.02
68.8950,77.27
61.9925,71.06
54.4441,68.03
63.3801,79.43
72.6026,82.53
64.7044,70.90
60.8650,84.21
65.1411,67.67
69.7433,62.61
61.8161,76.94
67.0055,81.64
65.1737,74.06
74.1677,70.87
65.4821,69.83
59.8140,71.16
66.7286,74.95
70.6773,72.75
69.9829,72.48
74.8882,67.98
57.4458,77.57
67.4078,76.89
57.9968,72.63
61.7471,92.97
91.8516,75.15
66.0054,74.99
67.1860,79.76
58.7646,82.37
65.4430,71.34
81.6201,77.39
73.7864,84.54
64.0274,77.49
64.5912,78.45
64.3135,82.21
62.6913,74.41
68.1022,82.98
58.7350,80.29
58.1288,78.77
62.5403,82.39
56.2908,71.30
64.1141,82.27
76.8869,73.53
80.2684,82.77
70.0296,81.28
71.6365,83.76
64.6219,80.82
59.1119,74.15
73.7043,84.30
59.0319,78.58
64.2583,78.23
59.3571,85.80
59.3620,82.03
57.3978,84.64
63.7093,71.66
57.9857,77.54
72.2270,76.50
67.9507,83.69
64.9481,76.00
59.3002,81.28
57.6512,80.90
68.9849,75.15
58.9615,82.06
57.8835,68.05
58.0513,83.78
62.3292,71.69
51.6229,77.07
66.0383,77.83
56.1924,78.24
75.7900,70.35
57.7654,94.35
52.0685,84.91
61.2068,77.33
54.0334,81.59
72.4596,66.68
71.3800,72.34
60.7271,73.50
63.1870,75.76
68.4187,74.01
64.1741,78.55
64.5159,77.50
74.6016,85.17
58.0249,73.27
75.3525,73.75
72.0643,70.14
61.7683,82.01
57.1745,81.31
68.9397,78.75
64.4933,77.94
55.6178,82.69
55.6441,83.56
64.7042,83.77
63.9301,66.63
75.1083,83.15
63.3610,80.89
72.9465,83.64
65.5162,79.95
59.7782,71.34
58.4056,70.49
65.7516,74.78
62.7194,80.34
58.5025,74.09
66.6904,78.36
64.2552,68.33
58.9025,74.51
65.6419,85.89
62.7647,81.34
68.4188,87.07
72.0179,91.13
49.8235,86.07
56.2820,80.76
60.5006,84.48
50.3157,76.44
53.0265,88.94
69.7115,63.08
63.9657,87.41
61.7599,81.00
63.9959,77.67
60.6647,84.39
58.1697,81.48
71.0748,69.63
60.7234,88.54
65.4698,78.00
52.9092,86.30
66.4539,80.04
64.2777,83.16
60.2426,89.29
54.5508,75.05
56.9899,86.87
66.1655,86.95
58.6017,84.51
62.6186,74.74
55.4980,78.34
54.1881,91.19
66.1668,87.91
55.1959,87.31
64.7042,78.47
51.5280,81.22
57.9893,79.03
72.4645,84.20
46.4176,99.53
53.9306,83.16
53.7313,87.54
66.6776,88.45
75.6467,79.26
55.5334,94.62
55.7911,85.64
61.6325,82.98
53.0443,90.47
64.2743,85.12
54.8785,89.45
59.3931,89.64
49.7063,92.39
61.6404,85.66
57.8079,85.91
55.8414,87.41
47.3865,87.11
54.4184,91.62
46.8390,96.61
53.9678,85.70
56.9170,96.73
65.4239,83.89
51.3151,95.67
49.7907,81.78
64.4124,82.03
50.8860,92.34
55.6076,92.48
68.9762,87.25
50.1777,99.74
49.4105,87.62
58.0554,86.43
52.9931,93.81
62.0293,76.16
65.8921,80.31
62.1665,85.60
60.4877,86.71
47.2387,87.57
50.3534,81.29
43.5899,87.63
58.8885,93.50
54.6288,84.93
46.6710,81.95
47.9715,97.84
55.0050,95.03
57.5748,84.79
53.7061,88.18
49.4632,88.13
63.2473,83.11
53.3871,90.99
47.1189,96.51
55.7167,88.30
62.5782,93.54
62.4269,83.97
56.3558,84.21
65.9151,94.62
53.0394,95.07
55.4185,98.91
59.8503,93.21
56.1017,93.03
59.7233,85.24
65.7097,83.67
63.7402,80.54
59.1067,89.75
58.9116,86.73
54.3368,94.27
48.0848,87.79
43.4753,95.58
40.1927,98.96
53.8815,85.64
44.8580,98.12
50.2696,86.79
47.6372,99.06
49.2675,98.16
44.0658,85.25
56.6412,81.10
51.7425,95.15
51.9796,98.22
49.3857,95.03
43.6400,96.19
46.1335,101.51
45.5911,95.21
54.2910,94.85
49.7626,89.16
40.7313,89.40
38.5358,87.29
64.9375,92.21
55.9056,92.64
47.9251,80.56
60.1326,93.92
53.2230,95.89
45.4421,93.15
45.3364,91.07
54.2568,91.85
55.5826,82.04
36.4002,92.85
60.3453,91.41
57.4838,91.35
61.3137,86.30
58.6778,90.67
62.6653,88.50
57.2391,93.84
55.2428,86.82
41.5315,100.56
47.1186,82.42
52.8423,101.73
45.1219,100.79
40.3369,86.10
56.7809,88.80
50.5318,87.12
46.4806,87.17
44.2812,99.86
50.8438,92.11
57.0130,99.42
51.2634,95.42
45.3697,91.61
44.6696,97.03
43.0295,83.99
47.2463,100.19
38.5236,103.65
41.4059,88.73
46.6457,95.58
48.1068,96.97
50.3837,92.77
42.4646,99.49
41.6652,100.86
42.7026,102.07
41.8454,106.60
48.8203,93.03
43.7538,95.91
47.6914,97.75
42.5492,98.60
52.0899,94.75
55.3905,93.80
52.2653,91.56
43.9446,99.91
51.4065,98.91
45.2512,94.91
43.3468,99.59
46.3683,98.48
44.7165,96.93
35.9783,98.94
38.8038,100.00
39.5282,100.11
48.1352,91.97
51.8729,94.61
47.2139,93.06
43.3713,95.58
32.9362,97.37
41.2909,94.21
36.5040,100.60
35.9191,106.55
42.7079,104.73
31.2704,99.76
38.3803,102.11
41.2660,96.12
41.2985,94.84
46.1267,91.79
50.6318,92.58
45.1979,100.68
44.1137,91.14
35.6711,91.70
40.1261,97.20
41.0668,97.59
34.5307,104.40
45.5272,91.56
44.8004,93.64
41.2753,90.39
53.6193,93.09
38.8545,106.76
41.3755,100.49
40.1393,94.26
44.0946,97.04
43.4910,95.12
42.9011,94.28
39.6165,98.80
42.0098,100.74
38.2668,98.68
46.1590,94.60
36.2782,99.66
38.2472,99.48
42.3222,90.57
36.0786,92.31
42.1437,96.25
51.6110,97.68
46.6464,87.81
40.6456,97.56
49.4435,91.10
44.2817,109.07
43.7992,97.22
29.6265,102.33
33.5457,110.51
39.4284,98.03
41.0414,103.03
45.9660,97.32
45.5904,92.81
45.1421,97.80
40.6807,89.53
49.6692,99.93
48.3631,94.36
41.3857,101.27
48.4411,99.65
41.2136,103.45
41.1015,106.95
38.6227,105.64
40.6608,105.59
42.0125,98.86
34.3358,107.38
34.5239,101.59
47.0119,100.41
43.8858,102.72
35.5446,106.52
29.7322,103.76
29.3180,106.80
29.6377,108.79
35.7913,104.61
37.6866,107.48
39.5328,104.51
36.2959,98.87
45.5736,100.26
38.0227,104.08
35.6828,104.99
47.8100,104.30
41.8867,95.19
35.9969,100.76
44.5138,95.45
46.7103,99.56
33.0602,107.25
41.5248,97.61
36.5518,107.08
33.2298,102.97
46.3714,100.85
43.0418,99.68
46.7856,101.17
39.6649,105.68
45.4479,102.08
41.7271,100.01
36.6928,101.47
33.9036,102.99
39.4194,100.49
33.6851,107.74
38.0050,98.86
31.4370,106.79
32.9318,102.64
41.7000,98.05
53.0429,96.61
36.9101,108.55
38.4960,103.63
31.4229,110.51
35.6414,106.86
38.9038,104.63
43.6704,101.83
30.8980,112.50
33.5129,109.38
33.2822,103.08
37.3758,105.29
30.9957,106.11
40.1434,102.30
42.4724,102.03
36.9141,98.83
50.7032,97.88
44.1717,105.42
35.0959,112.57
27.9383,108.47
41.5174,101.78
35.0145,112.86
28.2649,109.33
26.7658,110.39
42.4605,102.87
35.3701,110.45
33.2877,108.23
31.5628,110.08
41.8024,106.64
35.8150,114.17
39.0943,108.81
40.7634,105.23
31.6037,116.16
33.1311,109.69
37.9189,108.38
25.3597,112.79
27.1757,109.92
33.8563,111.45
26.3036,107.34
35.3482,106.36
34.4155,109.36
36.1676,103.95
28.1129,109.01
32.3318,109.62
24.2214,111.10
26.6395,116.30
41.3101,106.04
40.7616,102.27
39.9848,105.90
47.7383,103.75
44.1656,101.76
31.4778,106.48
36.4602,104.85
30.7467,109.17
29.5454,112.02
40.7550,108.00
30.1265,112.59
43.3772,102.81
34.1250,110.79
33.2410,114.70
29.0553,111.98
27.0442,107.19
26.1228,113.92
34.2630,101.31
39.6418,106.31
27.8939,113.43
31.2916,110.47
26.7209,109.31
38.7042,104.70
41.9354,99.61
35.9616,112.43
30.4583,107.46
31.1385,111.68
30.0977,109.22
29.5450,104.69
31.4436,111.18
31.0114,107.55
36.3373,110.43
31.4578,114.38
27.1351,111.10
29.8859,108.35
29.7740,111.67
33.2245,113.29
35.7039,109.60
34.1668,107.42
38.6140,106.17
29.8341,112.94
29.9997,110.66
32.3240,107.09
26.8124,114.09
28.8953,111.96
31.6665,108.01
38.4776,106.22
35.3866,99.31
41.4801,112.59
33.4128,112.03
31.9149,112.36
29.5851,111.73
36.5086,114.54
25.4806,115.22
27.5161,114.40
33.0648,111.32
32.0612,111.32
37.6097,104.46
32.3693,107.43
31.8894,113.42
36.1501,111.02
28.9874,111.21
30.6994,111.43
34.2432,106.81
27.1956,116.91
33.3161,104.86
26.1046,115.01
40.3975,101.09
45.2898,104.41
38.5287,100.73
32.8194,108.00
29.5337,116.70
31.6123,110.48
31.5844,114.40
32.6201,107.58
36.7787,106.29
34.9434,107.97
34.7699,107.55
32.1785,111.24
28.2897,116.34
32.4607,104.61
44.3418,102.90
25.4520,114.26
33.4881,109.86
30.4716,107.78
26.1970,112.29
29.7546,114.60
32.3456,108.29
28.4627,112.30
38.0685,108.02
28.5484,112.55
31.2629,108.50
29.6792,113.49
28.9753,111.26
24.6183,112.78
32.4673,112.29
25.3539,114.05
29.8379,108.30
33.4724,107.41
28.2297,113.28
29.9748,107.60
27.2660,117.97
23.3964,117.02
28.3562,112.22
23.8782,112.84
45.7108,103.10
34.4946,109.89
45.4656,107.31
34.6830,104.72
32.3060,102.33
27.5541,111.50
25.1691,112.38
18.4106,119.23
26.8778,114.71
31.0416,112.03
37.5691,112.94
38.1956,108.47
29.7756,115.91
31.2753,113.45
28.7149,113.13
24.3188,116.93
40.3930,112.68
32.3662,110.78
29.7425,105.64
28.6058,107.53
36.9173,101.75
35.8639,111.66
34.3916,108.22
38.4698,107.19
24.5401,112.75
37.4704,105.50
31.8006,111.08
28.6447,116.95
25.2501,111.95
31.3025,115.43
33.4480,110.04
27.5430,114.91
22.0800,115.38
27.2910,113.03
23.3101,113.54
24.4379,117.96
27.8437,114.62
28.9546,111.88
30.7011,112.50
24.4704,116.18
24.0359,116.32
22.4366,115.90
32.9154,106.75
27.0107,118.17
26.0434,118.12
28.7841,113.78
23.4592,108.63
22.8451,110.84
32.0745,109.51
28.2600,106.83
25.8362,116.29
29.6155,111.93
31.4453,113.32
26.1896,109.37
35.6686,113.18
26.6328,114.32
34.1597,110.65
31.4904,107.53
29.1244,108.96
26.6952,112.37
23.0764,115.93
32.0748,114.45
29.0449,112.19
25.7814,114.06
31.4457,107.88
30.8392,111.75
31.5418,107.80
28.3490,110.20
28.1064,114.97
40.0317,111.49
26.7545,120.79
25.3995,113.20
27.1479,112.02
25.6684,115.81
29.2384,108.36
27.6035,107.19
27.7404,109.22
32.4811,110.11
28.6437,118.06
37.5601,112.83
30.5706,117.28
21.3819,115.85
24.8997,115.66
27.2763,111.11
26.3573,113.16
27.2358,111.79
26.9730,107.11
21.6875,114.76
25.2195,112.46
26.9668,115.13
30.3095,114.85
20.8381,111.43
25.7801,113.03
28.6753,115.16
26.1716,117.35
22.3154,119.14
20.5705,116.88
20.6349,121.41
31.8569,114.97
28.3894,111.23
27.7124,116.59
27.0116,110.93
25.8812,114.13
22.5061,117.51
22.9184,114.83
23.3341,115.43
27.5647,113.01
29.1497,114.81
27.6177,114.46
29.3580,112.72
25.6612,110.92
31.7590,110.44
27.2780,111.76
23.7969,115.24
40.1767,112.81
26.7187,112.60
24.1435,111.54
22.0941,116.55
28.4391,106.59
25.8807,113.38
29.1581,113.02
27.9235,108.29
41.9536,104.56
35.5207,108.97
33.4965,106.74
28.0158,113.80
33.3087,113.46
29.7166,109.72
37.2565,112.48
28.0716,117.13
24.8323,113.34
30.9366,116.84
25.0621,120.02
29.3253,111.35
31.0133,112.92
29.0023,109.85
29.9153,117.84
21.4381,120.98
25.6798,114.04
35.1323,113.40
32.9822,108.32
25.7786,115.70
28.0927,111.84
25.5008,112.41
29.1754,116.96
26.4613,114.02
28.4422,112.89
17.9783,115.50
22.3184,116.42
28.8499,114.23
27.0326,117.65
32.0964,111.03
24.6825,110.80
32.6438,107.18
25.5938,115.10
24.3708,111.78
32.2314,108.25
26.7557,116.65
23.3945,116.79
26.6913,120.80
25.3362,116.99
23.0347,116.43
18.9913,119.44
20.9610,121.14
26.3952,111.42
27.2613,115.28
19.9297,119.76
24.3063,115.52
21.7191,118.59
23.9336,112.33
18.8752,121.91
17.4147,122.35
17.0624,123.11
21.2018,125.43
23.0183,123.10
27.7227,119.86
20.3631,120.64
28.1212,110.28
21.5331,118.41
24.8593,119.64
24.9973,114.92
26.3072,112.67
19.1839,115.43
25.0425,112.37
20.6009,123.93
23.7280,115.14
25.2551,112.96
34.7245,109.14
32.2201,109.09
29.0969,109.90
25.3609,114.62
27.6650,111.96
31.1095,113.16
25.5701,110.29
22.9095,116.00
37.5444,114.96
26.8734,115.13
34.6917,101.68
28.0636,114.32
27.9966,115.72
27.9899,109.33
26.4857,114.11
25.0615,115.94
25.0065,112.24
29.2562,111.03
31.1857,112.80
19.6889,121.16
28.3126,117.08
22.6146,118.97
21.7303,118.26
24.0428,112.48
23.4297,117.83
24.6726,115.50
23.5638,115.16
42.2057,105.33
30.8011,106.78
25.7257,116.71
26.7252,114.58
25.9674,117.93
24.6148,114.43
29.5260,112.76
21.8590,113.82
19.2605,117.08
23.5745,117.18
24.5677,114.02
20.7866,117.78
26.0388,112.82
24.5489,119.85
25.0397,121.07
24.7897,113.39
25.2105,118.30
28.4106,121.00
23.2865,116.03
23.5901,117.59
24.2152,118.15
23.9205,116.59
25.3867,119.82
22.3101,122.97
23.7176,115.66
25.6019,118.59
27.1961,116.02
23.4987,116.16
24.4879,115.70
27.3901,111.71
23.7531,116.99
21.2242,117.57
21.0307,116.50
24.7144,125.61
23.2698,113.08
27.1615,110.96
31.0508,114.51
27.7530,106.24
24.4985,117.86
28.9033,114.45
27.0312,117.37
22.8373,114.33
34.2065,115.49
23.8589,120.71
25.3146,116.74
25.8368,124.99
25.2252,116.98
23.7885,121.95
27.3489,116.44
28.4914,115.72
30.3833,113.25
25.3072,120.81
28.2552,117.79
26.0519,115.18
28.9935,114.19
26.5422,113.78
27.8481,116.43
25.3482,115.97
24.5369,121.38
21.9247,118.10
24.0531,117.71
38.4210,109.91
28.0753,114.42
25.5982,115.93
24.6200,118.40
23.1516,122.69
25.2171,117.81
20.8047,117.03
21.6803,119.84
22.7088,121.25
25.4580,115.06
24.8200,115.80
26.3396,111.80
32.1905,107.53
29.2644,112.06
23.8159,113.92
36.6548,105.90
31.9027,107.36
22.9508,109.69
25.1254,116.12
25.8884,114.00
27.4295,117.34
26.8675,117.85
21.7024,127.95
26.1302,122.92
21.5618,119.30
27.0785,116.69
23.6842,113.35
23.0436,113.25
25.4551,121.17
28.9712,115.77
23.3908,116.32
22.9623,120.19
27.0314,111.17
27.4755,114.44
30.7346,117.34
23.9334,119.65
25.3886,120.33
27.6125,111.40
23.6386,114.85
23.8392,117.28
31.9127,111.38
20.1012,117.31
18.0584,116.82
27.0368,112.33
24.8922,117.56
23.0151,117.84
21.0640,115.64
25.2286,115.51
31.8297,113.41
29.5067,112.42
28.7666,119.00
30.3909,115.96
22.9387,120.08
24.9262,118.00
28.3034,124.01
19.0651,120.11
24.0121,118.04
24.1200,116.59
23.0036,117.23
28.1001,117.00
23.1042,122.87
25.9889,118.22
23.1677,120.74
27.8839,112.58
26.1524,119.64
29.3922,117.06
24.0138,115.37
27.0581,110.91
26.7312,117.61
27.8892,117.27
26.8454,116.88
20.9628,123.13
19.8969,121.81
19.7097,121.14
16.7607,120.86
24.2266,118.84
22.5323,113.80
30.6379,113.67
26.3304,116.62
20.3787,122.10
19.1794,125.93
18.8055,119.95
21.9497,112.49
21.3262,117.93
19.6028,122.73
32.8438,110.79
19.7089,112.46
22.6768,118.32
21.1141,114.67
28.5593,114.68
25.3677,114.83
28.6561,108.11
28.6515,116.59
25.2918,114.92
20.0653,120.74
22.3286,122.09
26.1857,115.74
23.8523,120.25
22.2438,123.87
29.6396,119.30
22.6900,118.59
33.0215,115.19
19.3851,119.70
29.0472,118.11
17.7045,118.75
26.1152,119.49
23.2439,114.97
19.3380,118.17
23.2859,112.33
18.1331,119.16
17.7937,117.50
22.0244,115.33
21.5696,120.64
16.3710,116.04
24.3243,113.64
24.1962,115.00
28.2188,112.28
31.6792,118.47
21.0830,120.34
21.9616,114.39
20.6901,122.24
19.6572,112.23
25.6298,115.80
22.8842,111.43
21.4411,107.29
23.1702,118.72
26.2233,116.42
24.4970,112.25
28.7374,115.96
27.7516,116.05
25.4065,117.91
23.0039,124.08
27.8751,118.15
20.3211,121.02
22.0352,114.00
22.6165,118.95
23.2158,116.78
24.5522,116.69
23.1244,118.23
24.6022,113.29
20.8692,122.62
19.7146,120.68
26.5207,112.48
31.7937,104.22
23.5079,113.08
21.9860,116.68
27.1236,119.29
21.7915,117.60
29.4425,110.45
32.5527,115.16
21.4974,117.17
22.1808,118.86
26.0918,115.57
32.8940,110.56
16.2614,116.40
22.1748,111.86
19.3341,118.96
24.6614,123.10
28.7640,113.66
20.9244,116.39
22.1513,114.61
26.7211,114.80
23.6131,122.99
28.7568,116.38
27.5089,117.18
24.1843,120.70
26.5149,121.98
20.6258,115.19
26.0649,121.13
19.4587,122.70
27.4819,115.20
21.0269,113.34
24.5878,114.90
22.6504,115.84
24.6750,116.65
32.0991,113.36
31.9443,112.25
28.3493,111.46
22.4819,116.80
30.8442,115.86
20.9568,118.37
21.1153,121.36
29.1062,117.69
19.0715,126.30
21.0019,118.75
27.9055,113.46
24.1377,116.74
22.0717,113.64
24.0247,108.14
25.7877,113.93
28.3515,119.95
24.7840,117.74
32.3025,109.71
21.8415,114.84
22.6393,117.71
25.6956,116.43
21.8911,112.16
25.5697,111.23
19.8376,117.79
17.7750,115.45
19.7672,112.13
20.9358,120.61
19.5261,117.74
22.6704,121.69
23.0368,114.81
15.5285,120.76
21.3074,119.18
20.2474,122.43
22.6882,119.05
21.3564,115.99
25.2035,107.27
35.8835,111.77
25.8765,116.11
23.9036,121.43
30.0109,119.92
20.4284,120.78
25.7646,113.70
25.4468,117.14
22.9853,119.98
24.2375,118.53
19.6607,126.56
20.5704,117.45
22.9273,119.07
27.3770,120.94
22.7255,118.50
21.9982,121.37
17.3569,121.89
28.1702,113.26
21.9633,121.49
26.3529,119.07
25.2293,119.37
20.2175,120.27
27.7819,119.40
22.4081,122.24
26.8443,117.62
23.7939,120.17
24.4316,112.71
27.7797,117.39
23.5630,118.98
21.3506,116.61
22.1512,122.02
18.5089,123.87
19.5588,120.25
22.2509,118.19
33.1218,119.65
26.1111,119.06
19.6036,121.11
28.6986,115.60
24.0082,115.99
26.9175,121.02
21.0331,121.11
25.5690,121.23
29.6203,115.44
20.9518,114.78
22.9166,113.84
21.4261,116.00
22.2085,117.52
27.2595,112.72
24.5548,119.38
21.8701,118.54
27.4644,123.96
20.6176,115.54
21.2397,114.30
20.8833,114.72
24.0609,120.40
21.5177,122.32
19.5320,119.15
22.6287,115.29
20.8734,120.65
25.6724,109.60
23.3416,113.82
27.4918,120.08
22.2892,115.06
24.8173,116.08
24.3984,114.21
30.9559,115.84
23.5639,120.29
33.3768,116.00
19.6573,125.93
18.5067,123.98
18.5843,126.16
20.9049,125.22
22.3636,121.76
23.6891,114.76
23.9880,112.72
26.4570,113.07
21.3858,115.38
23.8606,116.29
17.5714,118.54
19.6139,118.05
25.5879,117.40
28.4519,111.78
25.4128,115.95
19.5536,118.45
18.4719,119.30
25.5700,117.03
18.8683,119.03
27.0995,120.18
19.8745,118.62
23.5328,122.88
27.5326,113.71
29.4619,112.51
29.1433,113.17
40.3376,113.01
23.2688,116.83
23.7610,115.84
20.5330,113.83
21.3540,123.86
27.2038,114.04
32.8710,119.24
24.4228,110.61
24.2840,123.52
26.5519,119.09
21.9087,113.89
27.5924,113.66
26.8511,125.37
28.2185,114.44
25.9685,118.02
27.2324,122.86
24.1265,114.59
28.9525,113.55
21.1861,124.27
24.9921,118.16
31.6154,113.48
24.8282,115.63
27.0670,115.98
25.6136,116.30
22.3225,117.06
24.3393,118.42
22.9303,116.98
22.8480,118.80
24.4735,114.28
18.8723,118.92
23.3131,116.09
20.4113,115.10
17.9910,120.26
23.6169,122.09
21.0331,120.57
27.1197,117.62
24.6930,119.87
23.7611,118.01
25.3019,120.59
23.8440,118.28
22.9911,116.55
21.7152,120.98
23.2313,115.62
20.3798,124.98
29.2539,110.11
23.6593,111.48
22.4215,120.15
20.2047,118.41
21.4362,116.48
20.1012,115.37
19.7549,120.32
17.0422,126.09
23.5751,115.42
22.5157,120.88
21.6691,121.82
21.2316,120.22
18.9302,118.50
21.7206,123.92
27.3437,122.72
21.8711,120.27
28.0062,111.68
25.3837,112.41
23.0024,112.19
26.2521,111.88
22.7689,117.43
27.3928,113.24
23.4572,115.56
24.3538,117.51
21.8363,116.99
23.2642,117.66
28.7859,118.74
17.7063,122.25
20.7177,122.32
32.4509,116.29
24.5160,122.46
23.6980,124.41
19.1649,123.79
16.5452,122.57
26.9556,120.63
20.4736,120.01
21.0807,118.76
23.3804,115.96
23.3145,119.92
25.1061,111.73
25.8748,118.88
20.9414,115.44
24.6528,113.57
17.7565,123.49
17.8605,119.46
22.0692,120.18
24.0330,120.54
19.8642,123.35
24.2829,110.44
27.7190,112.36
19.1449,116.62
21.5291,119.65
18.1912,116.88
20.9402,119.05
24.2208,116.62
27.5277,116.50
19.2987,118.94
23.7606,114.52
33.2637,108.14
25.1390,114.79
26.6466,115.50
24.7921,124.93
20.5385,120.60
24.3028,121.68
40.2780,117.08
22.2091,118.99
24.2325,114.96
24.5008,112.15
25.1062,115.25
30.4678,114.87
26.8897,114.23
28.9806,110.13
22.0547,117.16
31.9982,117.54
24.5758,122.47
22.9005,118.74
25.8692,116.19
26.2466,121.14
25.5401,118.18
20.1777,119.91
22.8790,116.45
20.3871,120.52
20.6538,114.79
23.6207,112.30
27.7370,117.91
24.0796,115.02
19.2827,115.49
23.5883,114.41
22.6482,118.22
20.3845,118.33
18.3492,121.46
21.7952,116.65
21.3053,116.28
21.7696,117.68
24.7395,116.52
21.9475,119.56
27.5085,114.42
17.5823,120.52
19.5558,119.22
20.2803,117.48
21.3564,117.43
20.4906,122.81
20.2150,124.60
27.5597,114.29
23.7688,117.47
22.1524,123.03
27.4899,119.37
20.4088,122.43
18.5754,116.99
21.2741,121.21
18.0703,119.15
25.0535,111.22
26.3381,114.03
38.6930,104.14
33.9362,110.42
25.3457,114.15
29.2108,111.73
26.2389,112.60
22.3410,119.77
26.8794,110.48
27.2262,116.32
28.1144,113.48
22.8962,115.65
20.9855,112.03
20.4303,121.47
30.8956,115.95
21.1551,118.76
24.9405,113.73
22.5986,121.70
26.1088,118.91
22.5363,113.74
27.8292,112.75
19.5656,117.75
17.7160,116.12
24.2223,122.86
25.4017,114.65
19.7737,120.11
22.8756,114.39
18.8424,114.08
18.9509,116.77
19.6916,116.34
21.0610,120.03
19.9740,117.52
19.6667,123.06
18.3135,119.10
19.5799,115.59
21.6626,118.48
25.4327,114.54
21.1907,115.59
22.8522,111.75
21.6298,116.30
22.1616,113.98
28.4929,113.38
24.1362,117.22
20.4868,112.93
25.0757,115.09
22.4364,113.58
23.9647,110.63
25.2857,116.45
17.5182,117.40
22.3385,116.04
21.1578,118.43
22.2527,116.63
24.5463,119.68
22.9975,118.27
26.8884,112.27
30.4797,113.57
20.3232,115.10
20.5510,115.20
22.0502,117.94
24.1944,117.82
28.6120,113.10
20.3462,113.96
19.2951,117.87
28.7712,113.53
14.7610,122.38
19.6166,120.87
17.2432,120.42
20.6643,117.32
24.6303,112.40
22.0690,115.09
21.1213,119.81
21.1889,114.71
26.7602,118.53
21.1083,116.60
24.1946,115.13
20.0054,122.66
20.7606,116.30
27.5830,118.06
24.4195,112.80
23.4301,120.74
20.6835,123.74
26.9659,119.77
23.3710,120.65
22.4653,124.18
25.3710,119.90
20.4867,116.65
23.6860,119.78
28.5141,117.10
20.6496,115.64
20.8001,117.53
25.6999,114.30
22.6308,121.70
24.0803,116.92
27.6640,114.96
21.5925,120.03
21.2337,119.94
21.4971,119.03
24.1374,117.72
25.0853,115.93
26.0249,115.43
29.4807,114.71
28.7435,108.70
35.3240,111.70
24.3887,113.08
23.6383,120.03
20.4640,121.97
21.1083,118.32
16.9730,120.16
22.5610,112.53
23.5394,117.76
26.4317,114.75
25.2203,119.98
24.1105,117.05
26.4862,115.54
31.2144,114.91
23.8668,111.47
27.6897,116.79
22.9188,119.92
19.5533,119.81
17.2923,117.86
17.9953,116.78
19.3867,115.83
21.6131,116.80
20.3242,118.48
20.2680,117.33
29.1061,122.05
25.8121,120.22
26.5616,118.08
27.3718,113.93
30.8780,108.92
26.1206,112.44
32.4648,113.10
26.1967,114.07
27.2619,120.14
21.7148,119.95
22.5898,117.60
20.9962,118.91
26.3354,112.78
24.7991,110.78
22.9931,112.83
20.7081,116.93
19.9545,116.78
19.0460,119.47
20.0484,121.19
24.0499,117.51
23.4564,121.35
22.4666,118.99
20.6876,120.50
19.1041,120.24
26.2739,114.42
24.9104,114.71
27.7255,116.40
24.4314,119.11
20.9355,120.13
21.0483,122.54
17.5634,121.60
21.5088,119.37
21.2569,119.00
17.2001,116.52
20.7472,117.85
18.9488,115.74
18.9804,116.61
27.9871,116.60
25.5034,115.96
19.4270,114.65
20.9563,116.61
21.5366,118.54
31.8056,121.35
20.1023,117.65
20.3350,118.66
19.8037,116.48
18.5871,114.23
22.5213,118.06
18.8486,115.45
24.2213,113.72
21.1894,112.37
21.9040,111.82
20.6026,117.16
22.8429,120.32
19.5708,118.90
20.0348,121.32
16.0854,121.11
25.3346,122.79
18.9633,122.95
19.6644,122.05
23.2489,120.50
21.1039,120.67
20.3113,116.43
22.7946,120.18
30.5127,121.15
22.2742,116.93
27.9818,113.65
28.4591,116.40
24.8710,120.48
38.1112,114.16
26.0696,124.08
23.0626,116.17
29.3171,116.30
21.4430,119.79
22.8882,117.11
15.7426,119.58
24.8548,115.60
18.7945,121.99
19.0099,118.46
23.4796,115.44
20.3072,119.87
18.2958,122.05
32.4043,118.13
23.9550,118.36
22.7306,117.33
25.7427,116.62
23.2256,118.70
21.7850,115.07
24.3918,112.45
23.9492,114.27
21.5842,122.09
17.8520,123.40
28.1569,115.92
31.4307,114.51
30.2654,110.45
22.9089,115.27
24.5569,114.09
20.6249,119.37
22.7358,115.91
33.8809,115.27
22.7555,122.61
22.4571,121.05
23.0271,115.75
23.4746,117.80
21.8869,119.99
24.8437,124.11
23.5961,121.87
19.5344,118.06
28.6129,117.44
25.8802,122.17
29.9534,118.83
21.0806,114.67
19.4822,119.03
20.2112,115.87
20.8841,117.17
20.6136,115.37
23.0600,113.42
22.9864,108.65
22.5253,113.29
20.5176,115.25
22.1507,116.30
19.5274,118.38
24.7258,114.71
22.1410,122.55
18.1399,124.12
17.5839,120.93
19.3607,124.12
15.9859,119.71
24.5202,116.28
20.7814,115.19
18.4207,121.94
22.0505,114.45
20.5852,121.94
23.1593,115.66
21.0661,117.69
17.1917,127.02
16.6154,124.53
22.6640,116.11
20.3809,115.77
19.9597,116.49
27.9031,114.16
20.8945,115.45
20.7674,112.58
24.2286,108.63
29.0806,118.66
24.6609,118.21
23.9902,117.96
24.0907,114.86
21.0544,111.02
22.7370,115.19
19.6518,117.43
23.4519,114.87
20.0485,120.36
29.9936,118.23
21.4953,120.56
20.7367,120.32
18.6679,122.72
16.0513,121.95
20.7871,119.10
17.6792,120.60
18.0796,123.71
25.0261,114.81
19.5041,120.51
18.5877,117.37
22.0819,112.66
17.0760,119.31
18.0338,118.67
23.2417,120.16
22.0979,118.10
21.7784,112.77
24.3759,113.85
24.5583,114.78
22.3799,117.48
22.5840,118.95
24.3032,117.43
21.2561,116.89
21.7371,116.40
27.7527,115.54
23.2778,114.54
27.6850,114.40
27.5215,119.52
30.6470,110.40
27.7550,112.97
23.5976,119.81
20.7160,117.27
22.8612,117.04
23.4628,113.83
25.3036,116.79
18.4924,121.27
24.1269,116.70
23.5936,115.29
21.7605,117.94
23.8828,108.06
24.1992,116.68
25.1445,113.75
21.1086,115.58
25.2625,117.04
19.8278,118.15
25.2626,106.48
25.3341,109.68
20.8581,118.01
22.6439,118.54
19.4944,120.53
18.4637,119.28
36.5314,113.90
21.9443,118.44
22.6208,120.37
36.2022,112.12
20.8429,118.06
26.8577,121.17
24.8747,122.58
25.7388,119.33
20.9634,117.28
20.8219,118.79
24.8872,116.50
24.1604,122.72
21.5726,124.22
21.0780,118.94
28.9038,117.65
20.2349,119.37
25.2397,114.19
21.7487,118.85
16.4353,122.12
17.8138,118.28
21.0205,123.22
20.6932,121.21
22.4254,117.28
24.7009,115.00
26.3116,106.45
30.3502,115.72
23.7426,116.55
25.5721,114.79
22.8844,112.92
17.4582,113.68
26.6733,117.12
20.1612,117.23
20.8626,119.73
21.6991,116.28
27.2949,114.10
20.1564,118.63
32.2335,112.90
24.6572,111.65
23.5293,115.28
29.8816,115.99
23.3793,115.24
21.5034,123.04
17.9850,122.44
18.1319,119.35
17.8778,118.90
17.8277,117.45
21.3822,119.08
18.8851,120.05
18.8572,117.78
23.8509,118.41
18.4484,121.62
22.5064,120.50
19.0886,119.60
20.0965,116.80
23.3514,117.34
22.7438,118.15
21.7098,116.68
22.5108,115.18
18.4882,118.68
32.6520,117.89
19.4725,118.14
20.6017,119.77
24.7663,116.64
21.1169,112.52
17.2756,120.12
23.1308,117.94
18.7831,113.89
20.5517,118.41
24.0832,110.99
26.0149,110.61
31.9890,108.82
24.2884,112.07
26.0355,108.19
22.8038,119.18
23.8468,122.11
23.5053,121.67
19.6433,116.41
24.4909,113.15
22.0878,115.34
29.4996,116.55
21.5737,118.07
24.7885,116.26
30.9269,115.07
26.3543,111.72
26.2878,114.00
25.1970,110.53
24.4629,115.16
25.5422,117.12
27.4859,112.22
32.6028,108.08
24.5380,116.40
22.6700,120.61
23.0045,112.53
28.6606,108.67
26.8001,115.84
26.7060,119.29
24.9147,119.18
19.3461,125.97
26.8820,117.90
20.3875,119.81
18.1099,122.35
17.0933,125.51
16.1015,120.24
25.1749,119.01
21.4531,117.18
21.2320,120.93
18.9461,115.69
16.6481,115.66
18.0971,116.06
27.6499,115.58
18.2568,118.69
22.0375,115.59
20.4992,115.01
20.7868,118.48
20.9443,119.05
21.7776,118.32
28.6313,111.56
22.9971,112.44
24.2803,118.43
27.8602,119.08
18.9923,120.00
23.1656,119.58
27.7656,112.51
26.0492,112.23
22.2987,118.64
25.0162,116.58
21.6202,119.10
23.6498,118.01
22.7387,116.03
24.2782,115.51
22.4065,114.64
26.7312,111.87
22.2062,111.95
25.1350,114.15
25.0841,113.08
22.0081,114.69
21.7853,115.90
22.9206,117.96
23.2897,111.80
19.2922,114.73
23.4238,111.19
23.2027,108.75
19.7168,114.01
21.5785,115.67
22.4112,113.01
23.2530,116.56
27.1435,110.31
22.1529,116.06
24.0137,115.97
26.2651,109.39
24.2975,114.46
25.1983,114.71
29.2136,113.90
25.1113,114.13
22.2351,114.75
20.3858,118.91
24.1291,115.52
28.8925,113.91
26.5149,116.28
29.7823,114.58
22.5213,117.96
26.9668,113.44
29.8303,107.05
25.5052,116.04
25.7002,114.02
25.9923,113.67
20.6592,116.41
22.3448,118.65
21.6716,115.46
25.5409,118.57
21.3854,113.66
27.9295,114.02
25.7330,118.18
20.4877,116.88
21.1868,117.03
27.6752,115.75
22.5231,115.39
26.1012,113.22
24.9072,118.74
23.1041,116.07
20.4687,118.98
18.8875,117.38
19.1330,119.04
20.3251,116.39
21.6079,119.35
16.0205,124.60
20.1738,117.74
23.3338,120.93
22.8467,116.19
21.8467,115.59
18.7684,119.37
23.6089,121.45
23.0555,115.93
23.2402,115.51
28.3246,117.75
23.1455,117.16
21.4112,117.55
22.7033,117.04
24.6403,115.21
20.9678,112.12
23.9779,115.68
23.6992,116.35
20.6953,115.99
25.6323,113.36
23.6918,112.54
28.3291,114.93
25.5757,112.77
21.1700,115.60
21.5860,117.81
25.3773,111.28
29.3336,110.28
31.3547,106.68
27.4087,112.00
25.5560,113.58
21.9954,112.01
22.1379,114.97
19.0071,118.56
23.3198,112.61
25.4657,113.01
29.9483,111.50
29.9824,112.04
25.5540,110.97
25.8430,113.80
22.9547,115.15
18.3257,115.73
19.7270,116.21
19.1750,117.57
20.9128,114.34
21.1395,116.08
22.0328,113.84
21.5700,116.43
28.0649,114.01
25.1769,115.47
21.3876,110.99
24.9250,112.89
25.9012,108.87
25.0224,111.88
26.0428,116.14
20.3139,114.08
24.6659,116.93
23.4886,111.02
29.2463,108.77
26.4148,119.57
25.0447,113.08
23.7111,114.12
21.6267,113.34
24.3522,114.73
32.5460,109.11
27.4517,118.12
27.9210,113.84
27.1796,116.83
27.3037,109.93
28.0413,110.62
22.3855,112.53
19.3121,115.86
25.5522,115.37
29.7926,112.98
23.4648,122.22
26.0935,112.23
26.4089,109.08
22.3227,112.54
21.7362,108.82
18.3796,114.36
21.3914,113.02
24.5398,108.97
23.8561,110.72
23.6551,108.00
19.9255,110.71
28.9574,110.08
25.9083,111.95
21.5987,112.20
22.5614,114.42
19.6070,118.23
22.8524,115.43
27.3081,109.22
23.9869,112.10
19.5026,112.30
19.2478,114.72
20.2922,118.23
22.2340,117.03
21.5916,112.37
26.8598,110.00
26.6121,111.11
21.6124,115.49
26.1597,115.76
24.9821,110.88
28.0083,111.68
25.7484,114.50
24.0509,111.99
24.7673,112.34
33.1296,114.26
25.2680,113.94
29.1029,111.04
23.8193,118.33
26.1573,116.46
27.3389,113.12
21.3346,122.10
25.8328,112.10
27.0248,111.92
29.7646,112.39
30.7994,116.24
24.8802,113.26
24.2279,113.62
20.3008,114.13
23.2381,111.34
23.2276,112.19
26.4383,111.28
21.8219,115.94
28.7194,107.38
24.9176,115.98
21.1378,119.70
21.6617,114.39
29.0958,111.78
20.9139,117.01
24.0081,117.38
23.2672,115.07
26.3167,112.20
26.8279,117.92
25.9188,113.21
22.6326,118.08
23.3845,114.76
27.6300,107.01
21.2594,115.81
23.6306,115.97
26.6939,111.46
26.2012,115.95
22.2622,115.13
21.1384,120.29
24.5609,110.91
17.5490,117.62
25.2637,113.29
25.7743,110.62
26.2078,110.47
28.1443,109.66
26.5164,117.13
23.9002,117.08
21.9324,119.65
18.9394,117.79
19.5452,119.11
18.9764,117.63
16.3654,118.07
21.3115,117.91
22.7720,114.33
20.3335,119.04
16.7653,117.70
21.9159,118.72
21.1863,114.81
22.3325,115.55
20.9766,111.80
24.7206,109.87
21.6364,116.67
18.2172,119.54
20.4233,116.25
24.7921,116.47
22.0850,120.34
22.9945,124.16
22.4682,121.46
24.2944,118.94
33.9985,117.89
26.9125,116.91
26.0598,110.51
26.6094,113.63
24.2112,116.11
19.1246,117.25
23.1119,114.49
16.8777,122.24
20.5585,116.95
18.4408,119.96
21.8355,114.43
20.5412,115.12
23.0845,121.90
24.3775,118.74
21.8377,118.16
22.1289,120.48
21.6471,115.89
20.6723,121.26
30.8266,111.79
23.7475,114.86
22.5814,113.62
20.6027,115.91
21.1747,118.93
23.2273,116.91
23.5782,117.34
20.8605,117.79
20.7630,115.30
24.4403,112.31
24.1866,113.89
21.5204,120.21
20.8673,115.80
24.9698,120.14
19.0434,119.51
17.6370,119.13
16.6126,121.88
18.8420,125.27
17.9237,120.18
19.5283,113.51
19.6088,112.71
21.3385,120.11
21.2486,118.21
24.9129,120.70
20.4761,118.73
22.6278,116.39
25.2356,117.04
32.7076,112.92
24.5206,114.61
26.9122,119.21
32.4218,113.79
26.9429,114.60
21.1576,113.97
27.2738,111.32
21.6854,118.51
20.0658,116.95
17.4564,118.80
22.1318,120.32
19.9959,116.81
24.7266,111.47
19.8792,123.14
19.7524,112.97
17.6208,119.91
17.8146,117.54
18.4751,120.06
25.4984,119.79
19.6471,115.83
20.3009,116.61
31.2701,116.51
20.1943,118.23
20.9557,118.80
27.4514,113.85
19.5426,111.15
23.5032,116.04
18.7346,115.52
21.0108,118.22
21.1710,118.17
24.8562,117.41
24.3208,118.70
22.3250,113.01
22.4139,113.79
21.3834,116.22
20.9882,112.10
19.0162,120.85
21.9210,121.27
17.4338,121.69
16.4148,122.21
16.4223,119.38
21.2816,119.38
20.2336,121.32
19.6120,120.96
19.1088,125.81
20.3320,116.25
34.0805,112.90
24.0633,119.65
25.0538,113.24
20.6649,119.27
20.4261,122.51
18.1612,115.25
16.5550,116.14
16.8307,117.38
21.5709,116.59
32.8006,110.31
22.0668,115.06
22.1144,110.56
26.7314,109.30
22.5188,114.84
20.1658,115.12
29.7968,112.18
23.1930,114.63
21.0531,116.36
22.6598,114.64
26.3312,119.13
20.1986,117.65
21.7098,121.28
20.8931,126.09
24.2818,122.47
22.5703,117.36
24.9013,119.21
26.3674,114.15
28.3583,110.56
22.5109,116.64
25.4088,117.63
19.5499,117.35
20.2878,119.42
21.6491,118.01
22.6372,117.17
21.2839,116.79
19.3175,119.06
21.1252,116.25
20.6077,117.17
28.6204,114.94
20.9293,120.18
20.5685,118.29
20.0848,116.71
18.8338,123.31
18.3317,119.70
18.3740,119.02
18.6009,113.82
24.2351,114.02
18.0943,115.95
35.1223,115.35
22.9011,115.44
17.9004,120.60
20.5203,118.65
20.7988,123.65
18.9860,118.86
24.4652,116.11
23.4980,117.88
23.0692,108.68
26.3114,109.11
24.3346,112.82
22.2638,115.62
18.5870,123.66
20.4437,117.53
22.8135,120.25
20.7014,120.17
19.5240,117.25
19.4056,119.46
17.6234,122.44
23.6654,123.49
21.3162,118.44
23.2032,120.47
25.0150,117.74
21.5478,121.66
26.3401,120.46
21.5995,116.08
21.5260,118.78
24.3558,116.18
20.0607,116.48
20.5908,118.14
20.4324,118.33
18.7864,121.30
16.8772,122.31
18.6004,111.11
22.5540,111.72
23.2559,117.94
22.6532,114.56
23.3830,116.47
21.0484,118.86
22.6961,115.22
26.0730,117.43
17.9287,118.95
23.9257,117.46
22.9725,117.25
18.4494,117.42
22.8028,118.36
21.9629,118.02
23.6453,116.52
22.5774,120.23
26.6491,119.20
25.9095,111.29
18.6072,117.56
23.4137,116.19
17.5647,116.77
16.0712,118.74
24.4809,114.81
17.9372,115.51
18.6626,116.45
20.7674,111.25
23.6037,110.05
20.9884,113.33
21.4353,115.41
21.2988,119.77
19.1071,119.92
18.5167,119.23
24.2908,116.99
23.3856,115.34
23.1267,114.93
22.1552,112.74
24.3896,114.78
24.0947,115.73
21.6940,112.28
24.8886,112.09
20.3866,115.43
22.4602,116.53
21.4927,116.94
21.2944,115.56
21.1518,112.87
21.8780,110.31
19.6493,112.59
18.7124,115.39
20.8944,116.63
21.0292,116.41
22.6208,116.26
19.0323,116.26
19.4318,116.72
26.6365,113.09
28.0094,106.28
38.6077,112.32
23.1472,112.27
26.5300,118.56
19.9917,121.62
17.6892,120.55
19.7639,119.02
21.6947,116.22
26.5050,114.80
23.5455,116.39
32.6652,104.16
24.7689,112.52
29.3640,109.61
26.6753,113.00
27.3022,106.45
20.2586,110.62
20.3559,113.35
18.7367,114.52
20.7127,110.77
24.1826,109.64
19.5312,117.10
20.0864,114.91
23.5281,114.12
18.0750,113.96
17.6850,117.28
23.0804,112.81
25.4242,110.14
21.9318,111.03
25.9739,108.94
24.2834,108.93
21.2117,114.07
24.3646,110.42
21.6206,114.74
26.6620,110.03
28.4422,110.56
25.7163,112.12
27.5853,108.96
30.1671,111.02
24.0354,117.00
23.9638,118.39
23.0290,118.57
21.0924,118.29
21.8120,118.31
21.7397,120.06
22.4674,111.91
26.8434,116.89
28.6278,111.38
21.2901,113.98
25.8792,111.57
28.0816,112.50
25.0142,110.07
21.9363,114.13
18.2635,117.63
19.3049,120.56
17.8863,118.41
20.1051,118.26
23.0898,114.22
21.0758,118.42
20.0207,115.62
19.5748,122.41
19.1694,120.88
17.1381,119.32
22.6474,118.85
23.4462,115.77
23.0043,120.35
19.8029,115.99
28.9019,109.83
24.0612,115.14
26.2003,112.14
28.1148,109.86
23.7872,111.95
20.2170,118.47
18.7315,119.69
19.3586,116.71
21.2349,118.65
23.7502,112.46
21.9436,115.77
21.9837,111.80
21.4788,112.95
25.8038,114.50
23.2655,116.85
19.2590,115.86
19.7880,113.91
20.7718,116.19
21.0073,115.68
21.8348,108.98
25.3693,119.09
21.9698,115.94
20.1930,113.24
21.2912,112.64
20.9890,116.57
18.1750,114.71
19.2854,109.62
18.6556,111.41
25.1034,110.79
25.5567,114.77
21.2630,114.89
17.5825,113.56
20.4770,114.43
22.2985,111.65
18.7197,116.11
19.7165,117.75
22.8240,109.38
24.5255,109.93
26.1470,107.28
22.3632,113.61
22.6499,117.75
19.1342,112.06
26.6623,113.31
22.8405,113.98
22.0990,120.96
24.5683,119.43
25.1065,117.87
22.7258,116.52
26.2079,116.03
22.0547,117.73
22.8290,116.01
21.6889,116.31
20.0469,121.08
21.4264,117.92
23.3294,113.08
19.4809,116.20
19.4249,113.58
18.3588,115.34
19.6830,113.84
21.9794,113.21
20.4903,110.73
22.9061,110.22
24.4934,111.62
25.6195,109.32
22.6863,111.92
20.4106,112.10
21.8039,109.38
23.0722,116.63
23.2406,118.66
25.8632,115.42
24.7756,111.64
23.9023,113.43
24.2781,111.53
25.0244,111.81
23.4633,113.64
21.3774,113.75
19.5998,114.44
23.6381,114.80
19.7409,114.65
20.5767,113.31
22.1523,114.89
22.1008,113.22
20.6009,117.96
16.0868,121.68
19.1402,119.16
19.9751,118.68
25.0022,111.73
22.8825,115.72
21.5240,112.04
23.1015,110.30
17.7922,111.06
18.5277,113.91
26.5737,110.06
25.1528,110.89
24.4924,113.30
28.3750,109.70
29.1869,110.34
19.1265,116.41
22.1712,115.51
18.4410,116.90
17.0832,113.90
17.7641,113.04
17.7354,120.51
22.0548,114.70
21.2167,115.61
23.2690,113.91
23.3114,115.22
20.3551,121.38
20.5449,118.92
25.5034,121.72
19.8815,120.25
21.4257,118.96
20.3392,119.59
19.7604,118.90
18.9463,118.69
21.1998,116.95
21.2337,113.71
20.8418,114.99
27.7194,108.73
25.4788,112.45
25.7314,109.83
21.4413,117.81
20.0447,111.75
16.3577,117.51
17.6170,117.71
19.1918,116.20
20.1250,113.62
25.7675,115.65
20.7112,118.57
18.5126,116.89
26.7167,109.45
24.9233,114.87
18.4012,119.20
20.8277,115.01
25.9279,115.32
22.4796,121.35
24.3472,117.26
23.8280,119.82
19.3589,116.55
20.2287,119.32
22.7943,121.07
21.9976,117.16
30.3614,112.94
20.8029,115.03
23.3543,112.88
30.0842,109.38
29.9017,111.19
28.7132,115.56
26.7437,121.58
24.8517,117.03
24.3695,107.89
25.7575,111.34
22.4852,117.61
23.9273,115.92
17.2007,117.17
24.5677,110.22
24.4180,111.33
29.4942,107.77
34.8565,106.76
28.9050,112.64
25.0054,108.48
26.4846,108.64
21.2436,117.80
23.7306,111.64
24.1857,114.60
27.8522,107.08
23.0323,115.35
19.2409,115.16
19.3445,113.64
24.7757,109.86
18.3427,114.93
21.1755,113.49
25.4906,109.02
28.5402,113.73
25.5356,122.92
21.3300,118.62
20.7540,118.30
26.5979,116.80
26.2483,115.44
23.7149,109.20
24.1458,110.30
23.4121,109.74
25.4595,113.71
24.3786,109.60
30.3337,111.23
25.1870,110.50
22.5508,113.60
21.5968,114.71
29.1975,114.20
23.3965,112.35
26.7229,116.77
23.6529,113.55
23.2667,118.00
21.1640,116.80
20.0662,113.23
23.7317,113.57
31.5382,105.49
28.3835,111.80
23.0926,106.00
22.3386,109.00
20.8289,109.67
22.1120,115.66
22.0191,112.33
23.0339,116.16
20.6880,120.64
21.6004,110.94
22.8068,112.31
30.9826,114.61
27.4244,108.99
23.2231,114.39
27.2195,114.66
25.1450,111.15
23.8239,111.65
22.6814,113.79
25.3781,113.35
28.0422,110.72
29.8184,110.74
30.4582,109.68
32.8544,108.58
25.8077,114.97
28.8966,110.92
26.9300,113.19
27.5574,117.68
22.1265,116.22
24.7874,117.50
25.2794,112.17
28.4377,113.57
23.5613,111.32
24.5395,112.61
19.1719,116.88
22.7829,110.99
22.3126,115.43
23.5120,113.72
23.9023,113.01
20.9436,114.72
23.3925,115.12
26.2478,112.96
23.6131,113.18
27.9272,110.34
24.6494,106.95
19.6093,114.51
19.4098,115.96
21.1832,115.97
21.9505,119.41
24.7874,117.86
24.5901,118.77
21.9087,117.70
26.9249,119.61
25.8161,117.77
20.4539,117.80
24.2432,114.39
25.6742,108.04
22.4536,112.25
24.2552,109.80
23.4064,109.14
24.2541,117.13
24.8509,115.75
22.4976,118.26
21.2828,116.47
24.8353,113.81
25.9872,113.46
25.8482,112.69
25.4984,115.41
24.2287,117.72
20.6765,112.52
25.1369,116.76
22.7955,115.98
23.2435,120.69
24.3667,113.35
27.7911,116.67
24.5450,115.95
23.5109,118.47
20.6891,113.94
26.0491,114.20
28.8638,114.61
24.1772,117.54
22.1897,113.10
20.4940,113.22
26.0841,109.13
26.5793,109.24
23.2329,114.15
24.4205,114.40
27.2260,112.99
23.0044,113.27
20.7122,110.14
27.9180,112.73
31.9310,111.35
26.3715,112.06
24.4374,115.64
21.4969,118.61
21.2468,116.51
20.5391,114.37
21.5112,112.81
24.9427,112.36
27.0898,115.26
28.9775,110.92
28.6965,118.38
23.5866,117.94
22.0850,119.92
26.7605,113.28
29.0554,111.09
22.6686,113.48
22.6690,113.91
22.8755,111.98
30.6042,108.30
27.8687,111.28
30.9283,105.50
28.5983,109.22
25.8298,107.77
22.2167,108.09
22.0957,110.05
22.6955,113.74
21.8885,113.15
21.1991,115.93
18.8996,120.54
26.5757,117.25
17.8975,115.50
23.2648,110.67
20.7044,114.87
27.4353,114.07
19.7440,114.93
22.0858,116.94
29.3965,110.49
20.7896,113.29
25.8025,111.45
20.9605,119.39
20.0649,119.30
26.4165,123.13
18.6545,120.54
19.4322,117.43
17.4515,116.07
22.5265,117.22
19.6405,119.65
18.2929,122.70
21.4634,120.95
23.2894,115.51
22.3806,117.44
20.4975,116.07
23.0947,110.38
22.5503,114.56
26.0589,114.86
20.2626,115.10
18.3399,119.61
16.5467,120.95
20.6585,113.07
20.9571,112.91
22.4745,117.22
25.4516,117.72
24.9420,114.44
28.2984,110.24
25.1375,111.82
33.1189,114.37
29.1393,112.96
28.4601,111.39
26.7383,118.75
24.1078,119.47
24.0614,115.68
24.0652,115.87
24.7238,116.87
26.7977,110.45
25.9644,110.50
25.7838,111.34
21.2934,112.79
19.5178,113.27
18.1886,119.05
19.5535,122.07
22.5913,118.09
16.3316,124.87
27.1821,116.31
24.3025,116.01
24.9789,112.38
23.0201,111.83
26.2711,113.91
24.1522,117.24
22.7494,112.32
23.5311,110.31
28.2590,109.25
25.3369,108.32
24.8535,116.18
19.3844,116.31
21.3810,116.38
23.5307,114.73
19.1723,113.52
25.6059,113.39
17.9798,115.68
22.9726,113.35
16.9428,119.71
17.5467,117.56
23.0184,117.27
21.0871,117.70
24.9103,115.18
22.3185,115.62
21.1778,112.62
19.8168,112.87
24.5092,113.32
30.3336,112.43
24.5436,115.44
25.3539,114.19
28.8685,114.08
19.4282,116.27
24.7732,118.62
23.9818,114.59
21.5066,117.32
21.8320,120.50
25.4438,112.22
23.8885,110.82
21.8986,111.06
25.6636,112.66
22.9089,110.80
24.6449,109.32
24.5931,109.73
24.5498,111.78
24.8227,111.80
23.9516,115.89
25.8143,116.11
22.8264,117.16
17.3658,117.14
21.5963,111.62
27.4887,115.70
24.9418,115.23
24.2539,115.28
27.1787,114.74
24.6380,113.80
24.0207,113.43
22.9396,115.73
31.0949,113.70
24.0345,117.36
22.1058,116.51
20.3881,118.77
22.0692,118.05
21.0630,115.90
22.0630,113.78
23.0658,108.41
22.6244,110.98
22.6617,109.73
18.4591,115.05
21.1056,114.64
23.3204,108.32
25.9793,110.76
21.6542,115.17
20.4168,117.77
20.3354,115.90
21.6018,118.22
24.1959,115.54
24.2583,113.18
29.0868,111.53
26.0890,115.91
22.6379,116.87
26.7747,112.43
30.2056,100.70
24.4077,109.83
25.2851,111.99
24.6892,110.54
24.2777,113.68
23.9077,112.40
27.1233,112.90
28.8809,110.56
23.7606,106.71
25.9889,112.45
22.7337,113.57
21.8094,119.61
20.3201,119.15
22.0024,118.95
24.9795,117.79
21.7193,115.23
23.0497,118.85
20.3120,115.39
17.8982,117.68
26.5357,116.43
21.2333,112.99
21.3422,114.48
28.4142,111.28
23.2892,106.96
23.5208,111.69
23.6880,115.21
29.9570,111.83
23.0104,114.85
23.8458,110.83
22.3316,113.29
25.0365,112.97
21.5922,114.06
24.4855,113.17
19.1508,117.61
21.1591,116.70
20.5435,115.52
19.6557,116.16
24.9316,111.26
20.0953,115.92
16.1862,121.37
20.1455,118.16
24.6179,111.50
16.9198,118.17
22.3939,113.64
21.2310,113.23
19.3080,117.96
22.2814,116.75
24.4509,114.99
21.7939,118.86
23.0135,115.17
26.7111,110.76
25.8033,117.38
27.8695,109.15
25.5422,110.07
25.0236,115.75
27.2205,108.10
22.2283,109.35
27.4221,113.27
24.1386,112.64
27.1835,111.52
24.0189,109.46
22.4479,112.98
24.1057,111.51
21.9662,111.05
27.5806,111.02
24.7809,105.54
24.4126,111.00
24.5893,112.95
23.0906,111.99
28.0847,115.44
26.5382,112.58
24.1890,114.59
27.7315,116.25
27.1266,112.41
27.2417,118.63
27.5525,119.72
25.2058,114.09
25.8372,111.78
25.5587,116.69
22.5833,117.04
21.6461,119.76
19.2034,118.90
20.3462,119.79
21.6150,119.30
19.0431,118.69
24.2331,114.04
22.6932,113.30
21.0009,113.42
18.1287,114.60
25.1115,113.99
19.2485,114.20
22.4607,115.67
25.5311,116.80
19.9472,115.05
21.7923,115.93
21.5259,113.87
20.1893,116.03
25.9231,113.17
24.5431,114.91
22.1486,113.96
24.9329,109.32
23.7634,113.42
19.1244,110.46
17.7903,116.59
24.0194,119.39
21.7300,118.22
21.2296,119.05
27.1789,112.86
27.0164,113.26
27.8227,109.43
22.3317,117.42
24.5143,118.68
20.2165,119.22
18.9941,119.17
18.1254,121.70
21.1104,116.76
22.4658,109.65
22.1818,113.57
25.4221,117.40
23.6294,113.27
22.3026,117.41
22.9443,116.83
18.8302,117.14
19.6105,114.92
30.9784,113.62
23.3767,115.87
23.2838,117.28
20.3542,117.23
23.0259,114.58
21.1571,118.23
18.4440,120.39
21.3052,113.78
23.8530,114.69
23.1393,112.66
25.5488,111.99
21.3765,112.84
25.7026,113.70
20.9584,115.66
25.5356,111.86
21.7860,113.44
20.2646,116.33
19.4918,114.21
25.8822,109.47
22.0122,114.68
23.0327,117.47
17.6699,117.77
21.3949,114.89
20.8571,115.19
22.9506,112.93
25.9496,112.94
24.7443,112.71
27.2626,112.29
24.0339,118.54
20.6621,116.40
21.5018,114.21
21.6026,114.01
21.9960,115.35
28.3604,113.06
30.2380,113.70
19.9939,115.30
23.2204,116.56
23.0939,114.06
20.9220,115.60
18.7002,115.06
17.2287,110.39
21.6234,113.44
22.8238,114.50
23.2561,114.58
21.1741,110.75
23.9665,111.48
22.6117,115.90
20.6841,115.15
24.3643,109.87
21.6352,102.99
27.2722,108.22
25.2886,110.04
24.8642,113.26
19.7125,107.56
24.5158,117.03
23.3557,116.06
24.3319,107.22
20.9338,115.59
23.2266,116.32
18.9099,118.17
22.8289,118.45
19.3023,117.72
28.7453,110.97
21.7078,117.36
23.5858,115.73
18.6244,116.09
22.5182,115.82
19.4203,113.30
20.8788,118.37
20.2170,118.46
19.3968,116.62
18.4118,118.62
19.0444,117.48
19.9149,115.40
22.5522,116.82
21.3560,114.59
19.3440,119.06
26.0113,115.18
22.9540,114.84
23.6297,115.38
23.1485,108.57
22.3416,112.23
21.3646,116.53
25.2021,109.87
27.0963,111.63
20.0758,112.88
22.7882,110.66
20.0979,113.19
19.9313,117.24
25.8221,112.50
20.5218,117.80
19.7501,118.16
19.9892,118.98
19.7798,116.97
23.6639,112.82
20.2111,112.52
21.9250,117.85
22.0130,109.13
20.2721,114.74
22.5503,113.19
28.2334,105.44
23.0366,116.29
27.0633,116.96
34.7290,115.27
23.3068,112.29
20.7545,114.60
20.9706,117.89
22.9133,117.92
29.2220,112.43
28.3137,111.02
28.8095,110.01
29.5528,119.98
19.4534,117.01
21.4795,119.03
20.2085,118.67
20.1505,116.50
19.4536,117.34
21.6401,115.70
21.1688,112.92
21.6727,117.07
28.3720,113.15
22.2362,116.60
21.4439,115.53
25.9158,117.11
32.8140,112.91
32.3115,112.39
23.2805,113.33
20.7356,117.38
23.4954,117.03
20.3881,118.53
19.5325,116.15
21.9690,111.89
20.3014,113.31
19.0174,116.24
21.2975,117.31
21.9663,117.97
20.1665,115.61
26.2446,114.94
20.5018,115.39
22.8095,111.07
20.9485,114.48
28.8111,108.38
27.4590,107.19
23.3483,111.41
22.3210,117.59
23.9630,118.40
24.7145,116.81
24.4335,116.64
21.5721,117.38
18.9809,117.10
22.7390,108.63
22.9431,114.81
18.8799,120.80
19.2869,115.46
20.9430,117.58
19.4622,119.73
24.2821,114.66
19.8883,114.21
21.9921,114.03
21.4711,117.87
18.7221,117.98
16.9345,117.80
19.3143,114.90
19.5119,112.20
19.3780,114.49
22.1454,110.33
24.1408,113.06
26.1608,112.98
31.9059,112.47
24.1832,117.34
23.5452,110.75
20.6931,112.33
21.9963,114.66
26.1830,113.88
26.0948,111.78
23.8769,111.10
26.1169,109.54
28.0498,106.92
28.0278,109.14
25.4414,114.66
25.5808,108.71
25.3835,110.05
25.6162,111.90
26.3110,105.88
22.9447,113.82
17.5572,118.24
19.8478,118.88
24.3924,116.14
23.0373,112.65
26.3929,108.16
28.0475,111.70
27.3312,111.51
27.6771,111.52
23.3109,116.98
23.5382,112.28
20.3611,112.94
21.1696,116.55
23.3630,115.13
22.5541,112.38
26.6131,117.69
26.0811,117.56
21.8689,114.98
23.3532,119.00
21.0926,117.05
20.5529,120.30
21.8565,116.43
21.7790,114.82
23.0900,112.28
24.8814,109.56
25.2105,113.05
29.1181,111.32
31.4536,115.94
38.6587,111.28
27.7158,111.17
20.1060,120.31
21.2438,115.04
20.0678,116.05
22.4692,113.17
24.2646,109.24
28.8304,113.07
22.9875,113.06
26.7654,114.08
27.3054,114.85
28.2718,115.52
28.5963,114.62
30.1841,109.81
26.1621,110.43
25.7316,114.58
24.0336,112.51
21.3256,113.56
27.0071,109.43
21.1446,113.64
21.7028,118.20
21.9344,112.40
26.5718,115.22
23.7799,112.15
22.2738,108.92
19.9293,115.46
21.6677,110.36
22.0337,119.37
26.8989,112.77
24.6527,117.70
21.7584,118.68
17.4645,112.70
21.8264,115.93
24.7407,113.35
24.7659,114.08
23.9502,113.95
21.1082,117.49
22.6891,117.62
20.9193,118.78
18.5417,116.26
18.5738,115.26
19.9263,115.65
17.9820,113.21
18.3427,111.79
22.2928,110.12
25.1380,104.68
20.2545,112.01
24.7600,113.22
26.8396,109.02
21.8584,113.72
26.0742,118.47
25.2863,111.09
24.4956,110.44
23.5953,114.28
23.7204,115.32
25.5179,115.26
22.6522,116.49
23.1617,119.70
29.7474,114.84
22.7966,116.13
22.0646,113.94
23.9459,110.74
22.4136,115.16
24.0557,113.51
22.5430,114.48
23.5378,116.16
20.9322,113.07
23.2875,115.72
19.6077,115.63
22.1328,117.82
22.1918,115.67
18.1177,115.25
17.2991,118.49
17.9315,115.27
19.7227,114.51
20.1886,119.96
21.2145,113.02
24.6105,111.99
21.2746,116.77
25.8328,115.33
23.1548,108.30
28.1111,109.54
18.9117,110.69
22.3371,112.37
22.8580,112.66
21.1969,114.45
21.4637,115.94
17.8480,121.43
26.6773,108.31
25.1299,109.36
20.6343,115.87
23.5240,108.43
25.6043,111.12
25.7933,115.42
25.3892,110.35
23.3867,113.98
20.0379,120.48
20.4701,116.36
19.2511,116.52
19.4013,119.82
22.3017,116.59
20.7309,118.03
24.4217,115.14
23.5366,117.10
19.4109,118.27
22.5357,114.04
21.9468,116.18
25.5435,113.18
25.4990,115.02
25.0668,115.67
22.8787,116.57
21.9294,114.62
21.2624,119.99
24.5620,117.10
24.3773,112.60
26.8727,108.23
26.6237,115.94
21.9219,113.56
26.8093,113.51
27.0699,109.30
23.1560,110.66
24.4799,109.89
19.9077,109.98
23.0678,116.92
28.0877,116.25
26.9398,115.69
21.0659,111.31
23.5117,112.32
22.3443,114.70
23.8529,116.15
27.6518,115.81
25.0734,115.94
26.4547,114.30
25.7598,114.09
24.6695,117.12
20.3584,112.04
28.8189,114.11
17.4171,120.16
24.1476,113.64
19.7477,113.04
27.2731,109.41
28.8649,113.54
25.5394,114.35
20.9922,114.86
22.3849,117.99
23.8997,117.40
23.0952,121.02
21.8368,118.55
22.4632,117.91
20.7035,114.63
23.5254,115.71
19.5383,116.69
21.6600,116.58
26.4287,107.71
21.2148,119.02
22.3336,113.28
26.8791,111.66
26.1895,110.60
27.8040,112.34
28.6223,107.18
25.5337,109.37
22.6882,112.89
24.1347,118.40
21.7173,115.90
21.2947,118.64
22.2992,116.42
25.2475,116.96
22.6031,114.39
25.3357,115.79
23.0977,113.85
28.0108,112.20
28.8942,110.33
29.2790,102.87
27.7714,110.56
22.3077,114.17
31.8557,109.04
28.5984,115.01
24.2567,114.65
29.3980,115.43
21.0504,116.64
21.6816,117.31
18.4515,119.31
19.5710,113.77
22.1854,110.32
23.3686,112.26
29.6607,116.02
30.4166,112.14
21.7101,117.64
23.6003,113.75
19.5882,110.47
26.4279,111.72
19.1403,115.40
19.5641,113.50
21.4660,108.98
18.3566,115.35
17.2438,117.05
26.3599,108.85
23.0782,114.91
24.0773,110.52
24.7900,110.30
21.6876,119.42
25.2964,116.64
21.0915,113.18
20.2288,113.16
21.8868,117.09
25.7733,113.03
19.9629,111.75
22.0868,113.94
21.2781,119.86
18.5753,120.19
18.5473,116.16
18.4347,118.89
17.4403,114.96
18.6232,115.32
19.2326,114.33
19.6532,114.99
23.2592,112.91
21.5830,118.13
27.2268,113.29
19.8899,117.80
20.9047,110.01
18.3715,119.81
19.7991,113.76
21.3940,117.34
26.4591,112.50
24.6689,112.33
22.5507,119.52
23.1971,119.17
21.3936,121.36
22.4963,118.44
22.6177,119.95
24.8200,119.02
25.2319,115.46
19.0152,114.74
21.1238,115.47
21.1331,114.90
19.4800,114.38
19.2604,111.41
21.7637,114.99
24.1964,112.11
22.6099,113.01
23.0612,113.54
21.9982,112.45
21.6130,114.80
28.4726,116.73
25.3056,113.38
24.7415,111.90
27.5063,110.91
18.9009,117.01
21.5595,115.25
19.0989,115.32
20.5990,116.26
17.8160,114.22
20.8966,117.80
21.5618,115.60
22.4042,110.60
21.4975,111.17
17.8378,121.34
17.0575,116.66
17.0064,120.31
21.5033,117.68
20.2712,120.99
19.9558,119.62
19.9456,121.65
16.2057,116.87
20.2035,113.04
20.9991,114.99
19.0564,115.40
20.2201,119.31
22.0420,116.95
24.3150,115.40
21.7116,113.11
24.4410,108.28
29.2528,111.35
23.2287,113.43
19.9162,115.87
21.9705,111.37
24.7606,114.68
20.7504,118.47
21.5633,114.12
18.2516,118.26
25.3948,116.93
22.5849,115.50
28.4532,114.79
27.6528,119.01
24.0517,111.88
22.0747,116.58
22.1750,115.20
20.8867,117.49
23.5787,115.96
27.4418,112.66
19.7415,117.18
22.1573,112.26
20.5430,119.50
21.2327,110.57
25.3847,112.69
28.1735,111.85
25.0788,108.15
23.3790,121.21
21.1209,117.58
26.6953,109.33
22.2404,110.06
21.7214,114.00
22.7729,109.48
22.1251,116.85
17.3661,116.24
16.0408,115.67
20.3991,112.97
26.1217,109.60
24.1642,113.28
30.9865,101.88
25.3585,109.78
23.9886,116.13
26.2902,115.87
20.1696,114.85
21.2859,115.82
23.7599,123.62
21.3616,116.51
19.9726,117.32
23.7290,115.43
22.2952,116.99
19.0720,121.02
17.9682,119.82
20.0993,114.04
21.2062,115.11
22.4192,113.83
23.3054,109.56
26.4753,104.90
24.9597,113.86
20.7487,114.91
24.4991,112.65
24.7792,111.21
20.1524,111.70
22.5632,118.42
20.1846,117.28
19.4481,119.24
19.3969,119.52
18.3523,119.00
18.9574,117.44
33.8633,105.21
27.4901,111.89
28.7962,112.39
19.5394,116.51
23.0745,116.71
15.4578,121.53
22.4943,114.18
20.7551,117.59
22.9025,117.10
21.2529,114.14
18.7385,114.56
16.9830,120.73
18.8152,121.79
20.1497,119.15
20.4748,114.06
23.2670,116.86
21.1403,118.03
22.5714,112.89
23.1687,115.36
19.5440,116.55
20.7519,114.17
20.0632,120.08
20.1310,118.07
19.2035,116.11
21.1786,119.53
16.0443,115.65
19.4875,113.25
18.9723,114.21
19.8281,114.86
24.7330,112.24
23.5536,110.75
28.6890,115.88
23.0070,118.06
18.5608,113.45
18.2357,113.55
21.2846,115.96
22.9490,114.57
21.9152,112.56
27.6769,106.73
26.2572,112.17
27.9488,111.59
27.9946,113.78
28.0347,111.13
24.5759,115.97
25.5198,116.24
24.2190,118.39
20.4937,118.32
38.5158,115.54
26.3307,124.35
26.9067,118.11
19.5391,117.57
22.8343,116.83
20.0249,117.46
21.9099,119.19
25.2885,114.51
19.2533,122.63
19.5765,115.13
22.8126,118.71
22.5934,117.56
20.5111,120.15
24.5862,112.50
30.3064,111.55
23.4722,111.12
26.2422,109.67
25.1319,109.87
23.6846,114.10
29.9546,106.55
29.1620,107.86
19.9880,109.08
21.3838,115.23
25.8355,117.75
25.1311,114.56
30.0461,114.42
26.1396,116.29
23.6797,115.17
27.6200,114.32
22.3997,115.87
21.1730,120.84
19.1598,121.50
23.2232,124.56
21.8253,120.64
22.8421,118.49
19.7916,118.06
24.8466,116.96
21.0196,115.41
25.6644,114.30
23.4925,114.33
27.5015,114.03
20.5728,117.73
18.9438,117.97
19.0363,113.96
22.3644,114.92
16.9867,115.60
24.4484,111.15
24.6073,111.71
24.9971,108.58
27.4992,109.85
27.1525,113.08
25.5104,108.92
29.1528,111.31
25.8312,117.09
22.3361,115.10
20.9350,115.17
22.3913,112.13
25.4067,109.79
26.4990,109.67
23.0075,113.33
25.0772,114.48
23.5719,116.13
24.4198,114.77
20.4889,116.16
19.7239,115.84
21.5748,115.96
25.2087,115.50
18.9380,121.83
19.7568,118.73
19.7311,117.90
17.3033,118.03
25.7616,104.19
28.6129,107.76
27.4028,111.29
30.1274,116.98
22.9695,115.65
20.1138,117.80
21.1467,120.73
20.7230,113.16
19.9923,119.51
18.5137,118.02
23.5212,114.83
22.0605,112.53
20.3501,119.60
17.5892,118.21
18.8236,114.53
22.6739,107.43
19.9402,116.78
19.5864,117.70
20.6111,116.35
20.3405,115.64
20.7100,110.59
19.6552,119.45
21.3685,117.93
20.4717,120.90
18.8461,122.69
20.3331,118.98
19.9458,116.14
20.9558,113.94
27.4052,113.16
24.9170,113.75
22.3123,112.50
22.6345,114.14
27.5554,109.42
22.5240,115.58
20.9914,115.54
26.8127,116.01
18.4014,117.86
20.7513,119.33
21.4211,112.67
22.6481,115.32
19.9242,116.29
19.9010,119.44
21.4928,116.35
23.6563,111.43
24.6491,113.65
22.7198,115.45
24.3437,112.42
22.1815,116.93
24.5360,114.67
20.2375,119.93
22.4656,116.15
27.6039,112.52
23.2234,112.52
23.3318,113.56
23.1462,115.43
23.6162,110.59
22.7148,110.99
20.4834,115.84
41.0348,101.39
30.5041,112.32
24.8210,116.61
26.2883,113.75
22.4107,115.46
23.4733,116.12
23.7048,117.66
22.3223,112.24
25.6482,107.79
24.7195,113.93
26.0119,109.23
21.3183,110.79
22.1246,112.53
22.1585,109.59
22.6557,115.66
28.3567,115.97
24.7807,113.62
28.5947,111.48
28.6207,107.36
24.5140,113.17
29.6613,109.39
24.3349,111.51
22.0786,112.07
26.1431,112.80
24.6783,108.31
28.9707,112.52
27.9027,117.41
30.1565,107.18
23.9423,114.23
23.5348,114.07
22.1142,123.75
18.5394,118.27
25.5924,116.00
17.3497,120.50
17.0502,116.66
21.5684,118.47
23.4601,116.06
21.7020,115.35
21.9844,118.01
17.3372,119.09
22.4535,115.31
20.0293,118.88
22.0721,116.44
19.9462,114.40
20.6765,117.67
23.3811,114.05
23.6774,114.26
21.2034,118.77
24.7239,111.31
23.3266,113.38
27.4320,118.40
35.8577,112.25
30.0611,109.44
24.2533,115.14
23.4456,107.11
20.1875,112.32
18.4767,118.12
15.3403,117.77
16.3776,117.70
16.9142,116.88
20.7443,118.22
16.0286,115.99
19.5656,116.63
17.3014,119.34
19.4485,116.16
22.0729,116.43
19.1473,113.38
22.0117,111.61
28.4866,111.96
21.7403,113.27
20.7098,114.58
21.9385,118.80
22.7670,117.17
23.1051,119.12
29.5781,115.70
20.3603,117.87
19.0318,115.03
24.3256,114.88
25.8014,114.49
26.7623,115.64
25.8563,115.59
26.9235,111.31
22.0842,114.53
21.7253,114.30
20.2182,118.54
22.6132,118.06
18.2516,117.27
19.5503,122.13
16.6445,120.49
18.5361,112.71
21.2572,117.11
21.4222,115.00
21.3601,118.40
18.7225,119.53
18.8980,122.96
23.8722,112.54
19.6312,116.28
30.3816,110.82
21.3112,113.78
23.2680,112.74
23.3236,113.44
24.0166,117.73
24.4992,120.75
21.9073,114.40
17.3032,116.63
23.0951,119.67
20.7917,118.53
18.8404,120.12
22.3146,120.25
25.9479,110.74
23.7698,120.40
24.1924,120.11
23.7892,121.37
21.8184,112.88
21.3808,114.09
23.3742,111.37
26.0502,114.95
20.7746,112.83
24.2075,116.38
19.8833,115.67
27.7864,113.92
21.8582,113.71
20.1823,118.29
19.0595,119.88
21.2871,115.78
19.1210,122.12
19.4097,120.36
24.4051,123.20
20.6008,115.25
25.5602,115.33
23.8321,117.53
26.1377,119.63
21.7842,115.56
19.8742,117.15
23.6658,111.12
21.5060,110.79
33.1399,104.81
32.4660,104.15
28.8134,107.59
26.5146,108.22
26.1064,108.49
24.8383,108.93
21.5565,113.33
22.9176,114.68
22.6126,115.18
25.7488,116.40
23.5533,115.59
24.3704,116.22
21.3692,119.80
19.1692,120.48
18.4368,116.38
23.9683,118.74
24.0267,111.79
30.1441,110.36
25.4192,109.79
26.4648,113.37
23.4816,115.03
21.6557,116.79
27.0845,112.81
28.1212,110.96
21.7869,117.01
20.1349,118.56
19.4022,114.42
19.5022,115.69
21.3138,112.39
21.5278,113.85
22.7907,111.60
21.0996,113.99
25.5099,115.21
23.7676,116.18
30.2483,118.30
20.4077,115.90
18.5245,121.64
19.5084,117.66
21.9654,121.05
20.0810,118.30
23.6376,113.81
26.3461,118.84
21.1227,115.07
20.4442,114.62
23.1066,110.69
22.6427,115.10
22.8677,113.81
24.3433,116.17
27.1573,112.95
24.0701,113.82
21.1868,116.23
25.0739,112.88
23.0539,110.60
23.2432,116.51
27.4677,111.90
24.9485,114.34
24.6215,113.54
21.6552,115.08
21.9096,112.27
21.2456,115.21
22.0885,109.15
24.8134,109.92
30.4303,108.44
25.4335,112.86
22.0825,111.16
24.7302,110.67
21.8045,114.52
17.0560,113.24
21.4508,114.22
20.7381,112.89
22.0188,114.67
25.7508,116.13
31.0071,105.00
28.2350,111.73
22.1811,112.86
24.3652,110.92
27.7848,107.97
21.5679,112.47
23.8404,110.51
22.3768,109.75
20.7746,111.40
22.2949,115.49
19.4990,116.93
20.8050,117.68
22.5623,113.06
25.3832,115.22
27.4190,112.13
24.0625,109.80
24.6937,110.18
25.9847,110.28
30.0888,109.90
21.0892,113.76
24.5610,111.85
22.4239,112.50
25.9518,116.71
27.8553,116.37
27.2704,115.91
28.7627,112.93
28.4258,109.87
24.0192,112.18
18.4204,115.74
19.9117,116.91
22.7035,116.56
19.6972,120.29
22.4842,114.77
21.7860,118.10
20.0788,119.04
17.2680,121.48
19.7342,115.70
17.9271,119.58
16.3712,119.28
27.4200,117.72
26.5990,110.50
23.4542,112.83
23.1569,115.06
24.6183,114.27
23.1807,108.68
24.9454,111.75
25.1580,109.66
19.3790,114.18
27.6728,108.81
31.9123,110.66
29.1517,112.70
22.9912,113.49
22.6457,110.25
20.4248,115.85
20.0369,116.16
22.2671,112.63
20.7865,115.36
22.1485,112.10
23.4180,120.54
22.7875,117.21
23.1750,114.41
27.6073,115.49
23.7597,117.82
21.4837,114.28
22.5677,120.59
30.6178,116.63
22.1004,114.78
23.1046,111.19
22.0414,113.31
23.8724,110.56
22.1113,111.15
23.5692,111.50
20.1674,114.94
23.2217,112.99
20.7791,117.90
22.3371,120.55
25.0914,113.99
25.6476,112.90
23.4693,111.37
28.3145,111.70
25.8990,109.45
24.9513,111.07
29.2063,110.98
24.2994,116.48
27.6310,114.50
23.2355,114.69
26.0481,119.33
26.4387,113.09
21.8642,114.91
20.3790,117.40
19.3948,117.93
20.9808,118.03
18.6787,118.22
19.4833,115.28
18.8575,116.63
16.1703,115.69
17.4011,118.82
25.6514,110.69
19.5314,116.64
21.9037,121.13
24.0768,113.50
23.1833,112.74
21.7206,108.63
22.0156,114.44
23.2136,109.96
21.2857,110.47
19.7940,110.19
22.8096,111.83
20.7998,113.79
21.1788,111.92
26.9558,111.86
23.5529,107.74
24.8000,111.08
22.2024,113.57
22.2355,115.82
21.1666,114.27
24.1018,111.78
23.8293,114.25
26.9941,116.87
23.3196,111.57
24.1321,113.31
22.2131,117.28
22.2541,119.66
28.2713,104.38
23.3227,111.60
22.8921,112.45
24.1023,107.17
23.2916,112.60
19.2067,120.94
21.6762,115.58
19.2154,119.09
22.1416,114.06
19.3168,115.71
21.3908,113.43
21.2196,114.14
35.5918,113.41
26.8227,111.84
24.5367,110.49
30.2875,108.72
26.0074,113.70
23.1759,112.26
22.5121,117.58
21.9681,113.65
19.4545,109.88
25.8854,112.16
23.5495,113.33
23.9810,112.42
23.7860,107.69
23.7669,110.36
25.8468,115.74
25.9428,114.17
20.2370,115.71
20.6882,116.77
29.9350,114.33
18.0913,118.27
18.0662,121.82
19.3893,114.95
19.1959,119.22
17.4312,114.82
22.9222,111.48
21.4688,116.38
24.3058,114.69
29.5883,109.38
25.2184,107.99
28.9512,112.29
23.9707,116.47
22.4764,114.50
23.6374,113.10
23.3431,109.95
22.1523,109.97
23.8276,114.68
23.1290,116.95
22.7381,113.68
26.7196,111.48
28.9535,118.02
23.5862,111.61
24.3968,116.73
27.8305,113.70
28.6870,111.68
31.2976,111.38
31.2783,113.97
25.8288,114.67
22.7058,116.31
25.3935,111.51
26.3854,113.61
22.5318,115.19
19.3699,112.52
18.7395,115.60
19.2465,115.25
18.3121,121.04
18.3511,113.99
23.4556,109.86
22.9076,114.37
21.0327,118.84
17.9960,116.55
19.5464,117.00
27.7997,116.50
22.7274,111.02
24.3772,111.22
21.5574,113.25
21.6477,110.63
17.8244,115.53
19.3861,115.44
19.4832,114.14
19.3250,113.62
22.2338,116.27
24.8316,111.37
29.4660,115.17
27.3406,112.73
33.2940,113.35
26.8360,108.57
25.5307,107.70
25.6132,110.77
28.5901,112.88
21.1613,111.71
24.8287,118.90
22.8228,116.81
20.8592,117.60
16.8317,119.00
24.7067,117.14
19.8094,112.84
20.1232,115.62
18.0875,113.14
22.8445,113.96
20.3538,113.27
21.4699,114.25
16.5192,122.05
21.2035,116.17
19.4807,117.03
20.8122,119.53
20.0845,118.43
28.2225,116.25
24.5641,117.81
25.4050,113.17
28.6246,113.31
27.8739,116.66
30.9492,114.06
22.6016,111.21
27.5067,113.96
25.7250,111.89
19.1228,115.01
21.6431,116.75
16.4531,114.99
17.2478,117.61
19.2045,116.64
28.4111,112.06
22.6192,113.14
18.3990,114.62
16.8492,119.38
19.3511,120.97
19.6397,120.54
24.7646,114.39
22.9350,119.92
17.3812,119.17
20.5121,119.89
16.6559,123.37
21.8076,116.18
21.2927,115.74
24.7573,115.60
21.4008,116.85
29.0154,115.83
23.7730,118.10
24.0527,118.07
21.8685,113.87
24.3744,112.30
23.4923,113.39
17.5819,117.10
23.6613,108.25
17.5602,115.01
23.8028,110.27
21.9981,115.28
23.8694,115.76
23.5850,114.13
22.4084,116.44
22.3319,116.22
22.6598,122.20
18.6414,120.14
25.5818,113.19
27.0853,115.13
20.3981,114.22
19.4684,115.24
16.7168,117.74
21.2478,112.69
26.0405,113.06
24.8015,110.32
22.4033,112.42
20.5916,114.30
22.7979,109.55
24.1653,111.63
21.2269,112.23
25.1307,111.37
20.9928,117.20
20.2589,120.01
19.3858,121.04
22.0401,118.23
20.1791,115.28
22.2979,118.59
19.6871,116.65
19.9126,117.82
22.1659,109.15
20.1664,111.34
20.1302,109.41
24.9414,111.32
20.2933,109.92
24.6932,112.00
21.0658,109.55
26.7069,111.20
29.2205,113.15
24.3923,117.72
24.7446,115.48
24.5685,111.26
23.6852,113.67
23.4535,115.71
22.9725,118.95
20.2271,118.79
24.0524,110.37
24.2408,116.69
20.7816,116.05
18.1354,116.15
21.1429,113.64
22.0080,115.64
22.1570,117.77
22.7977,118.00
20.5553,114.77
20.9208,115.06
20.3119,118.63
19.4198,119.01
20.4191,118.82
21.9164,118.33
21.7076,116.05
24.4521,112.43
21.9969,105.66
24.3383,108.35
26.6842,106.43
27.4283,106.56
22.4789,109.88
27.2312,114.06
28.5827,113.65
19.8151,119.04
19.9478,114.25
17.4574,116.70
15.4201,116.24
23.3933,113.42
18.6435,110.79
22.4409,111.10
22.2157,114.75
26.1872,111.79
23.3902,117.23
24.0000,115.50
23.2606,117.79
20.5139,114.79
20.2909,114.88
19.2913,114.54
22.5711,113.14
20.9173,112.81
18.8641,111.97
18.3814,119.14
21.0064,116.22
21.1661,115.74
23.2280,117.34
21.2440,118.21
21.3600,121.61
20.1788,117.29
23.9350,117.72
24.1257,114.77
27.3804,116.01
25.4771,111.68
25.2421,112.92
25.8964,111.94
25.6041,115.78
28.3125,107.24
27.7629,116.01
20.3457,121.29
19.5049,119.22
21.6079,111.95
27.9081,113.81
20.0881,116.11
23.7329,115.64
23.7844,110.51
26.3140,114.98
19.2737,118.19
26.5981,110.80
27.0700,111.26
28.6149,111.21
29.8646,108.51
32.5031,103.95
21.4615,107.61
22.2175,112.28
22.7482,112.29
25.0561,112.80
20.8551,110.31
20.9378,112.93
20.7822,113.53
23.4390,113.64
20.7754,116.66
20.3495,120.11
16.3493,116.65
15.2163,114.11
17.3018,112.27
19.1580,115.80
18.2536,110.48
20.4859,110.47
23.3958,116.59
20.4494,113.11
22.8901,115.53
20.3901,117.61
19.8549,118.82
23.9573,110.75
23.9831,117.29
27.1947,117.09
23.6123,115.31
27.1353,116.55
28.6212,114.25
26.7961,112.84
27.3886,105.09
31.2147,110.95
24.6094,106.35
26.3492,106.57
25.1927,109.00
22.2581,106.98
26.0589,109.35
27.6018,114.82
24.9389,113.83
23.8763,114.19
23.6505,115.16
21.4044,110.94
19.8258,110.80
19.3591,114.63
19.1529,116.53
23.7634,113.37
23.5434,112.33
28.7604,111.09
17.5470,114.70
17.6060,112.22
21.0755,114.05
18.3662,114.12
21.0560,114.40
19.3127,115.32
20.7612,114.38
16.6103,115.02
18.4728,117.86
27.9543,116.94
23.1485,116.55
27.9839,115.01
26.5308,106.99
27.2886,120.21
24.2394,118.46
22.0606,114.85
26.3847,112.86
25.5880,118.31
23.7458,115.77
28.5064,116.05
19.4931,111.47
21.2976,115.74
24.7208,112.17
21.1390,112.68
22.4602,112.14
19.2857,119.28
18.6441,116.00
24.5586,108.94
19.4413,111.82
22.3445,112.58
23.3767,110.06
25.9392,112.07
23.7790,114.51
19.8690,113.62
22.2181,114.46
22.2414,118.49
20.6794,112.69
22.8882,114.97
19.9097,118.64
21.3368,117.41
23.9603,114.92
21.6024,108.06
26.3395,110.86
22.6803,113.77
26.9299,111.43
28.6032,114.03
36.3035,112.81
23.3894,117.74
26.3258,109.88
28.9468,114.03
23.0863,114.62
27.9001,107.39
30.7181,108.13
20.0041,116.26
20.8881,112.52
23.4209,117.41
24.2627,113.02
19.9810,117.21
23.7055,116.02
24.1873,115.51
19.2097,114.53
19.8830,115.03
16.7168,114.17
19.4589,109.31
17.8159,108.94
22.0791,108.96
18.5756,112.59
21.2721,117.00
19.9236,113.21
22.3588,114.05
21.2039,113.68
28.7410,112.99
24.2426,112.37
21.7403,113.97
23.3952,116.74
27.1858,113.37
22.8291,115.58
22.9404,115.90
18.4994,117.70
20.5706,116.90
18.8661,118.35
21.2693,116.11
21.5642,115.80
21.9262,113.60
21.6503,114.01
20.4462,115.87
16.3823,119.73
16.1934,117.61
17.9681,120.17
18.1426,115.60
19.7452,111.33
19.3554,112.36
23.2777,114.08
22.6612,111.98
19.5569,116.18
17.6878,119.27
15.4102,118.24
18.3404,117.72
23.7284,111.02
18.6915,114.88
22.5921,115.27
18.9129,114.94
19.6280,117.74
19.4088,115.53
16.6367,121.61
22.5809,113.36
23.4864,114.88
24.0794,111.62
20.3729,113.24
25.0414,111.61
22.5779,117.55
25.0505,113.54
18.9247,116.80
23.7059,117.43
24.2278,121.22
22.2310,114.94
24.8087,112.83
22.6254,112.10
29.2599,111.00
23.3136,119.03
19.2283,118.01
25.0236,116.81
19.5377,114.36
18.0580,115.66
25.2808,107.15
24.4535,111.33
19.3592,115.81
24.7899,115.01
22.4721,113.10
28.6469,108.43
27.1189,111.17
17.0506,113.37
18.6026,112.04
19.2842,113.29
21.0467,111.96
26.5243,113.23
28.8668,115.90
28.8152,112.53
28.0914,113.64
24.3746,113.75
22.4362,117.43
20.8117,116.05
22.9412,116.79
24.3786,113.31
24.6423,111.94
20.3796,116.36
19.4514,114.55
25.5271,112.66
21.3355,117.45
19.6594,115.74
24.0151,112.80
25.9525,114.94
23.1085,114.59
20.7522,120.52
18.6418,116.40
20.2642,115.64
23.1764,108.34
24.5656,107.37
25.3876,110.87
25.6148,110.18
21.9953,116.51
24.4708,112.73
19.5759,118.78
21.2936,114.99
21.9134,116.24
22.7201,114.43
24.0524,113.86
25.4290,115.03
18.6432,112.97
27.1226,113.64
23.1638,113.97
23.9709,114.82
26.7690,113.94
26.6691,114.89
28.4743,111.72
27.3900,112.06
19.8484,113.64
22.9905,107.74
23.7821,110.04
22.8585,112.11
21.9465,118.05
23.3530,116.63
24.4938,119.77
20.7578,116.54
22.1446,113.30
20.7506,113.87
20.8223,114.82
20.8504,116.99
20.7827,116.19
17.5758,118.08
16.0123,117.94
23.1930,115.83
26.4219,114.66
20.8655,116.38
23.7546,119.66
21.9706,113.00
23.7646,113.81
22.2163,109.93
24.9176,109.36
21.9427,110.31
21.6074,111.11
24.0506,113.96
23.9334,107.69
25.8915,109.94
20.1740,121.03
22.2438,113.07
18.8126,115.82
22.1174,119.88
25.0773,115.86
22.8871,118.23
23.6080,117.90
22.0307,119.04
26.2761,118.73
20.9203,116.90
21.9050,115.02
22.9749,119.66
20.7584,117.41
22.4295,115.10
26.3662,117.40
34.9037,110.66
25.9189,109.77
28.2152,111.45
32.2427,113.33
27.7534,113.32
21.3355,116.33
22.2319,114.32
21.3194,113.23
28.8415,111.15
24.6248,111.07
25.1306,118.54
20.8033,116.47
19.7181,121.94
24.7101,117.49
22.7717,120.65
21.2940,121.11
24.2663,113.41
25.1155,112.79
21.4080,113.09
24.0726,113.86
25.1293,115.32
24.7344,113.71
20.4639,121.56
20.2845,123.04
17.6478,122.33
19.7011,120.84
19.8083,118.74
23.3052,115.45
22.8138,110.52
25.1625,112.74
22.5485,113.75
23.1551,119.13
20.8945,114.35
16.6839,119.38
21.9144,112.58
20.1645,117.05
23.8348,114.10
23.1204,111.07
25.7515,112.47
23.7848,113.09
19.6597,117.99
20.1603,116.80
25.6603,112.42
23.8139,117.80
27.9387,113.29
27.5501,115.32
25.2138,106.80
28.6078,112.64
25.1909,111.69
24.5747,117.22
25.4405,118.68
22.8089,114.01
19.0061,112.11
19.4273,117.31
24.6554,111.97
27.1917,107.11
21.3862,113.97
23.5961,113.80
21.4996,116.83
22.6476,114.90
18.3814,115.16
16.2702,115.39
20.7266,112.90
23.3604,113.51
18.9120,113.54
23.0693,111.94
25.2949,109.78
21.2389,113.67
19.1863,114.48
20.9027,117.22
21.6321,117.31
21.4667,119.21
16.9360,119.49
23.1024,114.11
16.6845,115.68
22.2963,113.73
24.6390,116.96
18.1297,118.41
24.4551,115.82
24.7658,114.80
24.1506,114.34
22.1172,114.68
19.3477,116.55
24.6387,112.28
20.1812,115.69
20.6801,118.83
17.9366,120.07
18.4569,112.63
25.8923,115.10
25.7012,112.69
28.5927,109.27
21.2662,112.67
20.3430,120.45
24.9452,114.92
23.3996,114.53
23.9695,112.28
20.6921,117.96
29.3848,111.14
26.4479,108.27
24.0188,111.34
27.4884,111.52
23.9673,110.66
25.0408,113.82
21.2236,116.61
20.9741,116.78
19.6119,115.82
20.1101,114.09
21.4155,112.76
22.7542,111.60
24.4741,110.30
21.0615,119.20
23.3279,117.15
21.7657,109.92
26.4617,112.17
18.4601,116.06
17.2759,123.34
18.9146,115.98
21.0644,116.28
21.8120,110.76
28.3106,113.79
20.3795,113.78
18.9818,119.24
18.8735,119.02
22.3887,114.91
25.0111,112.09
26.5959,113.88
24.2507,105.82
23.9929,107.82
27.1133,108.14
26.6500,109.06
27.0220,114.35
28.0750,112.18
23.4000,117.73
14.7465,119.31
28.3224,117.86
27.2964,113.58
24.5998,116.33
27.6707,111.48
33.3592,110.78
20.6723,120.23
20.1068,116.92
19.0438,115.71
16.9479,115.14
20.9148,115.32
21.9386,118.11
24.0977,113.60
24.6229,113.65
25.6213,111.12
30.5545,117.62
27.1117,115.43
26.0027,113.57
29.3287,108.74
27.2010,112.74
22.0622,111.07
19.1475,116.33
28.0096,117.66
17.3932,122.17
21.3674,110.09
19.5003,115.05
23.3225,121.86
22.3026,117.43
19.3023,115.30
25.0089,113.17
19.8691,115.46
26.3726,112.03
26.3669,112.05
24.2365,114.32
19.9776,115.57
16.7961,115.85
17.3123,123.83
22.0252,114.27
23.4510,109.88
21.1421,118.59
25.9743,114.12
26.2751,114.06
30.6857,110.12
28.8357,109.39
22.6271,114.80
23.2768,116.68
25.4025,115.22
23.2196,118.88
20.3485,117.34
19.3499,120.99
25.5019,117.98
28.2021,113.80
27.5946,116.22
27.8124,112.30
26.7613,114.74
21.0826,112.85
22.0795,112.99
17.0562,109.75
20.6943,111.48
18.1345,109.70
17.3022,111.14
23.4148,113.08
20.2937,111.96
20.1320,114.94
18.0769,113.90
29.5732,106.65
21.4300,117.10
22.6660,117.34
29.7874,116.55
24.4232,118.75
26.8252,115.32
35.7015,111.64
25.9582,113.51
21.8548,114.77
24.6931,112.12
23.5399,115.91
19.1260,114.72
21.0711,111.25
20.4077,112.44
21.0168,112.90
23.8973,112.84
22.1244,115.36
23.4704,116.06
21.6916,113.86
20.0510,116.74
21.9700,115.49
28.8507,111.56
24.8435,115.04
23.5450,114.29
19.2658,115.98
23.6242,115.40
24.1642,113.60
21.9394,116.93
22.5053,115.77
24.2623,116.15
28.6809,114.33
29.2773,117.33
26.4214,117.73
23.1564,113.99
24.5845,108.46
25.4449,113.81
26.9764,113.51
26.9936,107.46
28.2202,109.32
29.5727,111.41
23.2925,113.55
22.4633,117.17
22.6875,119.46
17.8037,119.92
22.0532,115.13
20.8636,113.50
23.7460,109.64
21.8080,113.78
26.9556,117.14
23.9045,113.08
32.0027,112.26
29.7170,116.18
25.1728,120.37
22.9512,119.90
24.9834,113.74
20.8017,118.82
23.2725,114.29
22.8212,115.19
24.2915,114.28
26.9921,110.82
27.2526,110.88
27.9880,104.15
29.8979,113.66
26.8050,113.15
26.6426,116.78
24.3092,115.32
25.7631,112.65
24.2291,113.17
25.2464,113.59
27.1723,109.44
29.9515,108.30
27.7717,115.91
38.2721,110.46
25.1142,108.79
27.6556,108.76
30.5100,110.33
27.8522,109.82
24.8440,116.42
23.6398,116.32
25.7646,116.18
27.1070,116.30
23.5829,115.37
26.7561,117.03
28.5745,116.72
24.5047,114.74
28.3960,110.19
25.7686,115.68
23.9515,112.36
27.3143,115.10
27.7174,108.97
21.6583,113.44
25.5436,111.05
21.2466,106.71
27.2904,106.58
22.9150,111.34
25.6095,111.28
26.8603,114.76
21.4122,112.43
25.7223,113.14
21.7905,116.02
24.4264,114.57
19.6266,115.03
25.9536,116.69
26.7333,113.97
31.1753,115.62
24.0864,112.41
27.5366,114.58
25.6198,110.97
22.1825,116.47
26.9409,113.06
25.3096,111.81
25.2212,113.26
23.3469,115.76
22.3666,117.36
25.9727,115.40
24.8251,119.66
20.8899,121.92
18.4931,121.45
18.5511,117.02
24.0132,117.37
19.9602,116.32
21.6512,121.83
23.5928,114.13
27.3337,111.57
28.1911,109.00
25.1656,116.22
20.7858,113.15
22.7854,116.54
25.5216,115.86
24.2277,110.76
28.8310,113.18
23.8573,114.66
23.3424,116.07
23.4734,114.81
23.0197,113.69
22.7175,117.61
18.4406,110.96
27.1894,111.87
23.4429,116.17
26.3540,116.38
24.5367,116.42
26.2368,113.70
26.6101,112.90
25.5787,112.27
23.7838,117.06
22.1567,114.29
23.5922,112.35
21.6540,114.30
22.5188,113.50
20.8589,119.85
26.1263,115.45
22.7378,115.28
18.9397,112.28
26.0110,111.45
32.2969,107.44
24.3122,111.44
25.2530,110.13
30.1731,105.99
23.6549,104.33
23.3903,109.45
30.6624,112.87
23.6970,114.64
24.0689,115.90
22.2902,118.09
22.3763,116.75
19.6509,118.38
22.7573,116.28
19.3878,114.97
19.3599,117.96
18.4368,117.56
21.7904,114.51
26.8223,114.47
17.6936,117.00
24.8945,111.52
23.7937,115.34
22.3044,116.60
23.3986,118.85
28.2399,111.62
19.2658,116.62
19.3068,114.19
21.6546,110.52
21.9317,111.78
22.7704,111.98
21.9475,115.73
25.4986,116.68
21.5439,116.72
30.1593,108.84
23.1793,112.93
26.8120,111.84
21.1006,111.39
27.2127,113.88
27.4375,114.86
30.0854,111.85
33.8942,116.22
33.7353,108.40
23.6730,116.43
17.8937,115.62
22.0046,118.35
17.7286,120.63
22.2421,116.46
19.3473,114.10
27.0553,107.42
23.2145,115.69
21.4237,109.84
25.3058,111.29
22.4608,112.65
22.3968,114.27
20.7080,114.10
23.3197,112.74
27.7110,108.20
23.2412,118.95
17.4699,116.33
20.2519,120.72
18.9346,119.11
20.9704,115.91
21.0054,111.36
24.2455,110.19
21.3539,113.65
22.9930,111.96
18.0331,115.13
22.3111,104.77
23.4498,113.49
21.0854,110.49
20.0566,113.86
23.2651,114.86
22.7728,115.46
20.0723,119.92
28.3925,117.01
21.5212,115.93
19.9084,118.15
21.6639,114.20
26.6590,113.51
24.9098,114.55
29.6871,113.61
24.3398,113.70
23.8801,117.85
22.1954,121.07
22.1332,118.51
19.5927,120.21
27.4241,118.17
23.8249,112.23
26.2701,104.39
25.5704,115.05
27.1956,113.60
29.4347,115.33
24.7032,116.72
22.2298,114.91
24.7638,114.27
23.9475,116.11
18.9097,117.22
21.8689,107.99
23.9548,117.68
23.0633,115.23
24.7798,109.80
27.2344,112.80
30.6160,108.45
28.8930,107.07
28.5368,104.73
30.3267,110.17
28.7953,108.43
23.7601,117.62
24.4834,114.76
19.9496,112.95
19.6275,115.45
29.9740,112.22
26.7671,110.20
27.0671,109.94
23.1735,111.18
29.3104,109.08
25.9567,112.24
20.0356,117.36
24.5658,112.16
22.1902,116.96
22.9596,115.14
23.0253,111.78
24.1732,109.14
25.7593,111.19
22.6389,111.34
21.2086,109.30
21.8382,112.21
20.9545,112.28
23.9904,112.34
22.9846,114.64
27.5257,113.68
23.9905,116.15
27.1978,114.83
23.0583,114.92
19.2343,112.27
24.3873,110.62
23.6206,112.89
27.2764,106.37
22.2163,117.06
20.1781,110.31
22.7961,112.04
19.9549,116.20
20.7983,116.36
21.8437,114.18
28.7105,107.73
24.1740,114.78
23.5805,110.19
21.7062,115.78
25.4937,116.32
21.3635,114.05
21.9994,117.28
24.4808,112.75
27.4890,119.33
23.6827,120.05
21.4760,118.08
26.1066,122.84
21.0482,119.18
21.5561,122.69
18.4946,118.95
25.4490,116.44
25.9141,107.73
22.0104,118.42
20.1910,116.03
19.8355,118.77
19.8866,113.86
21.4549,111.15
20.0835,111.35
22.1544,114.35
20.7125,116.15
24.0561,118.23
23.5097,115.30
21.4256,114.63
23.7497,112.94
21.5789,118.11
19.6797,115.20
21.4505,111.68
21.0205,113.11
20.3231,111.13
21.2730,116.18
22.7092,108.02
20.7884,114.18
27.1240,110.08
23.3216,113.94
26.5239,111.45
27.1593,117.46
27.4192,115.11
25.6757,116.51
20.9615,115.01
24.6338,114.35
23.6728,109.03
28.2189,109.14
24.7307,111.84
25.3318,113.44
22.9829,113.10
22.0839,116.87
20.8745,112.96
23.2813,114.59
25.8131,115.85
25.3208,109.37
18.7734,115.96
24.7992,115.48
24.4530,112.37
21.0163,119.44
22.6464,115.39
21.9610,114.86
25.3207,113.53
21.3399,111.54
19.3731,115.69
16.4589,120.93
21.7456,116.66
22.4966,116.71
24.8746,115.44
16.9897,116.64
19.2645,120.37
20.7248,116.46
20.4964,115.95
20.2170,119.97
23.3215,114.67
17.3437,119.92
21.2532,118.53
20.3309,118.13
23.8302,115.24
23.6861,115.34
18.1113,119.95
23.8626,116.59
24.0135,112.87
25.7072,111.82
22.4144,117.42
21.9246,111.97
22.4681,113.46
20.5958,113.44
20.0754,116.45
19.0404,116.59
25.3131,110.02
19.8378,114.24
24.1854,113.06
28.1303,108.34
23.5462,111.93
22.5026,111.68
21.7297,109.68
25.8441,108.87
26.0621,107.16
23.4912,115.09
39.1029,106.80
30.7433,116.65
22.9768,118.70
24.6246,119.58
22.3906,117.79
20.5240,120.35
21.3879,115.69
19.3395,117.50
19.9608,114.80
20.5734,117.48
21.2832,117.90
17.1041,116.88
20.6998,115.08
18.9930,116.65
18.5405,117.58
17.3803,120.38
28.5350,119.13
20.3838,118.80
20.9846,116.36
18.1167,118.98
20.7893,119.72
24.5657,117.73
22.3936,112.93
22.7745,115.42
23.3409,111.53
18.8619,115.03
19.0183,115.52
20.7632,117.81
20.3689,122.27
19.9131,122.34
20.3786,119.65
17.8499,118.83
22.5687,115.28
20.9834,120.65
24.0403,109.43
24.7442,113.79
19.4611,117.19
20.8081,118.38
20.9579,115.28
21.5342,115.89
22.1769,119.00
18.6525,119.91
18.9897,118.89
18.5679,120.00
20.1838,117.93
22.3678,114.94
17.0151,115.65
19.7177,120.25
21.5375,115.97
18.4727,117.09
18.1133,115.33
20.2610,109.96
19.8633,112.43
24.5702,109.28
23.4245,114.87
19.8264,114.35
22.8237,107.06
26.1986,107.40
28.8175,115.11
26.0904,108.31
22.5979,116.26
21.5692,110.20
24.7560,114.04
22.5122,108.78
21.1235,107.02
22.2823,116.52
19.1853,118.37
19.0044,118.31
21.7671,117.92
23.1443,114.89
20.7404,115.49
19.9143,119.12
19.1248,120.24
21.4997,116.96
20.9172,113.21
21.0165,116.65
23.8517,114.63
21.9627,114.82
24.9989,113.59
21.1700,121.81
23.0801,117.67
19.1291,116.71
18.6797,119.45
18.0212,118.77
17.2046,116.60
20.1706,116.67
20.7485,117.01
18.8348,118.63
24.9539,112.31
18.5472,113.92
19.3440,117.67
20.8414,114.94
21.0910,114.19
24.1015,113.83
30.7877,112.70
28.1705,113.66
26.1981,113.49
22.1167,114.74
20.6961,112.96
19.6108,116.76
22.4224,115.52
24.9309,111.74
23.4389,110.38
25.0877,105.34
20.3770,112.60
21.7835,115.84
18.7406,120.46
16.1095,123.61
23.3889,113.70
19.2957,121.62
19.4616,120.32
23.5960,118.07
28.4187,116.56
26.9703,115.43
19.3847,123.12
16.4184,120.76
16.8339,118.82
15.8561,116.27
20.2387,114.38
20.8794,114.07
23.9665,112.15
18.1849,118.42
24.4616,117.40
18.4252,118.54
19.8432,120.85
24.2961,118.73
25.3081,113.43
23.2210,109.39
26.3990,113.33
23.6330,118.00
19.5169,116.68
23.6341,118.15
22.6796,119.17
27.1996,114.85
21.1388,120.07
24.0395,117.14
22.4162,123.84
17.5924,120.38
17.8610,120.58
21.1281,116.84
25.3584,114.83
30.3715,114.91
27.1138,115.49
30.2594,118.33
26.7075,113.12
20.2129,123.52
19.8173,115.97
23.2657,114.12
24.0327,120.70
18.6227,111.16
21.4714,119.04
18.7596,119.66
19.0780,115.41
26.0864,112.66
19.2479,113.28
21.0980,114.92
24.1317,115.62
21.6314,118.68
22.9388,114.07
21.5598,116.42
22.3819,118.94
18.4520,118.41
24.6427,114.60
19.4660,114.17
20.3079,114.17
26.5006,111.95
21.2597,119.63
22.8780,115.77
30.9108,110.83
23.9475,115.27
21.6702,114.23
17.7744,116.45
22.3590,117.43
22.2936,118.27
22.0781,118.47
21.2986,118.30
19.4789,119.33
20.2720,121.72
19.4460,120.16
20.6328,123.81
18.1182,125.50
24.5900,111.93
22.1376,115.36
25.0081,117.06
23.7149,113.24
22.2774,113.22
23.9095,111.70
19.0451,116.18
18.8821,118.90
20.5965,117.79
20.1420,118.22
24.4732,117.06
27.5064,121.91
26.8474,115.33
24.7635,116.29
20.3021,119.22
17.1748,114.96
24.1967,112.09
19.0093,118.88
18.9881,117.88
19.3698,116.58
20.7834,122.00
18.5457,114.83
16.5732,116.47
18.0819,119.80
16.7413,119.09
16.9433,116.09
17.4424,119.95
22.8120,117.21
22.7178,115.54
21.8564,112.32
20.1662,111.19
21.0317,117.10
20.9851,118.90
22.6411,121.43
20.1476,119.81
24.9302,118.44
30.3261,114.93
24.5729,116.63
25.2810,111.85
22.8326,114.62
23.9317,111.24
26.3907,111.21
27.6524,110.85
21.8662,111.71
20.5793,116.66
17.3189,116.74
17.5755,116.59
15.5380,120.21
22.5157,114.92
19.6343,113.99
22.2943,114.91
23.1580,114.67
23.3954,113.82
24.1797,114.85
19.9158,115.48
17.4498,118.63
17.8649,117.28
15.7099,117.22
19.3339,116.19
20.7107,113.03
22.8598,107.35
18.9725,111.52
20.0683,111.45
22.1382,112.42
24.4483,106.03
20.0061,115.52
22.2494,112.57
18.1231,118.76
19.2069,118.28
16.8758,118.12
22.9392,118.23
16.8780,119.60
16.2720,117.88
18.5379,117.75
16.0936,116.21
21.0797,114.17
24.7054,113.60
24.3144,111.58
28.4258,108.51
24.6112,112.37
21.0920,115.93
21.5010,114.36
25.6073,114.83
20.8917,114.12
22.3756,113.86
20.4098,116.64
21.9679,115.84
23.3786,113.27
21.2305,114.82
19.7949,114.57
18.5388,117.94
19.8933,117.13
17.3099,118.90
15.6438,114.55
22.9593,108.10
21.4521,113.83
30.9218,107.51
26.0594,113.27
24.9879,112.40
19.4194,116.91
23.1751,110.27
23.0764,111.59
22.9554,111.84
20.3547,111.09
22.5652,107.67
23.3934,110.61
22.7621,109.56
24.6964,111.94
22.0309,113.87
23.5937,119.73
27.6509,115.94
24.1402,116.56
27.5502,110.23
33.6398,114.32
30.1563,113.56
22.9156,117.83
19.1607,117.71
19.6236,119.54
19.6396,119.48
23.2364,117.47
26.8057,119.94
25.2807,119.64
29.2892,115.79
27.7325,114.10
20.4303,117.27
23.7384,111.19
23.2669,110.57
20.4891,115.44
22.1803,113.96
23.5905,114.20
20.4091,113.78
18.3683,112.20
21.0584,114.07
20.0942,113.29
18.7428,115.52
19.1958,121.01
35.7229,113.19
21.2446,117.87
17.5020,120.38
25.7420,117.55
16.1079,120.71
17.0235,120.54
19.8168,116.62
22.4196,115.91
23.1824,116.06
24.4716,118.50
17.4572,116.40
22.4302,116.59
25.9056,111.69
18.2413,113.16
21.4096,120.57
25.7691,122.87
19.1605,121.11
17.8439,121.91
18.6964,120.36
17.1395,122.97
17.7990,122.61
21.0018,115.04
22.3618,116.13
21.6010,116.84
22.8521,114.30
26.1020,116.53
23.3649,117.98
27.8479,115.88
25.4019,112.92
21.3444,115.29
23.2534,113.71
19.0819,112.68
21.3872,112.21
20.8943,115.47
20.2959,115.91
20.7914,114.06
19.9059,117.19
21.5662,120.06
20.8557,118.81
18.5264,120.24
19.4577,118.43
21.0722,116.14
18.2701,118.69
22.5189,114.84
21.7247,116.74
27.4276,113.97
19.1907,116.11
22.1209,115.87
19.5810,113.32
23.1957,118.34
22.5518,107.49
22.6446,115.61
21.5571,112.17
18.8323,116.43
21.8377,113.20
20.9125,115.04
24.1408,115.24
22.0569,115.08
24.6208,113.87
24.5891,114.02
24.5591,120.81
19.6078,121.12
16.5425,120.69
16.5975,120.10
19.4032,114.27
27.5815,114.27
17.2146,119.09
21.2346,117.42
18.9288,121.67
28.8301,115.24
27.6981,118.00
25.2710,115.56
18.7223,119.39
21.1630,116.69
18.5356,118.57
25.4671,112.77
20.9358,115.91
20.4135,117.36
21.3600,118.43
24.1630,117.91
22.6320,115.16
39.9990,114.30
29.3707,114.82
29.2982,115.75
27.4925,114.46
24.1086,118.97
19.2822,115.72
18.8636,114.66
23.1633,109.69
21.3883,113.77
23.0179,109.20
25.1688,106.57
23.2794,116.87
21.5976,116.55
23.3004,115.75
19.9913,117.62
25.0686,113.15
20.2778,119.18
19.4033,113.77
18.1573,114.72
24.1002,111.14
20.6149,114.52
16.3956,120.23
18.6139,119.59
20.9060,120.67
19.1719,117.59
20.7643,118.69
16.9157,118.63
14.9093,121.18
18.3975,117.50
15.6236,116.90
14.9465,119.00
17.9976,119.69
19.3666,115.29
19.0995,120.87
23.2663,116.98
24.5915,119.61
19.4997,117.40
21.2589,114.76
18.0009,118.35
21.3027,117.65
23.2849,115.19
21.3910,117.67
18.2379,118.05
17.2877,116.29
13.1427,120.74
20.9926,119.52
19.0987,115.96
20.7655,120.00
23.9355,114.04
21.8193,116.93
21.1368,119.76
22.6678,115.75
18.6573,122.67
16.9232,117.08
21.0161,116.36
19.0659,116.43
23.9758,116.70
18.0191,112.68
20.2412,113.75
19.1397,117.34
17.5029,114.39
21.3808,115.43
17.7596,114.72
17.0928,119.33
20.2083,120.75
17.6845,119.10
17.5468,114.20
21.4025,121.89
26.9056,117.67
21.0211,115.72
20.7461,112.90
20.6730,113.57
16.1441,116.06
17.8210,117.66
19.6321,117.69
21.6139,118.21
22.7889,115.12
21.2654,118.07
20.1770,118.05
32.2828,119.06
18.5887,114.07
24.8513,117.35
18.7609,117.30
22.4329,119.28
22.9633,110.89
22.5690,113.97
17.7886,116.30
16.9089,114.61
20.3752,117.69
17.6373,115.31
18.1229,117.10
19.9348,113.18
21.3661,114.36
17.8649,121.37
18.5866,119.62
16.5805,117.21
16.8170,121.90
21.2219,117.01
18.0185,119.43
20.7991,116.17
24.0792,122.85
17.3643,119.37
16.2048,115.21
18.5062,119.39
20.0291,117.20
22.3627,117.00
16.8583,122.44
17.1383,115.04
17.6517,115.22
16.9314,117.52
18.4295,116.70
18.6600,118.17
17.2783,119.63
20.2329,117.50
20.3179,115.63
19.0587,118.42
18.2275,114.98
18.0314,119.76
22.3393,113.64
28.5283,111.02
16.2247,114.37
18.5196,112.79
24.3463,117.74
21.2478,118.86
19.1644,124.18
17.9511,120.89
22.1940,119.48
19.6452,114.72
20.7009,114.99
20.2553,116.10
22.8080,118.05
20.5275,114.75
21.7759,122.59
21.1258,122.24
20.7470,117.52
16.4037,123.89
18.9150,123.08
22.4635,116.63
17.6114,119.24
30.2522,109.30
20.4080,109.88
21.0453,114.48
25.8294,109.10
22.7830,113.80
20.2205,112.64
23.2999,113.93
22.0673,113.09
19.5581,116.91
19.6719,114.31
18.7079,120.68
20.4664,118.28
23.7578,115.17
24.6659,120.29
19.2921,117.45
21.2814,118.51
22.8686,115.27
22.0964,114.31
27.2206,106.28
25.9719,111.35
21.6085,114.71
16.3195,116.74
21.2261,112.02
19.4113,118.06
16.4984,117.28
15.0396,119.10
27.7222,116.53
19.7263,117.06
17.5717,122.24
16.7773,119.11
20.7979,117.38
18.4966,117.73
23.4315,117.14
24.1121,111.24
18.6954,111.93
19.4300,117.79
20.2491,113.40
19.4912,120.43
20.6805,121.16
19.9013,115.07
23.4965,120.14
23.2150,118.09
19.2153,114.24
19.5790,119.78
20.6438,117.87
22.8876,117.63
17.5819,117.10
21.4588,116.26
16.8611,118.24
20.7921,118.34
23.3507,114.85
19.3363,117.02
22.3471,120.09
20.0456,112.10
20.9957,118.11
23.5791,109.15
23.0160,117.38
28.9304,109.57
22.3691,116.79
22.1129,111.56
23.1867,115.28
21.3823,112.78
24.9792,115.96
20.5556,116.06
22.9731,113.07
20.5785,115.51
23.0905,114.02
26.5348,111.11
23.8181,111.56
22.0253,119.05
20.9408,120.64
19.0146,119.38
21.2795,120.53
18.1462,120.16
19.4023,120.25
26.1675,116.35
21.9355,110.06
26.0251,111.13
19.2688,115.72
18.7166,112.30
23.9298,115.31
23.5495,112.14
31.3173,107.09
28.5116,105.41
24.4874,109.24
23.1271,117.10
23.1319,114.48
19.6531,114.22
21.3003,114.45
23.2664,116.51
21.1713,113.79
20.7725,113.89
22.7885,115.74
22.1971,111.53
19.5714,115.85
18.3433,115.29
20.0812,115.20
20.1691,113.11
22.9770,114.02
20.2805,110.40
20.5442,109.60
22.4305,110.72
18.9241,111.71
22.5627,111.48
22.7037,114.28
21.7954,113.85
18.5592,117.26
23.0570,114.16
23.5208,123.76
23.4857,122.43
19.4250,122.10
20.5347,122.81
19.3466,118.68
21.0891,115.51
22.6531,111.12
20.2969,110.99
18.5931,113.06
17.2114,118.09
20.0268,120.28
23.3015,112.97
18.5094,116.58
21.8199,114.45
24.0996,114.91
21.6855,119.35
21.3802,115.15
21.3570,120.39
26.3227,114.45
19.3679,111.31
22.4787,113.47
24.4992,108.72
30.0306,108.04
24.0735,110.48
25.8226,107.46
23.1914,114.17
23.4854,111.44
20.6077,113.06
18.5710,115.82
21.3803,109.71
23.1194,115.12
20.3526,116.79
20.4850,119.14
21.3114,114.57
23.4294,113.19
30.1910,115.27
24.5208,114.82
25.1772,109.10
26.4419,114.80
19.1564,111.70
22.2302,115.84
19.7184,119.83
24.3296,113.78
24.5244,113.56
21.3106,111.52
26.9395,100.86
25.4487,107.92
24.4145,108.68
23.3216,110.53
18.8250,114.95
28.5366,111.63
32.0785,117.66
28.2316,116.43
26.0693,117.28
19.9928,112.16
21.0296,113.30
23.8393,111.41
26.1509,113.46
19.7440,114.34
18.1760,118.02
18.7529,120.76
18.7052,116.65
25.6653,111.94
20.6711,117.13
19.1273,115.65
24.1311,110.54
20.6979,115.14
22.0382,112.99
19.3251,116.10
23.0705,114.94
19.3368,114.87
20.8189,111.11
20.3514,118.23
16.7768,119.87
22.1773,116.62
19.7769,114.50
22.7436,117.93
25.3266,112.24
21.1103,112.16
19.4881,109.94
18.9388,114.35
19.9961,116.27
16.2790,118.62
21.1408,113.48
23.1333,119.80
19.1140,116.76
19.2599,118.24
20.7351,114.44
22.7093,112.03
20.9737,116.94
20.7290,114.64
16.2906,118.16
25.3165,115.33
26.5151,115.97
24.1511,112.60
27.6704,108.61
22.7850,119.29
22.2997,109.13
23.8985,115.91
19.5104,119.45
23.2344,119.88
21.1531,116.43
21.5062,118.37
21.2187,116.74
26.8696,113.93
27.5420,116.06
24.3953,109.80
19.1035,112.27
25.8963,108.70
28.6321,115.45
21.3469,114.85
21.1471,113.88
20.7124,114.66
23.7279,114.65
19.1503,112.60
23.3151,114.61
26.2333,110.44
23.1403,112.70
21.7380,110.65
28.1703,115.85
24.1349,117.74
24.2680,114.91
27.7150,116.60
20.9985,113.92
19.2209,113.46
20.1151,114.71
20.9422,113.04
24.3585,117.33
21.4637,117.92
21.8287,115.40
19.7268,119.89
22.9502,121.25
19.8813,116.51
20.6958,112.94
22.2444,108.98
21.9595,111.36
20.1269,112.75
19.2923,114.90
19.0540,112.00
22.3395,112.16
18.4758,115.73
18.0812,114.07
24.6272,111.66
22.4297,110.49
21.6132,111.71
22.9114,116.95
24.5012,112.64
17.9569,116.00
22.2447,110.99
23.6760,116.61
18.6845,117.77
19.8369,114.98
20.5538,117.77
21.2052,118.88
21.1986,116.70
19.1734,118.69
18.8333,114.56
22.3483,115.07
22.9516,117.59
20.6281,117.25
17.0514,118.68
23.8565,116.33
25.0770,114.33
23.8486,109.98
19.6871,115.83
23.6133,110.84
22.7391,112.62
25.4893,107.33
20.5683,113.40
19.5810,117.15
21.3034,111.60
25.4829,117.45
21.3063,115.73
25.8441,118.21
21.8171,112.00
23.9737,115.37
22.3473,113.53
24.8540,118.49
26.7436,117.78
25.1866,112.93
33.6107,108.80
28.5752,112.16
24.9485,110.79
21.8430,115.00
18.6670,110.99
25.7163,109.98
24.4948,110.55
20.7351,115.26
27.9333,111.82
24.3400,117.06
24.6244,111.04
26.3827,110.88
22.5278,115.49
26.5061,112.56
21.7897,116.66
20.2300,117.45
21.2555,112.76
17.3043,116.48
20.7052,118.43
18.1068,119.76
18.1214,117.38
23.3983,114.47
19.0546,114.17
20.2455,120.09
17.8397,116.17
16.2716,114.45
16.8580,119.09
18.6558,116.58
17.4635,115.92
20.8202,115.23
23.6400,109.82
24.1350,114.40
22.5947,118.13
24.8050,114.72
25.1115,117.68
19.0546,119.63
26.2350,113.00
27.1532,114.47
25.6304,113.47
23.2663,118.28
24.9955,113.21
23.8276,111.19
23.5458,111.45
19.3434,109.74
21.0641,110.32
22.2142,108.47
21.8445,110.65
22.2503,108.25
20.4790,116.46
26.9877,111.94
20.4906,115.86
17.6082,118.91
15.9507,119.16
17.6666,117.07
23.1605,116.18
19.4035,117.08
21.8240,113.44
21.4137,118.21
21.0678,118.93
19.2218,113.80
18.5629,118.06
19.4064,116.13
20.7473,112.55
19.3907,109.37
22.9899,112.18
22.4119,107.81
17.8384,113.94
23.0338,110.19
25.9572,104.39
27.9269,108.26
25.0323,115.56
19.7384,110.52
20.8048,111.85
30.3939,113.49
25.1366,112.29
21.2327,114.00
19.8194,117.37
23.1056,112.08
19.1423,112.76
21.5859,111.41
19.0014,114.53
18.2234,116.79
21.2441,115.00
22.9363,115.45
22.7317,113.51
24.9350,118.29
23.4633,111.99
25.9209,115.54
24.5712,113.97
21.1956,114.76
23.1364,112.21
19.2131,115.07
20.2008,115.69
20.6689,117.55
21.9867,116.63
20.6659,113.32
27.4256,113.21
23.6087,114.30
24.7161,115.36
22.0968,117.94
22.0732,117.90
27.9047,116.47
20.2175,115.93
22.3304,108.52
23.7385,112.39
28.3161,107.53
23.1466,116.64
26.2748,116.79
21.3652,114.82
23.9423,107.90
24.6515,108.81
26.9585,108.54
26.6059,111.95
27.3087,115.13
25.9496,110.90
25.4232,110.31
23.9933,108.91
23.3842,102.57
24.2287,114.08
21.3690,113.30
19.8588,112.14
27.4760,114.04
22.3215,117.21
21.7982,117.71
19.0648,115.72
19.6645,117.18
20.0925,116.76
17.9219,124.31
15.8458,122.51
18.4525,117.77
20.7548,118.97
23.4508,118.59
33.1533,113.80
18.7832,117.53
20.6562,115.41
22.7163,116.80
23.1643,114.78
22.1111,115.13
23.4901,116.60
20.1307,114.65
23.8955,115.80
26.6696,110.53
23.8575,114.02
23.6178,111.21
25.4553,111.22
23.4331,112.74
23.6439,114.04
21.1995,117.35
23.9137,117.56
21.3496,116.69
21.3679,117.53
17.6939,118.07
22.3357,118.45
18.1715,116.11
23.6786,108.19
23.9434,108.96
22.1085,118.75
25.2655,114.94
28.7996,110.81
27.0824,108.52
27.3694,106.83
21.0168,109.72
27.3550,110.38
21.4369,119.71
33.4722,113.96
27.1703,116.67
28.3872,111.05
20.4334,118.22
19.6284,113.90
23.2124,118.91
21.4896,118.63
31.3336,116.05
24.8093,116.25
28.2090,114.12
25.0731,110.74
22.7118,113.04
25.3434,111.71
23.0783,111.20
24.7130,114.35
21.3554,116.53
21.0952,120.25
21.9333,119.72
19.1739,119.23
29.1934,119.01
21.0743,115.95
21.9367,116.22
20.5431,115.62
29.3269,113.78
21.8283,116.20
25.2032,114.67
23.9738,112.84
22.6805,114.28
25.9817,116.17
23.8629,118.58
25.6448,113.22
22.2717,115.17
20.5544,118.09
22.2538,112.54
20.4170,107.05
19.3936,114.93
18.0016,116.11
27.8316,112.65
19.4227,115.63
21.3207,113.00
21.8734,115.45
18.7310,117.62
18.6348,121.86
21.8111,117.74
21.8386,112.16
22.7371,114.03
27.8179,111.03
26.8378,107.08
24.6890,109.72
26.7060,110.35
27.1055,109.76
24.1311,111.34
23.3144,116.13
17.9133,117.39
19.8761,116.42
23.4423,113.26
27.0368,105.66
25.1871,111.84
24.6961,113.00
22.1689,111.80
23.5135,114.60
20.2398,117.18
16.0706,119.77
16.3101,118.28
20.6478,116.65
18.4759,116.15
24.5755,112.10
24.9438,110.75
18.2182,114.08
19.0348,115.82
19.7593,113.78
22.9947,109.42
28.8324,113.91
28.7054,103.96
31.1294,108.69
23.6674,107.24
24.3355,106.40
24.3321,111.56
25.3435,110.36
23.7558,113.33
19.2061,120.58
21.1669,111.60
25.6912,115.30
20.1343,111.54
21.9819,113.95
19.6096,115.79
20.1271,114.57
19.9979,118.30
23.6229,111.90
21.8239,113.30
20.1757,113.79
23.2629,113.51
22.0089,113.44
22.2154,110.55
22.2359,116.91
23.3402,116.13
23.1040,110.80
26.8603,114.95
23.2532,110.51
20.5782,112.45
26.1521,111.02
22.0904,112.42
26.3349,111.36
31.0787,105.78
25.2242,111.03
21.2967,107.75
26.9272,105.93
24.5218,112.87
21.9288,111.97
21.8895,117.48
19.4437,117.64
20.2277,118.00
26.7586,113.56
22.3426,116.52
24.4990,113.34
21.1491,110.73
21.6223,112.39
24.9151,110.78
18.4538,115.39
22.3487,115.76
17.6917,119.68
28.3156,113.60
22.8319,117.89
26.0740,113.53
21.9555,119.97
19.7128,121.90
21.1233,116.10
16.9259,118.99
17.5797,117.06
18.3035,116.87
19.9750,117.76
18.8948,114.60
24.7747,113.32
21.5877,112.46
22.2991,112.30
19.6421,114.01
25.9257,112.31
24.4565,112.99
26.4794,106.59
25.6706,113.66
27.5061,111.67
27.8989,106.76
30.5923,110.16
26.9250,113.60
21.1124,120.01
25.2684,118.42
26.6799,116.40
22.6133,113.62
28.3009,111.53
28.2543,108.21
33.6100,108.00
21.5565,115.03
24.3651,111.99
22.2246,119.53
26.9552,113.74
20.9772,119.82
26.0168,115.49
22.9768,116.95
22.7089,117.94
25.5223,111.33
24.8779,114.66
29.4367,110.22
30.8055,110.27
26.9647,109.25
23.9704,109.57
19.7723,114.21
16.2640,116.71
24.0785,113.76
22.1729,111.71
20.9737,115.93
20.6838,114.51
21.5499,118.01
18.8204,113.44
17.6165,115.65
22.6344,113.36
18.5876,117.19
27.4193,110.78
20.4052,118.49
18.7783,119.73
21.3409,114.69
22.5473,111.31
17.7180,112.24
18.8625,115.75
20.8318,113.39
20.4351,114.69
22.2515,113.89
24.4281,119.04
25.8450,109.06
20.2151,112.36
24.7047,115.98
24.7502,110.94
19.4432,113.61
22.4922,107.54
23.1157,107.86
25.3406,110.37
26.2746,110.07
25.6210,110.69
21.1519,115.92
26.6161,111.90
20.9917,113.04
19.8543,119.83
19.7271,112.71
19.4313,118.08
22.2317,119.23
21.8006,113.69
28.0989,109.09
22.4405,113.82
22.1426,113.16
20.2522,113.65
19.5817,113.98
22.3736,119.75
19.9385,114.71
25.1642,112.37
23.3257,111.19
22.3721,115.59
22.1049,112.31
23.6096,115.09
20.4841,109.75
21.8054,113.31
24.5601,113.86
26.9636,111.55
22.4388,114.40
25.5031,116.00
19.0690,116.27
22.1226,122.90
19.7681,118.27
22.1038,113.21
20.6711,110.01
26.0167,111.24
23.7011,108.50
19.2870,117.51
17.6985,112.51
20.7444,118.53
20.8806,115.62
21.1017,113.97
28.5755,115.54
25.5278,109.95
23.5317,117.30
26.5335,115.56
22.6769,115.27
20.9192,113.39
27.3600,112.89
27.1442,110.03
21.7190,116.10
28.7801,106.72
25.6554,110.99
32.6409,110.74
23.1413,115.07
21.9841,115.10
18.8870,118.25
17.7836,116.90
14.7686,118.61
20.4258,117.94
22.5848,115.14
27.1149,114.84
22.9036,115.41
25.4585,118.03
27.1863,113.15
27.9525,111.92
25.9814,116.82
26.9112,109.58
25.6998,111.77
25.1863,113.11
25.1425,111.53
23.3522,116.55
18.7979,117.79
22.9043,118.62
21.2721,114.62
22.0255,117.88
20.8420,114.61
25.2100,118.05
22.7565,119.01
21.4943,120.50
29.6975,113.74
23.1096,113.86
23.7558,112.84
24.9358,115.62
21.7276,112.51
20.7544,114.61
26.0456,116.97
21.5640,112.83
21.4973,111.82
27.6260,114.08
21.5288,115.13
21.2289,109.46
31.9666,108.56
23.0228,115.32
23.5263,110.90
21.2972,113.59
22.3904,111.64
21.6862,114.14
26.9480,116.84
25.5282,117.32
27.7883,118.72
24.5536,115.68
23.8565,111.59
24.8211,109.50
21.2889,110.21
17.6458,114.61
17.6755,113.65
23.5422,112.98
20.9704,113.86
21.4371,113.37
22.1772,113.76
23.2098,113.86
26.9674,111.56
24.9593,111.23
23.0578,114.65
22.7206,115.44
25.3495,106.04
27.7866,115.47
29.8430,112.04
24.2333,118.95
19.5688,117.13
19.7111,113.60
20.7375,112.22
22.5631,114.42
21.5688,111.85
20.8985,112.46
17.8380,118.17
22.3049,118.70
21.8484,113.00
17.4402,117.80
22.0180,112.06
26.2781,112.51
24.4138,113.18
20.6708,116.20
25.0574,113.20
24.4448,117.92
25.1673,119.47
26.7152,117.85
23.5989,118.47
18.5086,119.17
22.3535,121.42
19.3012,120.97
22.2935,117.56
20.1818,119.37
26.3234,115.06
24.0655,116.84
26.2343,118.12
22.9073,114.50
24.4617,114.04
26.8508,108.69
20.2284,116.18
22.2413,121.92
20.8890,113.66
27.0511,114.11
24.5596,117.33
31.8043,115.41
24.7007,116.56
27.9176,113.34
29.2529,115.03
24.2817,109.78
24.4870,106.91
20.5434,109.65
20.3860,112.02
20.0009,118.68
23.6412,114.80
23.6243,116.57
23.1454,115.79
30.5830,105.17
30.0828,119.49
20.2957,115.94
20.5606,121.33
20.1978,118.50
19.5394,117.04
18.9175,116.56
20.4823,115.26
23.5217,113.56
22.7183,119.82
19.3262,114.75
16.9058,119.46
20.0026,117.55
24.9121,119.63
16.6152,121.08
19.4659,123.54
24.8929,114.83
19.4842,112.62
20.4120,122.58
21.0200,116.45
24.8223,115.17
30.1939,113.67
24.2271,120.57
20.1647,116.20
22.5076,117.06
26.6163,115.28
21.8262,118.33
22.3171,118.51
25.9705,114.07
27.2473,111.83
35.5757,113.48
32.1100,109.88
29.0918,114.51
22.5976,113.55
22.1239,114.64
20.1220,113.39
20.4893,117.71
24.2878,115.43
20.8624,118.69
20.1805,119.72
20.2073,116.81
24.8842,110.69
21.2884,113.61
21.7626,117.21
18.2235,116.46
21.4442,118.79
20.3003,117.66
24.3832,116.01
28.2611,110.83
23.0257,112.42
20.0830,119.50
18.8315,116.60
19.0095,117.77
20.9931,119.07
15.8623,120.38
23.1824,116.00
22.0802,114.80
25.8722,115.68
23.2031,119.19
15.8014,113.75
18.8811,116.40
19.5657,117.25
17.9217,112.46
19.4411,112.50
20.0649,112.03
21.5813,111.74
23.0320,118.05
17.6144,114.61
19.9831,119.50
20.1729,115.66
19.3372,117.57
19.9231,112.80
21.4289,116.23
25.9836,112.66
20.6816,114.56
19.2917,116.04
17.6368,114.35
21.0888,111.95
24.8658,114.75
21.8970,115.64
23.4702,119.20
15.4194,122.18
16.1628,121.08
15.3837,119.84
22.0541,116.52
22.0616,118.58
20.1387,117.34
21.7700,120.09
22.0921,111.66
21.1898,118.45
24.4880,111.90
22.2986,113.76
22.5527,115.96
28.0965,114.71
27.5799,111.20
33.6223,108.84
23.6470,112.66
21.3213,113.95
22.2925,114.95
26.1331,116.80
19.1292,120.17
18.1035,117.96
18.6415,123.57
29.0980,115.92
21.6508,116.79
17.0828,119.56
22.1167,124.97
17.8661,120.35
16.3943,124.42
18.7617,121.71
16.3958,120.44
26.6894,120.00
21.0502,114.62
24.2991,114.63
31.2772,112.18
19.1336,116.77
18.8332,117.37
20.3682,117.21
21.9608,116.43
26.5396,121.98
19.1579,119.72
24.7649,114.92
20.4570,119.70
19.9989,119.98
20.9911,113.20
23.0280,114.86
26.7307,110.10
26.2671,109.29
25.3249,110.07
24.9857,103.24
25.7821,106.87
24.8416,117.34
28.2285,115.73
22.7766,114.07
20.9380,117.69
24.3980,118.00
27.5409,111.44
27.5787,114.31
30.6830,112.52
28.3103,113.10
23.2794,110.34
20.5620,120.33
20.1520,112.78
18.3691,120.04
20.0708,122.44
22.7723,117.95
30.0502,113.34
26.9008,113.20
20.8046,114.63
23.3767,117.59
24.1265,119.24
22.4630,116.22
20.2800,115.28
23.4867,119.32
20.4370,114.09
19.8985,112.28
24.6613,113.58
18.5403,112.98
25.0600,109.53
27.4541,110.75
22.3171,111.78
25.1139,109.14
22.7232,111.98
25.2489,113.84
19.3845,119.22
24.8603,110.89
24.1334,107.73
27.5940,107.77
30.1207,112.03
23.4801,113.40
21.8059,117.57
19.2661,120.15
18.5629,117.97
18.7120,117.63
23.6545,119.14
17.7585,117.38
19.2980,119.04
20.0138,115.92
20.2366,117.83
21.3950,118.53
19.1338,120.59
17.2413,118.68
18.3287,118.30
19.4689,118.48
23.2749,113.01
23.0182,113.86
33.1276,107.42
30.7551,111.85
25.7338,110.67
30.1306,110.25
26.8492,118.65
21.6471,118.89
21.0430,113.72
20.2073,113.40
20.4654,115.60
21.9003,117.32
22.0897,117.02
23.4226,120.53
18.1272,111.89
22.2304,121.20
17.7332,118.78
18.2299,113.01
18.8643,122.37
20.4552,121.81
18.6901,118.13
22.8999,114.60
20.0158,118.14
19.5560,113.44
21.4947,114.75
23.2162,114.45
20.5893,111.77
20.5675,116.33
20.6890,114.22
19.5828,115.71
16.1628,115.35
15.4278,114.72
20.7372,115.90
26.3420,114.68
17.1375,125.62
17.1615,121.06
23.2738,115.77
21.9976,118.06
22.2681,117.94
16.9019,114.25
17.3504,114.56
18.2256,115.29
17.5662,117.02
21.1130,114.73
17.1849,116.40
20.3704,114.21
17.0737,118.11
18.9780,118.22
19.4757,116.96
20.6283,111.62
21.6229,113.29
22.6415,113.42
26.2467,112.49
22.3162,115.66
29.5190,113.94
25.8537,115.73
31.6950,110.92
23.7630,112.11
20.9748,118.26
18.2128,121.77
18.9886,114.79
16.2302,117.93
15.8160,119.62
19.1542,120.19
18.8178,118.81
19.1865,121.20
29.6853,118.28
21.6563,122.28
22.1904,120.66
23.0944,117.46
24.0003,112.66
20.6861,110.76
19.9686,116.14
20.7531,116.78
22.4810,109.39
20.7422,114.67
25.7199,110.57
24.1098,112.80
19.2478,111.25
22.9728,118.24
21.8296,120.06
24.2706,113.19
24.5873,114.81
20.0254,118.87
17.1091,116.71
18.7773,116.23
19.7125,122.25
19.8470,121.30
23.1691,117.41
20.4329,118.30
21.4501,114.85
20.5649,109.56
22.9137,116.75
21.9650,114.90
23.8304,114.67
15.3428,117.36
17.2976,116.95
15.1449,115.71
19.8440,113.14
19.3631,115.69
23.0247,112.07
22.8976,112.52
22.6005,116.42
23.6275,114.62
16.8152,118.28
18.1224,117.35
15.0580,118.09
17.7325,116.58
22.1444,110.23
20.6292,111.05
22.3293,115.81
21.1135,116.24
19.6266,120.48
20.6198,119.42
16.8996,117.36
17.0662,120.45
20.1838,117.45
22.3734,116.09
18.1268,120.03
20.4253,117.78
19.4438,114.60
21.6209,114.46
20.6716,115.69
22.0879,116.45
21.4850,118.61
20.8454,116.88
21.7622,114.69
30.2726,113.71
20.2536,117.63
22.9827,120.54
21.1668,114.43
18.4893,116.33
17.9146,119.98
20.6469,114.09
19.9318,108.36
21.0685,115.40
23.9098,115.55
23.7837,110.58
26.5701,109.47
22.8386,109.77
20.1578,114.50
22.7726,113.69
20.6124,114.16
21.8849,113.00
24.6058,115.60
23.4332,114.84
20.5808,119.98
19.4303,115.80
23.7203,115.11
21.4648,117.52
18.6145,115.98
18.7575,120.40
29.0264,118.09
22.3844,113.10
21.4222,115.04
24.4110,117.84
22.7058,113.74
21.8773,112.52
20.5986,116.84
18.4256,117.03
21.2276,114.99
27.7830,110.63
25.9832,113.09
23.5946,111.49
23.2614,114.05
20.5877,115.85
22.6845,115.06
22.5548,109.94
24.2523,107.75
20.2764,111.10
26.6417,110.95
22.1630,114.07
19.6180,116.61
20.7488,110.36
22.3473,111.59
25.6065,114.24
17.9582,115.94
21.1956,112.17
22.5387,114.56
24.8016,114.14
26.6741,112.16
29.0991,113.44
21.7859,113.96
21.3516,116.40
20.8046,112.07
23.1562,114.14
21.3966,115.58
23.1419,108.47
24.7139,113.55
22.1933,114.82
23.4486,112.25
23.4146,112.98
21.5102,114.59
18.8961,113.82
22.4437,119.42
19.9172,114.90
19.3651,115.49
20.1428,117.34
18.0798,114.63
23.2056,110.39
19.3630,114.16
24.4854,112.53
28.6485,113.81
29.5087,109.11
27.2445,112.77
25.5151,112.57
24.7019,116.40
30.0447,108.74
21.3691,114.00
23.1245,114.37
23.0767,112.50
20.1169,115.60
22.6608,117.45
32.3843,110.20
29.4669,110.00
25.2706,117.64
26.7695,114.18
25.1758,114.44
28.5088,117.61
27.8115,112.40
24.1710,116.00
36.2345,113.52
25.1417,110.69
30.4943,112.36
21.3047,111.24
24.7001,115.25
26.3380,112.96
22.6511,114.36
25.0994,112.68
25.9597,114.10
27.1937,112.64
27.0625,112.13
24.0059,119.34
19.2492,115.57
26.9125,112.86
20.2919,114.30
21.1466,113.32
23.6263,108.69
22.9970,114.05
24.1616,115.76
22.8302,115.17
29.6955,111.97
28.0282,107.53
24.6789,111.13
23.3580,111.11
20.6951,112.68
22.8075,115.99
18.4210,118.19
20.4528,113.10
24.4065,112.98
20.3713,116.61
18.4004,116.43
19.4379,115.48
23.7241,112.85
22.6573,119.44
25.0567,114.81
23.0260,112.00
22.7963,113.71
26.0273,112.23
24.0676,115.87
26.6364,108.49
25.6965,111.17
21.8636,113.00
25.1643,108.62
25.2603,111.15
27.6964,112.81
25.3892,110.03
23.6725,111.98
30.3271,120.04
24.9423,113.16
25.7152,114.75
29.4780,111.97
27.7292,111.64
27.1529,111.72
27.5532,115.03
27.7950,116.74
24.9203,114.30
21.1338,117.16
20.8416,114.92
17.7314,117.51
24.3675,108.14
28.4782,110.05
24.5750,113.30
20.5592,112.02
24.5434,113.06
23.4491,113.51
25.8751,114.08
24.0324,110.33
29.6926,107.41
25.8961,115.20
30.6614,109.32
23.8845,117.21
24.0283,121.87
17.2376,117.65
16.7749,120.06
21.0007,115.56
21.2344,115.30
21.1337,115.23
21.3606,114.71
22.6925,111.23
22.7085,113.35
23.9846,115.59
32.6069,116.89
23.1470,117.13
20.7200,120.93
19.3787,116.39
23.9753,121.74
25.7013,118.91
18.1106,119.70
20.7314,117.38
19.4046,114.80
20.7330,116.05
25.7916,111.06
24.4115,119.25
27.2594,111.33
24.2112,109.45
25.1118,108.35
23.0391,112.62
26.3460,109.92
22.4208,115.12
36.5710,106.79
27.7450,107.95
23.7824,115.42
23.9113,112.91
16.4226,117.78
19.9524,114.65
18.1275,114.42
23.9933,115.03
17.4895,115.60
19.3633,112.56
18.0555,113.68
21.6362,111.24
24.3466,115.58
24.4579,118.11
23.1917,116.99
19.4817,123.23
20.9344,120.88
19.3894,122.19
38.5184,123.28
21.3598,118.55
31.6785,117.28
20.2545,120.56
17.7089,119.58
22.7191,117.85
20.9334,115.88
26.8867,110.04
23.0471,118.31
19.1376,115.97
23.1950,115.78
24.8309,117.22
22.8951,114.66
23.1200,118.71
30.7124,113.07
23.6611,118.38
24.9272,113.56
20.1840,117.18
29.2025,112.96
21.4656,112.07
21.4893,110.62
21.9319,114.51
19.0590,113.83
21.5807,116.55
20.7727,115.80
22.8203,114.38
25.5061,110.43
20.9101,113.25
25.8435,111.78
21.2151,109.87
23.8124,117.62
19.2532,117.96
20.9725,114.60
24.4451,113.75
21.6279,114.93
21.3034,115.32
29.8108,110.41
20.2426,115.98
21.9921,120.95
20.3681,113.67
23.6735,113.11
21.9576,118.82
28.9465,115.02
21.4162,113.12
20.5769,114.24
22.7246,116.94
17.5440,118.41
28.2903,112.79
30.0893,112.70
21.1360,116.07
19.4042,115.74
19.0791,116.95
17.4254,115.79
21.3637,113.48
23.5001,113.09
31.6555,105.13
27.6234,105.43
28.8983,112.95
28.5078,105.51
29.5338,111.56
20.5807,120.11
19.7564,118.73
24.0458,117.04
25.1468,117.58
19.9811,112.30
21.4596,113.09
19.7852,116.89
23.6273,110.70
30.9133,113.48
25.7085,115.49
28.2362,113.69
21.6123,113.92
22.6453,119.10
18.8847,116.68
17.7938,117.81
19.6210,118.69
20.9411,118.99
17.9754,118.21
23.8881,119.39
21.8355,121.04
24.4482,118.35
21.5530,119.97
23.6139,114.39
27.9055,114.06
22.7250,113.50
18.4304,117.09
21.1852,123.90
23.3573,117.41
16.7723,114.80
23.9559,113.64
22.3985,106.68
27.8043,107.65
24.6325,111.83
23.6538,110.89
21.0361,114.10
24.9790,109.83
21.0475,114.51
27.6906,110.23
36.3743,111.54
28.0920,115.13
20.9920,111.23
22.3809,114.07
20.7481,114.81
24.6976,112.76
21.0227,119.89
18.7925,121.40
20.1121,117.35
22.3003,115.85
25.4640,113.23
28.5716,113.54
25.0839,111.87
24.0724,113.09
18.9117,112.98
23.4900,115.71
22.9394,113.02
24.1125,115.39
33.6032,118.07
23.2593,114.86
21.6564,113.88
26.9520,104.58
25.7382,115.43
22.9589,113.78
19.2328,115.39
21.8378,116.98
18.5738,110.31
30.8599,108.80
24.3046,116.77
22.8421,111.21
24.9383,111.12
24.2855,118.59
25.0030,112.52
24.9665,111.60
21.6134,112.93
27.3377,117.41
21.5066,118.09
19.8081,117.14
17.5583,116.15
20.4219,115.88
20.2005,113.67
21.0178,116.36
19.6510,120.83
17.8593,118.42
24.0867,117.56
17.1353,117.48
19.8419,115.41
21.7796,117.64
21.9987,115.62
21.7793,118.64
20.4266,112.05
19.1773,115.22
22.5781,112.62
19.9951,114.34
20.1733,118.86
23.2015,115.73
21.3219,118.84
22.7751,111.70
21.7696,115.29
18.1613,112.33
23.4406,111.18
22.7135,110.37
23.2556,108.68
19.4790,114.47
22.2760,115.67
24.7378,113.10
19.1967,114.82
19.9471,113.87
21.3811,113.93
23.9262,112.21
25.5831,113.53
23.3838,110.97
28.4346,110.91
26.7422,113.55
21.8525,110.80
25.4292,112.41
22.5273,108.05
24.3971,115.99
17.8467,114.75
20.4107,117.82
19.4865,115.46
18.6105,113.66
19.2986,116.51
24.8844,113.52
28.6866,114.02
27.0508,108.42
26.1309,114.83
21.6809,116.53
21.5567,118.83
22.7401,112.60
26.5625,113.78
26.5713,115.31
22.4707,115.98
22.6112,114.19
22.3109,113.70
21.2759,115.17
23.3852,116.31
20.9936,117.26
24.2838,113.38
28.9125,119.35
27.2637,119.80
24.2981,115.52
26.5053,113.49
24.8528,113.03
25.6891,117.27
22.8637,106.57
25.1415,111.75
23.4428,114.29
27.6833,117.01
28.1882,112.69
26.9671,109.89
25.4593,115.47
27.1195,110.85
26.2221,114.01
20.0469,110.93
27.8004,111.30
23.6550,111.05
28.8679,107.96
25.2318,109.77
27.6236,114.27
25.7818,114.21
19.3112,115.47
18.9969,115.77
24.4949,112.66
25.9176,110.69
25.8683,112.58
22.9358,111.75
28.2047,111.88
22.1147,116.29
23.5964,115.31
21.8563,117.91
20.1936,117.93
25.1387,114.86
23.4115,115.47
22.3026,115.75
17.4888,114.22
21.5308,113.57
26.8899,113.04
24.0923,112.47
23.4619,115.40
19.2902,116.51
20.4559,120.16
22.7605,112.18
22.4790,112.45
16.9530,112.18
19.0541,108.75
27.4357,110.23
19.6751,119.68
20.8886,118.57
23.9801,118.57
28.8917,113.62
27.0794,112.77
24.8039,113.50
30.9305,109.46
26.3858,108.28
26.7138,108.20
21.6475,109.41
24.6736,106.79
22.0756,120.67
22.3136,113.29
19.5445,112.20
19.1681,112.98
23.5797,115.12
24.1295,111.50
21.5966,113.26
25.3145,114.90
21.0909,112.80
19.1371,113.83
22.7044,115.17
23.3932,110.92
22.6028,112.72
28.7813,114.84
22.8818,116.59
25.7033,115.57
18.6530,120.58
18.9392,114.99
17.6978,117.03
17.0726,117.60
19.1955,110.01
20.3252,111.11
20.5265,112.93
23.0567,110.32
26.9442,111.70
22.2817,111.84
29.4808,111.29
21.6755,115.63
19.9016,116.15
25.2430,115.36
17.1539,116.86
25.8715,115.21
22.4144,116.97
24.4067,123.82
22.6849,119.42
26.2757,112.15
31.1711,113.36
26.1617,116.95
27.6238,115.09
26.7019,112.89
24.6043,113.69
27.7456,112.35
25.3103,111.32
22.3873,110.16
22.8108,118.00
27.4119,114.88
23.3248,113.26
24.4087,113.24
21.5746,115.88
24.1560,114.95
21.8643,110.57
20.0835,110.51
23.7851,112.54
20.0081,115.60
19.4363,116.08
22.1537,113.27
22.5909,111.14
19.3899,117.95
23.0823,116.02
24.1151,114.54
23.6535,111.90
24.4640,116.24
23.9701,116.72
31.0138,115.88
27.5070,112.96
27.8660,111.82
28.8188,114.96
25.5214,114.39
27.5064,114.24
21.4157,115.94
23.2022,112.98
22.6980,108.45
26.2255,118.06
19.8949,110.23
24.5112,115.19
20.1355,116.20
21.7386,117.90
21.4200,108.39
21.3886,116.85
19.5601,115.22
21.6265,117.43
29.4297,109.94
22.9451,117.68
18.7820,110.52
26.4459,108.50
25.2027,109.14
28.1027,112.20
22.9875,111.32
31.5867,108.50
27.1305,110.14
28.4866,102.75
28.7550,106.94
23.9213,114.68
19.9744,114.75
25.2284,110.72
23.5807,110.67
21.1649,116.71
24.5203,112.12
28.6250,109.70
26.4404,114.49
23.8514,111.06
23.8096,109.67
23.8725,113.39
25.7402,115.96
20.6777,118.76
26.7125,119.98
27.0004,113.42
24.4067,111.26
22.7429,117.76
30.7314,113.18
29.1992,108.16
28.6865,114.53
31.8952,114.53
30.0521,109.66
33.6644,110.21
23.4259,116.75
29.5596,107.68
22.9775,112.05
25.6372,111.32
24.9505,114.22
27.4466,112.92
25.3725,111.92
24.1098,112.31
26.0014,113.64
20.8368,117.30
19.5305,117.41
23.6788,112.10
25.2516,111.11
26.7913,111.79
19.1803,115.17
20.5178,112.02
22.1552,117.42
19.9755,121.26
23.1154,119.28
30.5308,111.27
30.7612,112.49
35.7877,112.58
22.9972,115.02
27.5082,110.30
23.4895,113.07
26.4234,108.06
22.9537,107.95
23.4149,115.27
20.7541,110.56
19.9626,114.89
21.2269,114.78
19.1158,119.33
23.0912,115.42
28.0716,110.98
21.1563,119.60
22.2066,110.45
19.2878,118.21
18.3989,118.96
24.6405,110.73
25.2000,110.72
23.4396,114.38
23.1759,115.02
20.4604,113.65
25.7860,111.20
21.8353,116.63
19.3060,117.21
19.8713,121.20
19.3780,118.26
20.7772,116.03
22.3764,115.28
31.6604,112.74
26.8700,110.81
28.2642,106.14
28.5630,111.63
25.9034,109.22
22.5782,108.69
22.4878,122.41
19.6701,118.25
20.0348,118.25
20.7162,113.41
23.5241,116.58
21.0286,116.60
27.7237,114.35
29.3603,113.26
20.7616,114.90
19.9876,113.65
24.1597,114.65
22.3780,117.14
20.4975,117.79
23.3716,111.39
20.4310,117.93
16.4229,116.03
20.1868,120.79
25.0855,112.10
21.5155,114.55
22.8135,115.51
21.8257,115.18
27.9086,112.62
25.7757,116.20
30.1647,110.83
28.1021,109.18
23.4474,112.62
20.5938,115.68
19.6354,120.93
18.9474,116.97
22.6845,117.04
27.8877,114.11
31.5061,111.60
30.2626,113.81
24.4980,116.80
27.2922,116.96
25.3745,109.76
22.0971,115.74
30.4065,109.44
25.3323,112.58
23.9752,111.69
24.2559,109.87
27.0889,109.27
27.3861,116.00
27.1676,113.40
24.7526,114.78
29.5681,111.91
23.0348,111.52
23.9355,113.39
22.6944,112.76
26.5808,110.85
24.6611,111.90
24.4474,116.39
30.3380,109.40
29.3112,113.15
25.0553,112.52
18.0147,109.13
23.8706,113.73
24.7696,110.34
26.2968,110.53
27.8341,107.11
27.9566,111.35
29.7693,112.77
27.1094,112.32
23.5315,119.20
20.1948,112.58
23.8459,113.16
17.9606,111.98
20.8324,114.44
20.6765,116.55
20.9922,113.89
23.8967,113.75
26.3007,112.45
26.7049,113.05
25.8577,117.13
20.7596,114.71
22.4821,113.66
23.3677,112.86
21.0472,112.31
23.3617,114.08
26.9905,109.28
22.9220,114.29
25.9867,108.18
23.6525,112.00
23.3245,111.94
21.6364,112.54
17.6363,113.51
24.7371,110.71
25.4978,113.89
23.1499,112.29
22.1552,113.72
27.4819,112.58
21.6174,111.73
23.5424,112.29
22.0144,114.08
25.9955,110.93
22.4865,114.34
23.0043,118.73
27.4037,113.13
23.9846,113.78
19.5558,112.81
20.4872,115.80
19.3145,113.02
22.8382,104.66
22.0129,108.37
22.2833,111.77
22.2279,110.82
23.6168,107.86
23.0565,115.73
30.3864,110.49
23.1291,115.70
23.4014,113.84
24.3024,111.87
26.7920,113.61
26.5564,108.75
25.1152,115.00
23.8080,115.50
19.8771,120.55
21.9415,120.26
27.2165,113.94
21.6551,117.92
21.3928,116.84
24.2946,111.16
19.5779,120.28
23.2214,117.38
24.0760,117.64
22.0045,116.00
33.7300,112.84
22.5372,117.62
23.6791,116.38
20.2340,119.26
16.6499,119.64
18.9398,113.29
21.9444,117.71
20.4987,114.71
19.8273,109.80
20.4345,113.22
19.6653,115.24
20.7478,110.33
21.8975,112.59
19.8742,108.75
26.3636,113.78
22.5337,113.77
18.9476,115.53
25.0406,115.15
23.1019,114.93
24.9154,116.02
25.1739,112.38
25.3757,114.55
35.9577,112.40
21.8337,114.84
20.4913,113.95
24.2169,109.43
23.7575,118.04
22.8915,115.34
24.2915,114.08
21.9780,114.52
32.5934,111.53
25.4660,114.16
23.2056,112.31
22.4546,111.95
24.4215,116.89
19.9584,115.67
17.4970,116.29
17.9707,117.46
22.2070,112.13
26.9515,117.64
24.9048,111.18
19.4782,106.83
25.2178,107.06
23.2806,114.36
23.2263,108.99
23.8199,115.54
27.3764,118.10
23.9401,115.19
19.1993,120.24
26.3001,115.95
25.7606,116.38
29.2843,113.06
34.2828,110.17
26.9780,110.09
28.5019,111.30
24.8803,112.50
24.3644,111.18
32.4521,118.94
25.7614,117.55
18.9665,119.79
21.6221,121.02
28.6852,113.57
25.9190,112.88
24.5909,119.45
20.7280,115.79
25.5765,113.54
23.7671,111.35
26.9955,111.37
21.7969,108.26
23.7205,113.42
20.0002,114.81
21.1287,109.33
25.6123,109.28
23.3079,112.77
22.7194,110.89
22.1614,114.48
20.1342,116.84
21.4575,114.98
25.1336,115.53
18.4912,115.55
20.4307,115.60
17.8379,117.66
17.3041,121.00
17.5176,117.75
16.3354,116.18
18.1857,116.16
23.1311,114.54
27.3621,115.74
23.2669,114.48
24.6237,112.94
25.8489,113.80
26.3855,112.01
22.2035,116.80
27.2083,109.69
27.7570,111.00
29.6996,109.08
29.4450,111.23
26.4432,112.68
22.6471,115.65
22.0341,108.36
24.5561,114.82
20.1535,116.21
19.2671,119.89
22.3396,116.68
21.3390,118.60
22.7536,117.73
23.4895,115.44
24.2401,114.89
21.0646,117.95
21.7353,113.45
23.2073,114.91
23.8828,112.47
29.1088,116.50
22.1283,115.44
21.0515,116.48
18.2146,115.06
26.2835,109.42
20.7234,111.03
24.4860,106.26
31.0680,110.38
22.1743,109.86
23.6426,110.17
20.0103,114.37
21.7349,116.35
19.6154,114.03
20.5041,114.35
22.2862,115.80
16.2080,117.40
19.4404,112.70
21.5025,117.57
18.3883,115.06
19.2401,118.68
19.7395,123.51
23.3800,117.10
27.4957,110.36
23.5764,111.21
25.9148,114.84
21.5713,108.50
27.3217,113.51
29.1391,115.87
24.8620,114.58
27.8671,112.59
23.3570,115.53
31.1603,110.01
19.1014,115.70
19.5556,111.77
22.9698,110.03
23.9945,113.86
18.3995,112.51
18.5033,116.25
24.6506,107.77
23.1797,113.30
28.5223,106.27
20.5531,115.96
22.1711,114.59
16.1658,119.36
19.7788,113.59
31.7448,110.44
22.2040,114.68
23.4621,115.58
23.3660,118.15
22.5145,118.39
28.3606,116.17
22.8789,108.57
25.6558,112.19
27.0602,112.86
26.2290,113.01
27.1847,113.57
25.7886,109.05
32.3887,108.19
30.2559,111.61
22.4079,118.70
22.1360,113.96
20.6264,116.04
18.6278,116.20
24.5241,115.18
25.0939,108.64
20.5498,115.30
21.0633,110.04
30.7321,108.70
28.0262,115.29
24.6308,112.40
22.6016,112.04
20.5427,118.49
24.9723,115.81
23.0387,117.43
24.7612,112.39
24.6428,116.01
23.8183,116.12
21.6695,114.04
23.2227,116.76
24.7651,117.14
19.8546,112.36
21.8405,119.26
26.2234,115.31
22.9550,116.86
19.8590,117.60
18.0955,120.06
21.4600,118.80
22.8651,113.81
22.4191,120.34
20.7829,123.04
25.3960,118.40
26.5010,113.24
25.4337,114.40
29.5173,105.48
31.0002,113.21
27.8732,113.29
20.2494,117.95
25.8450,114.79
22.1579,117.31
25.5570,114.17
27.3693,106.84
27.2427,112.35
15.6918,116.94
19.6954,116.40
18.7720,111.75
16.7508,113.66
21.1857,111.93
23.6788,112.55
19.5988,113.05
19.2770,114.11
21.3948,108.18
22.9005,112.74
19.7485,121.49
18.5923,114.53
19.8659,112.49
21.5214,115.56
20.0944,116.00
24.1249,115.70
23.4968,115.25
20.8284,116.72
22.1544,116.37
24.7965,109.68
22.5740,113.64
22.7978,109.79
22.7039,109.36
24.4153,109.41
24.6009,111.66
21.8555,112.29
24.8396,111.58
21.9709,117.14
24.7525,115.39
21.5595,120.07
19.1666,116.63
22.6025,118.94
33.8941,117.48
27.8512,116.67
28.0751,109.64
26.7445,114.30
25.9173,120.55
24.1949,111.84
22.1576,113.92
20.4217,113.41
26.4363,111.91
22.9730,110.48
20.5095,115.63
18.5927,112.85
23.9975,112.56
23.7067,113.69
22.1659,123.02
17.3541,115.48
22.9425,117.48
27.2213,113.40
26.7102,107.89
21.8616,113.44
21.0758,116.01
25.0024,113.30
24.6588,115.70
23.1659,115.95
23.4670,113.03
22.7176,117.13
15.9176,117.37
23.1443,114.42
23.4604,115.98
22.2547,112.91
24.4108,113.67
18.6724,114.75
22.8116,115.17
24.4230,114.29
21.9205,116.68
27.1102,112.08
16.4206,119.28
21.9925,121.39
19.0756,117.32
23.0813,111.68
26.0835,110.60
27.9746,111.97
27.3015,115.03
21.6766,113.23
23.1888,115.83
21.5011,113.44
20.0623,114.41
21.0239,110.57
31.8558,107.76
29.5012,112.09
28.4949,108.39
21.4764,116.50
22.1241,109.84
21.5026,118.89
23.8261,109.97
27.6817,114.63
25.1166,112.23
21.0058,114.89
22.8549,108.99
21.1009,111.48
22.7616,116.31
24.9520,112.30
28.9801,115.34
23.7523,113.28
22.1720,114.38
21.6101,114.46
23.7122,114.06
20.1008,113.55
20.8161,113.44
