11.7998,44.24
14.6026,54.80
12.7287,55.41
14.2825,61.96
15.3416,43.53
10.3886,14.35
13.4116,59.13
13.7062,62.24
13.8792,51.70
13.8865,45.49
14.9029,54.10
14.0954,50.85
12.5340,48.68
12.6776,56.20
10.9732,43.57
13.1767,49.26
13.9441,60.95
11.1876,49.93
11.6241,42.06
10.4851,39.99
12.2781,42.53
14.2372,67.28
13.0143,48.90
12.9002,55.87
13.1239,50.48
10.6426,49.54
14.9378,63.74
13.2617,58.26
12.5869,54.39
14.2406,55.57
12.1688,53.29
15.0553,68.35
13.6264,58.79
10.7673,50.37
12.6466,58.48
14.6839,69.53
15.2123,69.33
14.8626,61.52
12.8003,55.29
15.6605,73.10
12.3036,54.99
13.5136,59.97
13.9698,62.74
15.5278,66.06
12.9069,57.10
14.7064,73.29
14.1361,66.94
15.0900,67.79
12.2734,55.56
14.1700,65.91
15.3595,75.14
14.5207,61.73
15.6650,60.24
16.9764,76.49
14.8530,63.42
15.5435,67.52
17.0589,62.28
15.5465,66.80
14.7253,54.08
14.7391,60.20
16.7213,66.78
15.1446,60.56
17.4351,60.52
14.2932,64.92
14.9282,72.50
16.2678,60.63
16.7515,69.16
15.6609,66.45
15.6071,57.24
16.4331,64.08
17.9683,61.90
16.6703,65.09
18.8875,63.72
17.4720,67.30
18.5947,71.22
17.0241,57.54
16.7398,57.95
19.3629,59.18
19.9599,60.26
16.6291,69.27
16.1790,59.63
18.7897,54.27
20.4673,58.29
17.1854,65.80
17.6574,63.13
17.4565,49.40
20.0401,58.83
19.3500,62.39
20.8983,53.56
19.1498,67.34
20.1559,55.42
18.9444,62.65
19.2505,59.80
21.1709,53.85
20.3689,53.98
18.9559,44.90
21.3334,44.66
19.0721,46.91
22.2815,50.67
22.3114,53.03
20.5927,53.76
23.6347,55.40
20.1890,53.42
21.9524,59.34
20.9588,53.53
21.5666,66.21
20.5602,53.81
21.0026,47.97
21.1812,61.22
18.3934,58.04
22.2551,56.69
19.3615,59.71
22.1107,59.23
18.9131,55.39
19.2157,64.67
22.2137,61.84
20.3499,64.19
17.4620,50.59
19.9655,63.23
17.3135,51.45
17.2602,57.60
19.7223,56.80
18.2453,69.29
20.4441,57.45
21.8283,55.44
21.0826,56.38
17.7319,61.04
19.6825,49.90
19.1577,58.39
17.4332,50.55
17.4232,52.24
18.4990,56.98
19.9520,61.21
16.3994,59.39
18.2044,61.30
16.9806,59.31
18.5440,57.45
21.1787,64.11
20.4060,55.76
19.4378,65.58
19.6848,56.38
19.1699,59.63
17.7707,52.42
18.8519,50.53
19.1729,58.47
16.3036,58.67
17.6211,51.41
19.6382,67.71
20.2018,65.97
17.4193,50.58
18.4351,59.00
16.6795,55.61
17.0677,65.64
17.7685,55.75
16.8590,66.16
17.4380,52.71
16.7074,55.65
15.8511,64.37
14.7442,63.51
17.6032,64.74
16.8190,57.86
18.1093,51.09
18.1676,53.83
19.6463,71.56
14.4941,56.81
16.1068,63.54
13.8484,58.87
15.6332,70.30
17.3422,48.21
17.2081,64.78
15.9432,59.14
17.7454,67.14
15.5888,68.17
15.1340,67.81
16.4612,55.77
14.2558,58.76
12.7063,58.16
15.9226,69.64
18.4019,68.28
16.8255,61.06
14.4593,59.37
14.4868,67.67
16.7205,64.02
18.1820,71.97
16.5770,66.02
17.6861,57.46
18.6874,75.62
17.0445,49.42
18.2032,56.34
18.5979,62.90
14.7548,40.16
14.8105,40.89
18.3236,48.81
18.6637,59.53
17.8542,59.58
16.5386,51.96
18.8214,56.59
16.2377,55.80
16.2872,56.03
18.3077,68.13
16.6476,57.54
15.5695,59.18
16.4290,66.71
14.6003,59.56
19.0472,65.01
16.3658,60.84
14.4958,61.83
15.4976,60.53
17.5173,69.78
17.4933,63.73
13.5672,63.71
15.1792,55.73
13.8074,51.81
14.8585,59.08
14.3491,50.91
16.0383,63.06
14.0838,60.08
14.8204,61.92
15.4813,61.98
17.2140,65.05
16.0272,55.63
13.5517,61.90
15.7180,57.46
18.6234,54.60
16.6562,56.98
16.2104,62.63
16.0074,70.93
18.4298,69.60
16.7047,63.97
16.2168,61.48
16.8489,60.02
16.8904,53.18
12.0598,55.23
16.3280,70.13
17.6001,64.29
16.8574,64.47
17.2356,64.67
17.5681,60.37
17.2841,69.08
15.9457,64.80
16.5809,56.44
13.8130,62.34
17.4102,68.26
15.6427,54.97
13.0678,66.54
17.6705,54.94
14.7160,57.20
14.5167,56.31
16.6202,54.11
13.8479,52.66
14.6460,60.56
14.0447,51.51
15.3285,55.68
15.9028,71.90
16.3740,63.76
15.1791,59.71
14.7213,69.63
14.9668,66.58
14.2079,67.95
15.0772,61.78
18.0923,61.48
16.6672,65.06
14.8674,76.32
12.6012,60.69
13.1417,66.24
15.6938,63.22
14.4209,71.73
16.2100,64.17
15.8813,64.34
16.3382,61.30
14.5891,62.24
14.0981,66.62
13.9293,64.22
14.9281,59.80
14.7013,57.18
13.8926,68.66
12.5015,61.55
17.3164,72.68
14.0127,57.32
16.1289,60.98
16.2610,58.89
17.3678,65.86
16.0932,63.24
16.6043,72.25
17.0549,69.83
16.8602,63.60
14.5278,63.91
17.1280,61.95
16.1473,65.81
17.5280,64.25
15.6838,62.07
15.6840,55.40
14.4637,60.76
16.5999,57.39
15.0430,60.95
13.9007,68.88
16.6074,64.71
18.0384,80.67
14.2974,69.07
15.9131,68.21
16.3739,58.23
15.7817,53.14
15.5120,49.05
13.2546,67.47
17.8559,58.79
13.3050,65.18
13.7935,66.25
14.6480,45.89
13.8214,54.11
16.2392,68.69
16.6870,63.55
13.4886,60.02
17.8959,62.15
15.2284,63.15
14.2165,63.83
16.1127,60.29
15.5438,68.54
16.6306,69.52
19.2422,58.17
13.9760,44.65
18.1932,58.91
16.3901,58.17
14.2220,52.16
17.1706,67.22
16.1459,63.17
17.6686,63.01
18.9050,63.30
17.9636,59.33
15.1694,68.77
16.3027,58.34
18.2427,61.59
16.8900,50.82
19.5344,68.14
20.2505,56.40
15.6059,62.32
18.5090,62.98
17.8522,67.78
18.1873,62.86
14.5730,72.43
16.3621,68.64
17.5648,64.14
17.0107,52.60
17.2132,68.60
17.5251,61.09
16.0953,63.35
14.2174,55.35
14.3158,55.62
14.5682,53.31
18.2107,54.54
15.5971,68.95
15.6446,55.66
15.2498,72.52
15.6811,69.50
18.4286,63.32
14.4690,50.65
15.0667,68.29
13.6518,46.97
15.2074,76.36
14.4626,65.85
14.2671,62.22
15.3768,61.57
13.4305,55.75
14.7778,66.87
14.3929,73.28
14.6273,64.16
14.3061,72.33
12.9136,67.72
15.5609,62.82
15.8347,65.42
15.9403,61.65
17.1795,72.14
16.9738,63.18
16.9427,66.16
15.9584,65.19
16.0400,59.57
17.3919,62.78
16.9762,57.21
16.4674,59.42
15.0861,62.19
18.9805,72.20
14.8795,71.23
15.3476,62.86
19.1973,65.34
20.3659,67.87
20.0665,65.06
16.2853,56.18
16.1368,51.47
15.2414,64.31
19.2422,58.33
17.4245,70.39
18.6413,59.03
16.9169,51.62
16.7752,51.80
17.0223,62.31
17.3432,59.35
16.3368,61.44
17.8633,70.06
19.0261,65.03
13.8753,52.22
18.4752,63.42
17.6453,59.11
16.5460,71.06
14.9818,64.23
14.4174,70.67
15.5778,59.44
14.6611,67.40
15.6663,62.73
17.8617,62.52
14.7449,54.29
17.3676,63.65
14.8166,63.52
18.0674,63.64
13.5974,65.20
14.2520,72.68
19.5783,67.09
16.7875,64.84
16.0397,65.59
17.5638,63.48
16.2353,67.10
13.5914,59.32
14.0416,61.94
15.8021,57.71
16.5796,61.41
15.0815,68.65
16.2841,63.56
16.0769,66.33
14.5626,64.94
16.6901,58.95
18.0080,64.25
18.0832,59.57
16.1204,68.91
18.1448,61.79
17.0518,66.64
17.6605,72.42
16.3318,61.23
14.6150,58.85
17.4121,55.51
17.0925,50.66
16.6035,58.19
15.7897,51.28
15.4792,60.98
18.6641,64.83
21.2210,62.74
17.1630,60.31
19.5913,60.40
15.6838,70.21
14.8001,64.32
15.2286,63.98
15.5772,62.22
17.8344,65.27
12.8527,62.47
16.4052,70.38
17.3911,59.76
15.0163,65.21
14.3811,61.62
13.9679,70.63
16.3813,52.55
14.8539,69.96
15.2649,60.43
14.8402,69.29
15.2750,46.38
14.6830,54.47
13.5153,67.46
15.0055,62.44
16.5858,64.98
15.7155,69.41
16.5708,57.28
18.2472,66.89
16.9754,62.23
15.7438,64.73
14.7531,63.20
15.7796,59.40
17.7528,63.43
15.0500,69.14
15.2642,57.46
16.8312,60.57
15.0154,66.79
15.0237,69.12
19.4462,60.40
15.4083,57.86
18.9399,77.79
16.4327,62.71
19.0246,62.84
13.8119,56.31
15.4529,65.26
16.2180,68.45
16.8257,63.27
15.2147,57.20
15.0041,60.59
16.2243,65.97
14.7691,60.22
15.3165,52.04
16.5909,61.66
15.9324,58.99
16.1476,63.55
16.6960,65.20
15.0505,50.42
15.5730,59.73
16.5850,68.30
19.3312,68.85
12.7419,59.02
15.5504,63.88
16.8698,65.51
14.5447,67.53
16.5925,61.32
13.4972,57.39
15.9420,66.33
14.7007,59.79
16.2800,58.55
13.9928,54.05
14.9284,71.04
16.0918,61.77
14.4469,63.00
16.0543,66.85
13.2659,60.11
14.6365,63.38
14.2595,60.40
14.3212,61.58
16.6046,69.31
14.7799,59.36
14.8118,55.91
14.8372,64.43
13.9286,70.81
12.6882,53.97
14.7753,63.65
14.4660,65.13
17.3740,58.44
16.8632,66.24
15.2869,62.27
15.3388,62.39
14.1896,65.18
16.7217,52.07
16.9804,52.95
17.6701,52.81
16.4963,68.29
15.7041,67.50
13.9251,71.88
15.4895,55.75
15.3624,61.26
14.6594,64.98
17.8307,66.17
17.1208,63.39
16.0784,66.79
12.5386,59.39
14.2621,71.07
14.4806,61.34
16.1425,67.45
11.6058,57.39
15.9578,68.93
13.9897,66.81
15.3216,66.33
13.6201,62.77
15.0454,60.61
13.4619,67.63
12.3227,57.80
15.2380,61.71
14.5446,73.52
13.8639,60.84
14.5758,78.00
13.2619,63.39
14.1668,62.63
14.7046,61.85
14.2068,64.57
15.0837,61.70
16.8792,66.58
12.9789,64.10
15.3145,64.56
16.3828,68.01
14.0636,64.05
14.6846,68.06
18.5226,60.64
14.9093,59.45
14.9927,74.65
14.7554,59.90
19.9010,59.60
15.7528,63.80
16.5566,74.08
19.5104,65.32
17.2894,63.10
15.1356,63.45
14.0626,61.79
15.5633,63.77
14.8111,68.97
12.7050,66.74
15.9877,61.61
17.2281,59.39
14.5901,59.64
13.1980,68.31
12.6180,59.46
16.7480,60.31
13.9196,65.47
14.4698,49.27
13.5312,60.43
14.6979,70.13
18.1643,62.13
13.5232,57.66
13.8413,65.13
12.9302,66.07
17.3770,67.59
14.8953,61.12
15.7347,55.24
15.2719,58.52
14.3955,61.48
14.3448,45.52
15.2282,70.36
15.4066,64.13
14.8225,66.61
13.8329,64.64
12.3616,59.96
16.6034,60.15
16.6723,70.10
16.3529,58.32
12.3940,61.14
15.0622,71.98
14.1155,66.76
12.6505,62.05
13.4723,58.54
16.3836,68.28
14.1621,62.57
14.1125,73.95
15.8805,70.36
16.5498,76.40
14.3435,66.99
15.6883,72.51
14.3375,63.63
12.4643,64.12
15.6309,64.60
16.3127,68.99
12.6630,63.50
14.3909,65.25
15.3267,51.81
12.7327,70.32
14.8727,58.97
13.7442,53.19
13.4215,55.80
13.3312,62.13
13.7731,55.75
14.8626,64.04
13.5093,67.20
13.6786,65.96
13.2235,61.46
15.7533,61.77
11.7173,53.05
12.9723,67.74
11.5712,66.60
14.5546,65.37
12.6663,66.77
14.4241,59.48
10.7050,75.05
12.5001,70.14
13.5667,54.00
11.4504,70.16
14.6867,60.21
12.9211,70.06
12.1841,59.12
11.2271,80.81
11.4075,64.11
11.9331,69.02
12.9032,65.56
14.5761,70.15
13.6489,69.32
13.1368,61.32
12.2913,73.06
14.1340,60.86
15.1558,72.98
12.9797,69.74
13.7024,66.78
16.5864,61.82
13.4249,63.81
12.5067,68.45
13.5384,64.07
16.3543,60.81
14.2869,60.22
13.7905,66.39
13.3793,61.28
13.9728,61.14
16.5037,62.36
14.5307,66.16
15.7722,66.75
15.6979,71.12
17.1615,70.75
14.4528,69.59
17.5632,65.17
12.5480,57.94
14.7459,55.23
12.3752,69.01
17.4579,77.36
16.5038,46.09
17.4113,63.20
13.5760,54.03
16.3582,48.53
14.5555,65.42
15.7251,69.63
12.8650,59.00
14.9319,66.86
14.4232,61.80
12.1462,60.68
12.2601,58.79
13.6277,62.27
11.7125,67.50
13.3548,75.45
13.3731,67.60
12.2752,63.01
10.1985,59.27
12.9368,71.29
14.9768,59.10
12.9701,60.45
13.9131,66.41
11.9221,69.46
13.3899,65.76
15.5112,68.05
13.0999,56.63
11.6019,66.66
13.4350,67.95
12.7884,69.72
13.4200,59.41
15.6024,67.98
12.8406,69.96
12.6732,53.46
15.5068,62.70
13.5302,62.01
12.6769,56.27
16.9775,53.76
13.9894,62.86
14.9805,77.38
14.2769,61.50
12.3613,59.22
16.5303,64.16
14.7979,59.86
15.8846,72.04
12.4607,67.91
16.7605,73.81
13.7893,63.31
12.5590,67.48
13.3746,61.87
12.0413,61.53
12.7933,62.85
15.1318,74.31
14.5273,75.90
15.5242,64.98
13.6610,69.58
15.2853,70.85
14.7872,68.70
12.9432,72.04
13.2419,62.29
15.5741,74.10
14.6658,70.05
11.7748,64.51
14.0711,67.12
13.1855,65.55
13.9251,70.47
15.3066,63.14
14.1781,65.45
14.8418,61.44
10.8731,67.34
15.4856,65.40
14.8436,73.11
14.2923,63.92
15.3813,62.66
15.9970,59.84
14.0244,56.07
17.6056,59.83
15.4965,63.53
17.2438,66.07
16.7756,49.07
17.4140,66.60
15.5810,60.40
15.7833,65.97
13.2689,72.92
13.6896,67.42
16.0234,64.02
14.8965,64.69
14.6145,68.18
13.1395,65.07
15.2072,69.23
16.1447,58.51
14.1219,75.31
13.4808,71.77
17.0721,57.73
14.3072,64.41
16.0300,58.12
12.9227,73.81
13.0634,56.69
15.5714,65.61
14.6257,68.22
12.9621,57.61
16.4525,60.80
14.2872,53.55
15.8665,63.62
13.7818,64.58
15.7394,69.56
13.2750,64.35
13.4326,67.07
13.8554,56.66
14.1324,58.40
14.2730,67.50
14.8152,67.38
13.7411,56.00
15.3281,61.24
15.1777,68.39
15.3495,66.53
15.6665,67.01
15.6569,59.87
15.0338,65.61
14.1096,64.35
13.9158,64.35
14.0296,69.91
13.2743,69.94
14.6287,75.86
14.0569,71.81
13.5443,64.72
13.9605,66.73
14.2438,69.38
14.1909,56.13
14.4159,66.23
15.4424,62.06
15.3568,61.79
15.9584,59.24
14.7948,63.34
15.6341,74.95
15.9224,68.98
13.5014,66.25
11.6849,62.00
15.2725,65.20
12.0684,65.01
14.5469,57.70
12.7453,63.52
12.2380,73.70
14.5764,62.77
15.0961,60.62
14.5105,61.45
15.4850,62.52
15.6219,69.17
12.8450,52.01
11.6737,68.13
11.9375,58.09
12.1696,61.64
13.8221,60.96
15.0929,69.43
14.6436,57.84
14.4116,65.00
12.1395,50.64
12.3411,63.54
11.2885,64.47
15.8952,74.46
12.9657,67.64
13.6578,71.57
13.6536,62.82
14.4680,56.42
13.9782,67.51
12.7141,63.54
15.2404,67.28
14.7083,63.97
12.2524,68.33
15.1813,58.52
15.2086,66.20
14.3278,62.55
12.8480,56.43
12.8648,68.68
13.9237,66.10
14.5982,67.66
14.0801,73.16
18.1589,64.97
14.5372,59.70
14.5457,64.37
14.1230,54.29
16.6902,67.51
14.6917,70.56
15.1345,64.37
15.4356,66.72
13.9749,66.20
13.4309,62.18
13.3852,59.22
14.7941,67.12
14.1770,65.92
13.6184,59.31
13.0579,67.67
12.5505,58.45
15.0554,66.05
14.6793,55.52
12.6506,69.66
14.6740,67.51
12.2742,65.48
14.7601,64.00
13.2018,63.74
13.5239,55.81
15.1558,65.80
15.0201,63.42
14.2542,66.24
12.4158,69.35
13.2073,63.37
14.8774,66.14
14.2606,60.80
14.7677,59.00
15.3330,64.61
13.8095,68.18
16.8445,67.65
16.0969,60.62
14.9776,70.56
18.6877,66.48
16.3089,65.00
14.1788,69.89
18.4847,64.14
15.3855,71.65
15.4926,69.14
17.2879,63.13
15.3777,65.95
15.0990,65.46
15.2302,70.28
16.4630,67.10
13.6502,62.68
14.2808,59.86
17.5494,62.87
13.7996,64.65
16.5194,64.08
15.0464,70.81
16.6680,63.18
16.4870,49.69
13.9112,64.94
14.0476,61.62
14.6184,63.39
14.3286,51.78
14.1152,67.86
15.9692,63.59
13.8436,64.02
15.8193,65.07
14.6080,61.27
13.2378,60.66
14.1015,70.65
14.0462,61.88
13.3862,64.44
14.8250,64.32
16.5435,69.16
14.4468,66.90
13.6284,63.65
13.7082,73.52
14.1611,63.50
14.7460,57.64
13.5494,66.51
12.8557,66.52
15.9836,54.76
14.5050,69.02
14.4512,66.12
14.3988,62.91
19.5378,71.76
14.4673,53.84
17.3360,64.58
16.5444,56.61
16.0498,63.85
16.1239,64.28
14.0425,68.43
14.0872,76.47
17.6666,61.71
13.5968,56.42
17.6236,69.75
15.4707,61.38
16.4555,53.26
18.1143,61.26
15.5094,61.86
16.2975,67.43
13.0832,64.35
13.0597,64.44
14.5102,68.34
12.4319,65.54
12.5587,65.63
14.7132,68.90
15.7634,70.68
13.2046,59.80
14.3713,60.90
13.7520,63.15
14.0693,64.60
12.6484,56.62
12.5734,62.18
15.5545,67.45
16.0897,56.83
12.4412,58.69
14.6685,60.61
15.4005,66.86
12.3025,57.68
14.3878,73.02
14.7713,67.22
12.5712,66.64
13.4946,76.58
13.6845,62.15
14.4701,59.53
17.4389,68.59
13.6297,70.82
17.7383,56.81
13.7787,66.81
11.9364,57.67
15.8060,64.76
16.2316,62.92
15.5192,66.11
17.8132,60.25
16.6113,64.33
13.2373,54.71
14.1461,61.86
14.4929,58.28
15.3751,74.97
14.5511,70.74
16.3036,65.86
15.0311,65.56
14.2187,65.85
15.6364,61.19
12.9866,52.36
14.7226,56.66
13.1043,61.10
16.2401,63.29
16.6456,59.26
12.8570,61.60
14.5689,60.51
14.1267,65.32
15.1362,61.57
11.3048,68.21
15.1629,59.96
13.0026,70.35
14.4473,61.94
12.9979,67.90
13.6100,74.22
12.4750,61.02
11.8041,54.49
13.9050,60.31
15.7389,66.03
14.1792,62.65
16.0254,68.18
14.4877,68.51
13.5592,60.28
13.5077,65.32
14.5426,77.11
13.0898,67.42
13.1266,63.61
15.5436,57.70
13.0273,63.27
16.5238,62.03
13.3777,65.29
13.7309,70.89
15.0695,59.62
15.5723,70.21
15.0384,64.48
13.7052,63.96
16.3142,66.87
15.9956,62.46
14.9795,71.07
16.4159,57.19
17.9686,56.31
12.5117,57.63
17.6067,62.97
16.8806,60.24
13.3831,64.33
17.6486,63.80
14.9138,51.49
14.9369,57.03
15.2640,61.02
13.1123,58.69
13.5266,63.32
15.7643,65.20
15.9591,70.24
12.9714,71.01
14.1791,55.21
12.1308,64.72
13.7828,55.45
15.1767,71.22
13.4515,63.53
11.8194,62.66
14.8778,58.57
12.3749,73.45
12.3322,70.02
13.5702,71.29
10.7534,66.82
11.5414,74.17
12.7046,68.08
13.0313,63.51
13.3439,60.85
12.7456,69.95
11.4886,58.59
13.3798,66.14
13.6111,61.48
13.9347,65.93
11.4322,59.38
14.2625,69.62
13.3271,66.09
17.3817,60.34
16.5010,58.43
12.5844,58.11
12.3504,64.10
15.3052,49.71
14.6267,64.69
12.9859,65.14
14.9988,59.55
14.5014,69.12
13.7134,59.12
14.2918,53.65
14.6766,67.13
13.5968,59.03
13.8025,68.13
16.0209,60.48
14.4476,70.20
14.3848,80.15
12.9797,64.67
12.5314,67.40
13.8528,67.50
14.3077,55.48
14.3386,73.58
13.7221,63.49
16.2973,65.58
12.4146,64.04
14.1084,62.07
13.4938,67.96
13.0801,61.84
12.8437,61.78
13.7887,60.07
15.0480,60.24
12.7509,71.91
15.0440,66.81
15.0952,68.01
13.2594,64.55
12.4256,63.75
12.6340,69.61
14.2183,59.77
15.2541,63.49
14.5638,73.72
16.0376,63.16
13.8691,68.63
15.3749,65.82
13.0313,59.07
16.2417,66.85
14.0114,58.11
13.0567,72.44
13.6979,58.95
17.4194,70.78
14.4355,70.15
13.8567,56.99
14.2943,66.04
14.2178,63.19
15.2261,61.71
15.0475,63.75
16.9666,65.47
18.0362,49.74
15.6471,69.77
19.4986,63.04
13.8650,60.84
14.4893,48.34
14.2806,68.12
13.5951,72.46
13.3383,52.38
14.7554,57.81
14.3043,63.08
15.9411,57.60
12.1786,58.98
13.4560,57.53
14.0117,57.95
16.1164,67.25
14.6348,57.16
13.6357,71.41
13.2503,71.59
15.9125,58.08
13.9372,71.58
13.0584,51.89
15.2557,66.56
15.4299,67.11
11.6805,53.67
17.1045,76.39
12.9349,67.62
13.5540,64.91
13.0877,62.02
14.9057,56.31
11.4988,59.77
15.6246,69.05
12.2142,71.14
16.0026,60.47
14.1339,68.26
13.3458,58.36
15.9853,58.79
16.1354,67.43
15.3555,50.46
13.3763,59.03
14.2072,64.02
17.5086,56.55
14.9136,66.32
16.2029,63.00
14.7523,50.48
12.9466,60.76
12.9930,69.83
14.8465,79.09
13.9652,71.81
13.7716,62.02
14.0707,65.47
13.6597,49.35
11.4201,62.52
13.5299,69.07
10.4403,56.54
13.8384,65.11
14.6795,68.43
13.1621,67.98
11.9305,68.38
15.2585,69.90
14.1306,61.02
13.1088,65.93
13.8695,67.80
12.7663,71.15
12.6353,57.65
13.9186,74.13
10.8544,55.86
11.7101,57.96
13.3960,63.89
13.1656,62.61
12.0581,56.81
14.9542,59.02
15.0050,71.06
12.4353,51.83
15.4111,70.76
13.6629,54.78
14.5169,64.66
14.6024,62.70
15.4899,63.94
15.4928,62.16
15.4674,61.97
14.6537,55.04
11.6643,53.79
13.1449,63.00
14.6197,61.16
16.9070,62.94
13.3301,65.86
15.4345,59.52
12.8058,65.93
14.4989,62.53
15.1958,59.70
14.9519,62.52
13.0515,62.40
13.4647,57.35
13.7167,60.90
12.1091,71.70
14.2560,56.07
12.2308,57.63
12.9620,51.65
13.8650,68.64
16.8205,65.24
12.4930,61.62
12.5335,54.52
14.8320,60.78
12.3342,60.54
14.5411,50.40
11.9681,64.00
13.3441,64.03
12.4082,72.22
15.2862,67.95
14.8547,55.06
14.4379,57.67
14.6454,72.39
14.8362,61.78
14.5720,60.28
13.7035,65.12
13.1102,60.12
15.0383,71.39
14.0835,66.01
12.1872,67.09
16.0128,64.35
13.0278,64.99
13.8622,62.51
15.8056,55.53
13.0447,66.36
13.1499,67.96
13.3864,70.24
13.6099,56.98
13.6755,63.77
14.6999,61.49
17.7542,66.29
14.4419,73.59
14.9509,66.26
15.6568,65.63
15.8565,67.60
13.6822,65.85
14.6394,60.62
14.2360,57.80
14.1921,56.97
12.3724,58.96
12.7509,69.15
13.3575,56.29
11.9584,66.76
13.0084,61.75
12.8594,68.63
11.8273,58.68
12.8148,76.09
15.0903,58.43
11.0450,61.17
15.1723,69.20
12.6297,58.03
14.0597,63.27
12.3901,56.70
9.6649,63.47
13.0537,69.21
13.0943,71.60
12.5750,63.43
12.4096,58.78
13.3570,62.05
12.2205,60.42
11.9002,62.78
13.7795,66.58
14.0278,64.56
14.7353,62.19
14.3784,66.37
14.8533,62.16
13.4584,67.12
13.5628,63.66
15.6049,64.72
15.2480,61.31
14.4453,63.35
13.8824,63.17
12.4062,69.60
13.5822,63.07
14.9821,50.24
14.5431,66.79
18.0811,59.11
16.3494,61.08
14.4875,64.30
12.8773,73.72
14.1799,68.87
14.5083,57.04
16.0059,57.63
11.9569,67.82
13.4897,56.94
13.4094,62.81
14.4782,67.05
12.3986,61.84
11.5681,59.59
12.9674,65.83
14.5374,63.30
13.7986,66.82
13.0951,74.18
13.4925,58.95
11.4547,56.85
10.9349,59.59
14.1039,68.10
11.9702,68.79
12.1338,63.79
13.2044,69.30
11.9372,64.65
12.5005,65.62
15.3059,68.92
14.8417,61.93
11.5264,71.35
10.3864,64.48
13.6984,61.17
11.3691,59.26
13.1510,57.56
13.3388,67.31
10.4686,61.55
10.9988,68.51
12.0497,71.68
13.3843,68.88
12.2400,65.02
16.3402,61.05
12.6576,59.00
12.8781,53.28
14.2192,70.25
13.1937,66.78
13.5078,60.30
15.2019,63.84
15.8481,51.88
14.5758,69.11
14.1189,61.62
11.8642,66.41
13.9574,54.18
16.7740,59.69
12.0394,69.63
14.2672,55.32
11.2027,58.14
15.4411,64.93
11.8900,62.93
14.9280,64.98
15.5578,60.08
13.2036,63.86
14.7399,68.73
14.1325,65.67
13.5453,60.76
12.9034,66.93
11.6602,68.49
14.2395,61.62
12.7589,64.75
13.5448,69.72
10.9022,65.03
11.2978,61.30
12.7113,61.24
15.1536,71.78
13.7191,66.60
12.2991,70.55
13.5915,63.78
12.9817,73.90
13.0509,71.11
12.4344,72.83
12.9420,59.82
15.1582,56.60
13.3315,64.71
14.9032,57.07
12.7351,73.48
13.8252,65.05
14.7620,56.77
15.1964,47.12
13.9798,65.74
17.0575,65.03
12.7119,62.65
12.3662,63.71
14.1797,54.58
14.6011,66.82
13.5447,65.01
12.6384,71.31
11.9083,64.32
12.0623,74.95
13.4187,65.25
13.1314,62.12
13.0641,64.48
12.0699,60.85
12.6230,64.34
11.5382,71.17
13.2911,65.03
11.0426,65.94
12.3313,63.42
13.5301,63.06
12.3154,73.57
12.0949,59.65
10.3590,62.31
11.6030,52.03
13.0050,68.40
13.6816,62.15
14.6554,49.62
12.4417,67.78
11.4944,63.94
11.5723,59.57
14.2991,63.54
14.1792,59.73
11.6090,59.02
11.0059,62.18
13.3245,69.04
13.9067,63.92
14.7064,53.72
14.0865,64.69
12.3915,70.26
15.2016,61.59
11.6993,64.23
13.3429,61.15
15.8453,60.26
13.1605,56.89
13.1387,68.45
14.0338,70.65
13.9257,67.75
14.4958,60.58
14.5603,69.58
13.3965,68.90
13.3370,65.15
14.8292,68.51
14.2637,68.00
15.3288,62.63
13.8375,69.77
15.3684,60.59
13.9052,70.02
14.9119,50.53
13.3484,62.04
17.1828,54.18
14.3977,61.49
17.6820,56.11
13.2979,60.89
15.6066,63.37
17.6566,61.06
16.1402,57.93
15.7158,71.49
13.9429,66.60
12.4533,67.83
13.1467,64.13
12.0197,65.87
13.5633,59.03
12.2589,57.38
15.8144,64.98
13.2838,64.89
13.6595,61.82
15.3507,75.12
11.8496,71.41
13.8814,56.55
12.3549,62.23
13.4430,53.62
11.7443,64.78
10.2822,60.48
14.1462,67.19
11.0134,62.72
10.9908,67.63
11.4501,64.85
13.0466,51.46
11.4922,62.32
13.0149,59.76
11.5681,67.28
10.6193,72.36
11.0132,67.02
13.7772,71.62
13.3544,59.98
12.2974,61.45
11.1510,65.75
12.1520,67.89
11.5796,63.04
12.1598,63.88
12.9146,64.44
13.5223,66.53
12.1902,65.23
13.2168,72.71
13.5475,65.99
13.3632,59.87
12.3410,64.87
12.2437,61.35
15.0127,61.55
12.6389,67.84
12.5360,63.73
13.8517,59.92
11.2726,67.14
13.0452,64.48
11.5133,50.98
12.6725,68.61
12.9392,64.45
11.4437,56.85
11.7688,73.17
11.8710,62.49
13.0865,66.37
14.5958,60.64
11.9428,46.85
14.7095,67.26
12.8995,68.96
11.6855,72.29
13.7775,61.81
12.3456,58.43
12.8552,55.40
10.5370,66.71
12.1037,72.92
11.2364,64.25
10.8650,64.37
10.6758,76.60
10.3462,65.09
10.3170,56.79
8.8556,57.31
10.5767,61.99
11.7503,58.79
11.2356,66.85
10.5941,58.91
10.7308,64.95
10.1902,67.77
11.6344,68.51
11.8831,64.74
12.3408,64.71
10.2187,63.45
11.0505,72.46
10.2983,82.84
11.1536,66.86
11.2165,57.77
12.7002,65.19
11.6094,67.76
10.7171,65.16
10.5089,71.83
11.0627,70.34
11.1764,63.01
10.8564,74.36
10.0505,60.57
11.2266,70.31
11.3733,75.35
10.7590,67.24
10.3113,66.78
11.7190,70.18
11.8903,77.83
12.4882,64.15
12.2149,66.66
12.0371,68.10
12.8512,67.71
10.7660,74.58
12.9094,66.70
11.0367,67.88
11.7614,64.84
14.5999,61.31
12.2045,73.40
10.8984,61.74
12.7443,66.54
11.1885,64.97
10.3162,66.97
9.9388,74.36
13.8137,75.62
13.5391,65.93
13.6509,76.88
11.4422,59.98
13.9629,59.65
14.6038,51.79
13.1816,59.92
12.8206,58.73
12.9906,63.91
13.0604,63.54
13.7024,61.37
14.4727,67.53
11.4572,54.74
11.9323,66.50
12.2425,64.54
12.4978,69.42
10.6720,64.32
10.4186,74.68
10.4603,63.41
11.3313,65.49
11.3410,69.27
11.2025,62.17
10.9269,63.24
10.4232,79.85
9.5871,64.46
11.9064,59.85
10.4585,66.56
9.9635,68.01
9.7714,64.75
12.9658,65.78
8.0922,69.34
10.7617,57.56
10.5539,66.24
10.1497,70.39
8.7595,73.08
11.2482,72.71
11.0324,71.47
10.8320,85.42
7.8290,63.03
11.3288,71.77
10.4797,71.93
11.5435,67.68
11.7356,63.29
11.0094,70.45
11.0292,62.39
11.0782,67.83
12.0531,59.80
9.9842,65.45
12.3387,56.24
12.6935,64.31
11.7074,63.53
12.7706,73.85
12.1794,47.44
13.9510,61.90
10.9408,63.59
14.9189,64.52
14.7922,63.62
11.2706,74.76
11.5421,73.40
10.1844,66.37
13.0473,72.42
12.0197,76.20
11.5398,66.37
8.6452,70.89
14.8815,67.12
14.0520,74.78
9.6450,66.64
11.3476,72.81
11.6810,71.34
11.1224,67.61
9.7186,66.76
12.3729,79.45
10.6821,62.22
10.6061,74.09
11.2187,67.90
11.5622,62.07
10.9287,66.61
12.5690,74.49
14.7547,64.57
12.0768,76.06
12.6021,61.45
11.0026,64.88
10.5277,79.59
12.6713,61.34
13.0761,64.49
12.1593,71.27
12.0367,62.64
11.8596,62.94
12.2176,70.61
14.6232,70.89
11.1165,69.57
10.8186,65.11
9.5668,72.26
10.3543,73.24
11.0422,69.36
11.7557,63.34
10.4951,62.28
12.0145,57.86
11.1333,63.53
8.8503,64.71
9.4062,79.20
12.6503,74.69
11.2753,63.82
11.6520,65.92
12.1365,68.51
10.9422,66.90
11.7591,67.54
10.8265,67.99
10.4120,60.65
9.1279,66.07
9.9763,68.26
10.6464,76.78
12.9144,75.01
10.7517,69.70
10.5227,55.29
11.3304,67.77
12.3881,62.48
12.1024,53.08
10.9650,64.52
11.6792,58.95
11.6613,53.93
12.2048,68.09
11.0950,63.38
10.8764,65.13
12.2867,55.80
16.3144,63.87
11.8933,59.75
9.5058,67.67
11.5494,65.06
9.6842,64.05
10.7887,70.31
9.3215,85.28
11.4994,73.06
11.2907,63.43
11.1871,67.09
9.1974,65.78
9.4787,63.98
10.1125,66.14
9.5007,54.75
9.3906,82.24
10.4958,72.74
10.3697,49.50
9.2829,64.25
9.7591,62.90
8.2518,70.62
8.8257,68.76
8.9239,72.68
9.6064,61.98
10.3012,73.43
8.3923,65.94
9.1305,80.99
9.6177,72.80
8.7159,71.16
10.3968,59.97
10.6977,63.23
12.7928,61.02
8.7950,75.63
8.6972,61.30
10.9097,74.08
10.6855,79.74
11.4429,63.77
8.5549,68.23
10.8980,70.04
10.8624,68.75
14.1313,66.56
12.3585,67.91
12.4893,74.92
12.1196,68.67
12.1299,78.17
12.2306,72.22
12.6972,66.23
13.0848,59.76
12.5501,71.62
12.2866,65.15
12.4335,73.92
12.9143,62.87
11.8969,68.94
13.3417,61.92
12.3296,65.94
11.4488,63.87
10.8899,64.02
13.5382,60.50
11.6597,62.35
12.3749,72.82
11.1490,58.71
12.7850,57.53
10.4464,75.66
12.8438,65.48
10.9719,59.89
10.0182,80.23
10.6115,77.61
10.0239,69.76
12.4286,77.30
11.2733,72.88
10.4937,65.34
11.9189,68.86
9.6574,65.12
9.5393,71.06
10.3145,74.40
9.6209,71.35
10.8924,64.53
11.2071,69.52
9.1632,59.66
9.6754,75.42
7.5313,75.47
10.5515,68.49
9.8652,63.38
11.6548,59.00
10.1822,61.44
10.1466,88.92
10.5820,64.98
10.2642,63.92
12.1744,67.97
12.4837,72.60
11.5138,63.03
10.7139,75.48
8.8253,76.46
10.4261,72.72
10.6013,73.59
11.1801,68.44
9.8160,63.64
9.4045,74.83
10.2426,78.65
11.2748,67.67
11.8492,71.15
13.9803,61.43
11.2323,67.74
10.8052,72.93
11.8996,60.75
10.7050,67.76
10.0119,72.82
12.7761,53.88
10.6790,68.66
10.4709,64.34
12.3849,66.48
10.1180,62.86
12.9295,60.92
12.0079,56.18
11.4544,58.88
9.5822,72.67
11.2833,64.07
13.3723,59.15
12.8801,69.71
11.3043,74.96
11.1610,52.10
11.3223,52.81
11.6706,78.07
12.3223,63.76
11.0922,71.64
11.0841,61.45
13.4261,68.54
12.5336,67.82
9.7484,66.96
10.1401,65.69
9.8437,72.79
10.5098,79.56
11.5241,71.56
9.4005,68.89
9.8593,69.33
9.6497,71.68
10.1541,65.05
11.5119,68.82
9.7918,67.95
10.0453,77.14
11.2028,66.79
11.7783,71.24
12.8785,65.56
11.1961,52.29
11.9408,54.69
11.9668,68.94
10.1800,71.09
11.4627,69.71
11.6433,75.59
10.7896,62.91
11.2829,75.12
9.3205,76.98
11.1781,70.03
9.4873,75.38
9.2281,77.43
10.1314,73.56
9.2343,72.26
8.7507,75.48
8.8675,76.43
9.6158,73.74
8.4743,71.04
9.9584,69.42
10.1906,74.84
9.7846,64.95
8.7229,68.53
9.3861,63.34
8.3942,66.87
10.8991,71.43
11.3650,65.94
11.6227,67.89
10.9516,67.14
11.6657,66.15
11.8201,68.81
13.3542,55.74
10.8467,66.82
11.8826,57.56
10.6342,60.97
11.7063,67.00
10.5733,60.09
12.0184,55.04
12.2131,78.20
9.2778,61.24
9.4864,61.61
9.5282,71.47
10.3477,68.18
10.7633,49.95
11.0651,68.12
10.2158,66.12
9.5105,59.87
8.5592,75.96
9.9089,66.96
8.3176,75.51
9.0232,70.62
8.2909,67.05
8.0869,73.72
8.1922,75.96
11.2860,69.00
8.1093,63.80
8.7854,69.55
7.7240,78.79
8.1790,62.84
9.8272,79.91
8.0658,63.92
7.6399,59.51
8.1107,68.23
8.6418,67.85
10.5537,66.45
7.2274,75.15
8.8135,67.26
9.2222,67.27
10.7747,62.33
9.2876,72.14
9.4234,73.09
9.6050,68.11
9.8004,78.38
9.1179,62.45
12.1989,72.14
10.7137,72.17
10.1984,61.17
11.1574,66.68
10.2910,59.45
11.5887,64.39
11.3788,64.88
11.1410,64.58
12.7638,68.48
13.6013,58.20
13.0468,67.25
11.7048,79.78
10.7672,66.33
10.8709,70.51
9.9364,65.57
10.8198,76.78
9.8625,72.09
9.9082,61.15
10.9742,59.99
11.0850,64.00
10.7118,72.50
10.4637,68.88
8.7106,64.44
8.9500,65.03
10.2748,75.44
9.7368,67.39
9.8500,72.82
8.7064,68.32
8.1747,72.16
9.1772,67.61
10.7679,67.50
7.9520,78.81
8.1379,68.47
7.8454,66.60
8.0057,66.38
9.5842,68.81
8.5545,65.33
8.7528,65.81
10.1008,77.74
8.4517,72.49
10.0027,68.30
8.6272,74.10
10.3640,65.97
8.0303,72.75
8.7147,67.32
11.0637,60.12
9.3629,67.47
9.1185,72.80
9.9013,68.75
9.1084,69.72
9.1253,71.60
8.8214,80.20
11.9691,76.22
8.9372,74.23
13.0201,71.24
11.7593,66.13
11.0576,73.67
11.5913,64.50
10.5322,71.40
11.8713,67.84
11.8264,77.28
12.2567,58.53
10.7632,53.88
12.2686,63.42
11.2700,68.16
13.5127,63.39
11.7591,58.87
12.7755,61.04
11.6157,63.97
12.9870,64.78
10.2761,65.61
12.1663,65.70
10.7125,64.20
12.3671,56.07
9.4049,60.49
11.9164,67.34
9.9522,72.22
9.7188,73.19
10.9527,71.08
11.0929,77.79
8.3691,57.45
9.5343,63.12
9.4071,66.45
9.9774,72.55
8.2441,75.81
11.3102,83.56
8.8251,67.44
9.6511,66.04
9.4841,72.59
7.2121,68.36
9.4141,68.38
9.7255,61.53
8.6411,56.60
8.6253,74.25
10.1467,74.44
11.0637,74.53
8.9444,66.98
8.3639,70.22
9.7023,56.07
10.5452,58.24
9.5679,69.11
11.1550,65.55
9.4423,80.62
9.5827,66.44
11.4802,63.22
9.8632,71.95
9.4056,72.35
11.5962,69.44
11.0446,59.29
11.5339,68.04
11.9018,61.14
11.4537,65.25
11.1401,66.02
9.8663,72.46
10.7476,69.84
12.4460,56.04
12.0251,50.22
11.7572,57.67
10.7859,79.12
12.0630,59.32
9.2126,68.38
11.0379,65.28
9.7036,72.73
11.2702,71.05
11.0957,66.05
9.4973,65.59
12.4902,74.36
9.7157,57.13
10.4852,68.41
9.2088,73.34
8.5085,67.12
10.1070,74.12
9.7154,76.09
8.5267,77.67
8.8499,64.92
8.9281,74.17
9.4626,77.55
10.1593,73.60
8.8066,83.32
12.0265,66.71
10.0911,65.87
11.8122,72.97
9.3756,89.21
9.0028,72.72
10.2147,81.00
11.7725,60.12
10.2868,74.64
12.4569,67.79
10.4300,65.40
9.9713,79.67
8.9900,76.16
9.0951,62.72
11.3763,86.99
10.2992,69.83
10.2889,76.66
10.3204,71.59
10.4141,73.88
8.3216,75.47
10.5900,76.75
11.6565,75.20
10.0449,64.23
10.3488,61.80
10.0782,65.94
8.8791,65.16
9.2183,73.91
9.7438,69.11
9.8346,73.98
12.7789,67.68
10.0948,68.33
11.0338,71.18
9.2447,83.89
9.4797,67.12
11.6711,77.78
8.3921,70.09
10.6635,67.85
9.8727,64.96
8.2736,69.28
9.7661,79.65
10.4209,56.84
8.1944,79.37
9.5756,73.11
9.5947,72.12
10.0819,80.94
11.3472,73.92
9.6454,63.33
11.0092,55.27
9.4871,71.05
10.3711,78.35
10.2330,73.36
11.1386,66.59
10.6725,69.92
9.6472,74.05
9.4362,66.49
10.8541,86.25
10.9198,74.39
11.1681,66.57
10.5954,71.10
11.0223,79.14
12.5381,68.03
9.7839,74.37
10.5722,76.69
9.4938,70.84
8.6162,72.46
8.9562,71.91
10.2125,85.67
8.3324,71.25
10.6140,74.32
9.8932,73.74
9.1226,71.43
8.9737,69.02
9.6512,75.24
9.7157,82.33
9.0010,70.91
9.6665,73.88
9.9342,66.51
10.1573,76.81
12.2516,63.93
9.7840,76.80
10.2000,75.43
10.6347,66.76
12.2164,71.38
9.2575,71.23
8.9992,73.17
9.0724,77.44
9.3872,76.17
10.5818,73.04
8.6527,70.66
9.6740,68.73
10.1326,72.84
11.2628,64.11
11.9524,70.11
10.4918,77.30
9.1813,65.15
11.2440,74.74
11.0172,72.55
12.8092,66.28
11.7340,66.14
12.2544,71.56
11.1014,66.93
12.3837,69.74
10.7291,78.97
10.3330,82.31
10.7913,71.25
10.8092,66.57
10.7795,70.25
10.9691,61.30
9.8589,74.70
10.4909,68.99
10.0825,74.79
9.8730,63.20
10.4154,72.07
8.2019,77.97
8.1884,70.36
11.3934,61.06
10.3997,68.80
9.4882,74.23
10.9259,72.98
10.6410,78.25
9.3847,80.18
10.2063,76.50
9.7173,70.26
10.1541,56.42
9.3220,64.89
8.3892,67.47
11.3790,77.23
8.4070,70.16
8.4407,66.28
8.4968,72.54
7.5257,70.03
8.7234,80.82
9.9558,67.61
8.2253,71.41
8.1693,69.48
9.9656,71.70
9.1954,71.16
9.6129,70.77
9.0476,78.35
9.6789,60.80
8.3785,72.30
8.9113,77.96
8.9782,71.27
9.5100,73.05
10.4195,71.59
9.7572,82.81
9.8554,68.39
9.0978,76.73
11.1034,75.49
8.1971,71.16
10.0524,66.06
11.6932,60.94
9.2640,63.93
10.9802,73.56
10.5731,77.84
10.8601,64.32
9.5012,60.79
11.0096,64.19
9.5878,70.00
9.5591,69.39
9.6649,63.62
9.9733,70.59
9.6342,68.08
10.5725,71.40
7.6003,75.27
10.5251,65.95
8.1708,70.94
8.9527,58.25
8.7059,81.52
8.7352,72.10
8.0330,83.65
8.9698,82.24
9.9897,77.28
8.8847,76.05
10.0858,64.97
10.4876,68.53
8.6257,68.45
10.6128,78.52
8.5091,70.29
8.4230,82.65
8.2566,61.12
7.7269,79.04
8.3227,80.75
9.0045,70.35
9.4943,76.08
8.5602,76.50
11.1577,73.62
9.6517,69.86
9.5219,70.99
10.1214,67.90
10.0491,72.84
8.3174,68.73
8.9140,66.60
10.7907,57.38
9.1857,78.70
11.0421,77.68
10.7307,72.80
9.1672,66.32
10.2134,76.49
8.7139,71.50
8.3420,64.46
10.5698,60.59
10.2549,69.49
9.0290,67.71
8.9565,73.30
9.8637,74.57
7.7082,71.22
9.4602,68.91
9.6807,71.16
10.0239,69.98
8.9458,77.06
9.7906,66.83
10.2852,70.41
9.5693,61.25
8.8651,76.11
8.5051,70.98
9.1827,76.59
10.1616,61.55
10.1856,70.69
8.3380,66.22
9.6489,70.74
9.8282,76.48
8.9886,70.28
9.3371,79.19
8.3118,68.97
8.8731,71.12
10.4087,69.53
9.4782,72.49
9.2890,61.33
9.9337,75.73
11.2192,76.03
9.7010,77.85
11.5517,71.09
9.7728,76.84
11.7445,61.78
13.6013,71.73
11.3846,74.54
12.2527,79.73
10.4863,76.66
11.0365,58.91
12.8752,52.53
11.1684,58.89
12.9985,66.22
13.7001,61.82
13.2839,58.63
13.2023,67.13
11.5030,65.41
13.9706,65.60
12.1020,64.11
12.5569,65.80
11.2509,57.36
12.3895,71.56
12.6027,65.57
10.9770,75.74
11.0540,70.13
8.4048,69.93
10.1555,67.17
9.6253,69.78
10.3973,64.45
10.9330,60.24
9.6254,65.18
9.1510,57.82
9.3312,67.83
10.3756,76.54
10.3458,80.71
10.1112,74.28
6.9830,59.17
8.6210,69.59
7.4805,72.77
8.5539,70.59
8.2999,70.19
8.0295,87.31
5.9418,70.28
8.3032,63.44
10.7133,54.64
9.5982,52.89
9.3823,73.89
9.2233,68.08
8.4418,53.39
10.0466,51.27
9.5452,57.11
7.7098,76.15
9.2260,63.65
9.1110,67.01
8.1086,52.93
8.7999,51.75
7.9075,56.39
8.2087,58.97
8.9998,51.45
8.9036,48.30
9.6971,67.83
8.7296,61.55
11.0740,65.74
8.2778,66.52
8.7886,67.14
7.2027,68.29
8.9800,75.63
7.0115,77.08
8.0963,80.83
8.0776,80.61
9.9826,66.74
8.7163,77.59
10.6150,68.87
8.0032,76.25
7.9244,77.55
8.4767,69.38
8.8337,67.83
9.8427,57.49
7.4146,83.60
10.6872,69.45
9.5669,60.00
11.0663,70.25
9.7180,74.97
8.6973,73.56
9.5557,69.84
9.7755,67.50
12.9747,70.43
11.2507,71.16
11.5404,71.31
9.8664,73.48
10.6373,73.87
10.3337,62.51
10.5312,70.76
9.5710,75.21
10.3079,66.92
12.2581,69.64
11.9882,75.87
10.6489,75.87
9.4776,81.68
10.6828,73.60
9.5223,70.91
9.0312,79.62
10.1771,63.20
10.9317,78.08
8.5757,75.26
10.9497,68.41
10.3156,61.26
10.3920,69.52
10.7775,77.16
9.6255,61.10
10.4829,78.81
9.6731,69.83
8.6696,71.50
8.7167,71.96
10.1056,76.79
9.5685,77.85
7.7609,79.50
10.1005,65.40
8.5713,71.76
8.7775,67.89
9.4143,76.02
10.4299,67.76
9.9818,65.90
9.2269,71.71
8.7703,83.14
9.5424,77.32
7.5350,76.11
10.6496,76.16
10.9155,81.93
10.0577,82.56
10.3713,77.08
8.1682,72.34
8.2640,73.21
10.4246,74.99
10.0808,77.84
11.0609,73.38
10.1055,79.61
9.5727,61.63
10.0572,78.24
10.8374,69.01
10.4380,60.36
9.2348,71.09
10.4861,72.32
10.2654,65.88
9.8923,69.82
8.6669,70.83
8.6966,73.63
9.6144,74.38
9.9362,72.33
9.6454,73.45
7.8435,76.28
8.4317,80.67
7.9241,64.88
7.6930,68.38
8.1778,76.40
9.1613,74.88
8.5196,69.75
8.5069,68.54
8.6563,69.56
8.7392,59.88
8.6315,64.47
8.4563,79.48
9.0253,74.27
7.0487,77.61
9.6112,65.32
10.0573,75.29
8.1366,72.22
7.4526,64.79
8.3053,71.93
8.6021,70.93
8.1830,75.63
7.6893,69.97
8.2664,78.45
7.4090,74.06
7.4692,75.06
7.5338,79.79
8.2093,78.25
8.4121,72.39
8.1735,78.61
9.8393,84.17
8.9993,69.74
9.3262,64.25
9.8859,74.12
8.4879,88.12
11.0911,87.97
9.5669,82.70
9.5684,75.47
9.0530,87.80
11.3686,72.97
10.6659,67.77
12.6243,68.71
10.6082,66.11
11.5043,61.84
9.3752,84.37
11.9785,68.34
12.0431,58.21
10.3818,78.53
13.1723,69.05
13.7138,58.97
10.9498,64.85
8.6176,77.81
10.9236,79.19
9.6688,73.65
10.1887,70.66
10.6920,75.45
10.4127,73.75
9.1973,73.64
9.0032,71.03
8.9103,73.75
8.4601,80.82
9.2441,74.09
10.2804,72.51
9.7769,67.98
6.7862,68.41
8.0167,69.86
8.3295,77.09
8.4695,70.18
8.4255,78.56
7.7462,69.40
7.4426,70.44
8.4627,69.31
8.9744,79.43
10.8622,81.62
8.3453,60.58
6.9324,78.37
8.8268,67.82
8.3155,76.31
9.8451,74.97
9.3242,60.98
8.5802,77.90
9.3597,68.73
8.3167,75.96
7.6593,92.45
9.1530,67.09
11.0894,67.89
8.8989,77.19
7.4881,72.60
9.3041,72.63
8.7904,80.11
8.2721,88.34
8.5148,87.02
9.4794,78.23
9.6447,81.24
11.4099,70.67
10.8256,67.12
9.3848,74.58
11.3947,67.59
10.4716,63.03
10.0404,84.51
9.4619,68.61
12.0993,89.88
10.8666,61.77
8.8189,73.41
9.4922,72.23
9.3348,88.84
11.0279,84.72
10.9713,75.21
9.6283,72.59
9.2004,66.99
9.1125,72.88
10.0110,74.53
8.3152,76.62
9.4351,77.58
9.1996,67.63
7.0720,78.47
8.9954,70.64
8.3659,65.80
9.0375,83.51
9.7840,74.62
8.0597,70.57
9.5598,75.75
9.3984,74.67
10.0890,86.04
9.5419,68.72
10.5782,74.76
8.9505,69.03
8.7436,79.79
10.8293,72.31
8.6131,77.71
10.8035,71.62
9.6453,79.13
8.7527,76.50
8.2080,69.38
9.0816,80.21
8.2513,81.76
9.6821,68.23
7.9282,82.56
9.2334,77.11
9.4758,78.19
8.3659,79.09
9.5278,79.73
9.5112,77.34
11.3891,69.84
9.2670,78.77
8.3005,88.87
11.1111,75.25
9.1892,78.37
10.5073,82.19
9.0530,81.83
10.5242,74.71
7.8461,65.43
9.9600,79.16
9.1722,77.08
9.0447,71.97
10.0437,64.47
8.8605,79.61
11.0366,72.86
12.5224,57.63
10.0312,67.72
9.6908,72.42
9.7313,81.96
9.7983,83.68
11.8820,75.74
12.5097,59.90
10.1223,71.50
8.9766,79.69
8.1914,76.97
9.9129,63.25
10.8157,67.20
8.8040,72.65
9.3400,77.30
9.6429,81.44
8.2171,60.98
9.4733,68.79
8.5917,74.29
8.8079,68.75
7.3921,75.75
8.6195,68.10
9.5977,71.45
7.6700,73.28
7.7221,68.18
8.9679,76.94
8.5243,65.90
8.8500,74.65
10.3638,63.33
10.7985,89.80
8.9890,71.73
8.9214,69.70
9.1697,75.90
9.3573,80.25
8.4547,85.23
7.7023,72.65
9.3403,64.62
9.8479,79.02
9.6003,77.06
9.1826,66.50
11.4050,59.48
8.7375,79.78
9.2189,78.91
11.4667,90.74
8.6084,80.07
10.8813,70.31
9.8927,79.57
12.1658,63.95
8.5874,77.41
11.0507,82.43
9.0570,78.64
9.4194,76.01
8.5722,86.73
8.6488,76.12
9.0513,84.02
8.8739,76.43
10.0862,87.07
10.4769,78.34
9.3008,84.35
11.0742,65.42
8.9196,85.11
9.2527,70.12
11.5906,73.80
8.2269,83.81
8.4548,76.63
9.4448,63.88
8.2037,86.51
10.4602,65.75
10.1435,75.72
7.6715,75.45
10.5619,60.17
12.5112,70.36
7.6296,84.76
7.4582,69.76
10.5402,68.97
8.2082,72.23
10.0862,71.83
8.9276,71.90
7.9534,78.11
8.4162,72.70
8.9659,85.80
10.1832,74.14
11.2275,68.59
8.7627,72.72
8.6601,72.97
8.2757,75.02
10.4437,75.36
8.6472,87.20
8.6240,82.01
7.9777,76.85
10.5378,65.34
10.0392,76.11
10.8490,67.30
10.3933,72.77
10.4874,60.61
10.4048,70.08
10.2898,68.87
12.8548,69.53
10.0710,82.00
9.8788,73.52
13.2135,71.09
11.2443,80.10
9.2309,87.38
10.8556,76.67
10.0413,85.94
11.2343,73.14
11.2872,64.71
11.9874,71.31
8.7424,82.21
10.1029,69.88
9.7981,80.15
7.7644,76.29
9.4199,78.01
12.7424,65.28
12.0948,69.83
8.9734,68.63
7.2624,83.02
9.5769,78.81
9.5623,76.41
9.0051,63.11
7.9848,79.51
9.2670,77.66
10.1322,70.83
10.5780,76.21
8.3911,70.31
8.5877,70.06
8.4920,66.37
6.9234,83.33
9.2189,61.87
7.8016,76.19
9.5198,83.56
8.7649,91.63
8.3528,80.00
8.2266,74.67
9.7381,73.62
8.4845,73.92
10.1581,82.22
7.3700,70.70
9.6648,77.40
10.3150,73.19
6.7537,75.76
8.5989,72.60
8.5004,68.62
8.6506,84.52
10.6872,80.40
7.9359,72.95
10.4778,68.67
9.3789,69.54
9.1362,75.26
9.6066,71.18
9.7283,70.33
8.8099,76.41
8.1864,78.41
9.0830,69.89
9.9745,74.90
9.4641,68.06
8.0583,83.42
8.4798,66.84
9.5690,76.93
8.7769,78.20
7.7348,77.92
8.5373,82.98
8.7098,72.06
8.6517,77.90
9.9966,69.51
8.2908,73.83
8.9719,68.74
8.6610,70.57
7.3853,89.66
8.5345,74.61
9.7768,74.50
8.9239,85.59
8.2586,84.27
11.2092,70.33
10.1781,77.40
10.7746,78.95
11.2212,63.98
9.7031,67.22
11.0268,66.34
9.6583,77.31
11.7779,72.24
10.0497,68.67
9.1895,68.26
10.9278,75.12
11.1869,84.33
8.7596,69.88
10.7957,68.01
9.4475,64.77
10.2635,77.83
11.6713,70.86
9.7997,79.57
10.3642,64.40
10.6238,65.68
8.6478,79.00
10.2345,79.92
9.1249,78.69
10.1959,82.97
8.7449,77.14
9.2485,71.50
8.8992,79.14
9.0178,82.98
8.5221,81.88
9.3865,72.76
9.9758,73.21
8.6371,73.15
8.4199,75.82
9.0887,65.92
8.3744,72.59
8.8362,87.11
9.8951,80.24
11.3355,70.21
8.2909,93.80
8.5386,67.19
9.8351,67.48
10.5416,81.39
9.7257,75.21
9.4129,66.10
9.0330,77.83
10.9150,75.46
10.2483,72.98
10.1308,69.42
10.1481,73.92
10.6810,82.03
10.5414,76.41
9.4369,74.16
9.1084,72.52
9.7298,71.17
8.8891,77.39
9.3739,67.37
9.9152,72.21
9.8084,79.39
10.3631,78.32
7.6231,73.99
8.3101,84.34
9.4186,73.08
6.9061,77.16
8.4672,57.15
9.5395,73.21
8.5657,68.03
10.1073,59.21
9.1644,81.04
8.2859,65.77
8.7040,74.73
7.7443,67.91
9.1248,76.96
9.5034,74.84
8.9583,67.98
7.9660,85.80
8.8154,75.26
8.2559,81.70
7.7579,85.72
9.2507,61.00
8.6647,69.97
8.2025,76.37
7.0434,81.45
9.1979,75.80
9.1035,64.08
7.2738,82.18
8.9920,75.40
10.0026,74.72
8.2225,76.60
10.1312,61.57
8.0799,69.41
10.7509,75.07
8.7812,80.24
8.9587,72.75
8.3542,87.59
9.0071,79.48
8.4780,76.12
10.5997,75.52
10.6344,69.70
11.6237,58.34
9.7440,71.80
11.9840,63.39
11.1021,71.77
7.8335,77.06
10.0074,83.93
10.5674,65.69
11.2315,60.47
9.3760,70.84
8.8655,74.62
9.1417,78.47
7.7556,74.75
10.1052,67.74
9.6971,69.70
9.4922,79.58
9.8107,71.67
9.0540,66.39
8.6127,72.51
9.9681,73.16
9.8554,72.03
9.5670,69.22
9.1162,88.93
9.5375,77.20
9.5215,74.03
9.2691,75.79
8.5129,77.18
8.2851,68.52
9.8407,82.65
8.7716,73.57
9.9940,88.01
9.1861,68.06
8.0125,77.28
8.6241,84.28
9.1646,79.10
10.7410,72.09
10.5840,75.70
9.8400,76.03
6.7325,75.32
8.9256,72.94
9.7443,75.25
8.7501,73.88
9.1382,68.73
8.8774,71.20
10.1400,76.69
7.9496,86.97
8.6684,79.28
9.0841,80.99
9.8762,73.14
9.2271,69.93
7.4300,77.47
8.6256,74.18
9.1515,81.54
9.1981,81.95
9.7453,74.69
8.9121,83.99
9.1024,75.48
7.8137,78.27
9.4887,86.46
8.7816,84.15
8.1918,77.80
8.8329,71.46
8.5886,61.43
9.3709,61.52
11.5475,76.10
9.3600,70.87
9.4632,66.24
9.5748,64.89
10.8503,67.64
11.6148,70.25
10.3231,64.05
9.4726,84.62
8.8605,74.68
10.0014,74.90
9.0549,74.59
10.5561,70.14
10.0729,67.77
11.5286,70.44
11.2384,89.32
9.4259,75.11
9.4164,61.39
10.0498,72.32
7.7394,66.13
8.4766,82.10
8.7357,84.35
8.7550,79.94
9.4126,63.49
10.1584,69.25
8.5570,79.18
9.0620,80.45
11.2721,80.17
10.0742,70.91
8.7474,67.70
9.5209,70.48
9.6321,69.39
8.1104,71.63
10.3738,68.18
7.8732,83.94
8.7354,70.07
8.3939,62.07
9.3568,73.94
10.8937,78.00
10.2009,71.00
10.2465,69.79
8.3344,66.14
9.9113,71.80
10.2174,67.76
11.4383,75.53
8.8847,74.65
9.7718,70.35
10.4523,71.35
8.1401,72.06
10.2184,66.17
9.8261,72.71
9.3292,70.56
9.5424,73.12
10.5692,70.55
9.4052,82.52
8.3373,74.54
9.6497,71.41
7.6148,72.09
10.1042,72.23
8.6918,79.61
7.6010,79.08
8.5896,71.41
8.7837,71.45
8.3115,83.23
8.8955,67.51
7.6981,65.58
9.9939,82.87
7.0894,85.36
7.8741,76.99
8.5107,78.23
7.7988,72.03
8.9283,81.35
7.9008,63.33
8.6792,79.78
8.4186,58.97
9.1313,69.26
10.6963,70.37
8.9140,73.90
10.9655,73.28
9.5653,71.47
8.2026,73.03
10.2670,82.77
10.8799,78.20
9.5162,68.09
7.8887,70.64
10.7189,72.34
8.6283,79.74
9.7891,64.93
11.0663,78.57
9.8145,69.11
8.0686,75.51
9.6794,75.56
10.1975,71.20
8.2757,75.86
7.6970,83.67
9.8261,71.16
8.8800,81.05
10.2636,74.17
10.8649,76.77
9.1777,72.86
9.9414,65.21
11.4034,68.31
10.8352,70.48
11.0054,79.30
8.9552,75.74
9.8088,71.01
9.9020,73.88
9.8977,63.63
8.6542,81.38
9.7640,75.19
10.1788,78.56
9.9970,73.05
11.9111,66.00
10.0007,74.70
10.3993,81.39
9.6902,66.83
10.0461,71.72
9.6821,68.89
11.1479,64.44
10.6104,71.87
9.4466,76.30
9.9202,74.41
9.3588,75.29
10.4468,74.02
9.3739,70.34
10.3864,63.96
11.4928,55.05
9.9179,65.47
11.2372,65.04
10.4075,74.23
8.5794,82.88
10.7741,79.90
9.2865,81.39
9.7479,78.37
8.8335,72.50
8.3753,76.15
8.9272,71.12
8.8484,83.39
9.9020,71.99
11.7979,78.41
9.1988,68.06
9.0790,82.72
9.5527,74.74
8.5759,76.53
9.7778,81.25
7.9976,71.63
9.6755,80.52
8.3719,78.36
9.3566,77.42
9.3195,74.62
10.1178,80.90
10.5993,63.82
9.0476,81.88
9.4327,73.82
10.5529,60.74
9.5510,83.31
16.0289,76.41
10.5958,82.20
12.1512,67.43
10.8124,75.57
10.2273,83.93
10.3471,82.90
9.8147,78.44
9.1745,77.23
10.9555,78.00
10.4872,75.97
10.0867,70.40
10.1647,68.88
8.5208,81.52
9.7995,81.84
10.1898,80.01
8.8354,80.24
9.1574,83.65
9.1882,81.56
11.4379,64.36
9.1191,81.47
9.4644,86.70
9.4194,72.19
11.9402,56.58
7.6236,75.50
10.0969,75.04
9.6748,58.36
9.2478,69.43
8.7402,79.15
8.9495,83.80
8.6038,75.49
7.7575,78.57
8.9734,76.92
10.6005,77.25
10.2063,69.04
8.9093,67.92
10.9983,62.56
12.0556,83.56
8.6656,81.88
12.1427,72.50
8.1220,79.02
8.9939,74.57
9.1027,73.99
12.4567,71.00
9.3924,70.13
11.0334,61.05
11.0571,76.96
10.1185,71.53
9.3807,82.95
10.4525,76.24
10.2587,81.51
8.2543,73.52
10.8616,78.67
9.0511,80.17
9.6248,72.83
9.6912,74.94
9.1736,76.34
10.7688,71.04
9.2787,82.28
10.1719,74.27
9.5508,76.14
10.6745,72.25
10.0548,63.31
10.6082,74.74
10.3224,67.28
11.1515,69.67
9.4018,78.48
10.2666,73.24
10.1070,77.94
7.7220,71.03
9.0888,76.05
9.6201,81.42
8.4436,78.72
8.1056,76.36
10.4343,58.58
10.3551,78.11
7.9173,81.95
9.7606,67.12
9.4345,73.93
8.9813,71.02
8.7730,74.07
9.2949,67.30
11.0790,77.11
8.9252,77.51
11.0622,73.63
9.1464,71.25
10.8535,74.06
9.4624,77.07
9.2582,83.52
9.8818,70.32
10.6405,88.18
10.6825,58.01
10.4128,59.18
9.8592,66.72
10.1171,77.86
8.9580,72.26
9.3015,71.46
10.3934,77.24
10.6293,71.75
6.6895,70.73
8.6233,89.92
8.1127,78.60
6.8434,74.14
9.6882,65.47
8.0419,72.61
10.2240,76.63
9.0265,90.00
8.5616,75.11
10.5133,83.96
7.6316,77.81
6.8504,75.57
9.8662,73.00
9.1082,79.86
8.2976,70.38
9.3494,84.33
7.8440,80.79
9.0650,75.65
9.6361,69.43
9.5815,80.89
9.1868,86.00
7.4600,81.43
10.1065,77.35
9.2048,71.85
10.1278,79.00
11.6786,67.01
9.0898,76.47
9.8220,86.76
8.5806,91.61
11.0566,63.29
11.1114,73.75
10.2505,68.82
10.7827,75.94
8.9547,92.33
9.6371,59.54
11.7198,63.43
10.2096,79.72
10.0077,74.70
9.6891,82.88
8.4693,80.35
9.7083,76.23
10.3272,73.53
9.8078,66.69
9.5063,69.99
10.7346,81.89
11.0825,76.08
10.7571,75.78
8.6430,72.36
9.2594,69.97
8.3454,68.58
7.7744,79.11
9.0592,75.46
9.3140,81.12
11.2270,70.23
9.1552,77.29
8.5638,91.39
9.8292,80.96
8.5664,72.58
7.9805,64.40
8.4695,73.80
8.8215,76.62
8.2164,86.93
8.5433,78.98
8.1524,74.94
10.0928,77.72
9.7730,71.62
8.1111,81.34
8.4276,78.27
9.6655,79.64
10.3354,79.75
11.1808,78.54
10.2015,76.13
9.4406,67.39
10.2390,78.11
9.6983,76.22
11.0331,64.38
10.8909,67.32
12.2301,74.62
12.0503,67.13
11.6238,73.25
11.8100,68.50
10.5733,85.70
11.5748,82.54
9.3750,79.90
9.7888,78.19
11.7157,61.32
9.5160,86.24
11.2133,87.74
9.7554,83.17
10.5731,72.92
9.3169,75.81
10.1862,72.98
10.2060,82.42
8.9204,82.28
10.0302,70.99
8.2654,65.34
10.1522,71.47
8.5553,70.97
9.6159,74.90
8.3561,76.60
7.9515,72.12
9.9603,78.13
8.8538,70.73
9.1370,67.84
9.1475,77.11
9.6697,64.76
8.0972,72.39
9.0270,74.96
10.3350,69.31
10.5456,57.88
8.9628,64.07
7.8530,68.25
8.8010,69.92
8.8061,78.01
8.0292,71.26
8.4894,63.88
9.3589,67.88
9.4555,76.73
8.9927,68.47
9.5478,66.15
8.8113,72.10
9.4466,70.64
9.4729,81.41
8.0637,64.64
8.4064,67.11
8.1242,75.19
8.6757,74.19
7.2713,77.66
8.3573,80.82
6.7086,65.33
8.7661,78.95
8.1648,69.65
7.3242,63.94
8.3837,64.84
7.7016,63.84
10.1444,76.40
8.2387,63.83
7.7649,69.07
7.8311,70.64
8.7372,70.07
7.6731,80.16
8.6286,80.91
8.9599,61.79
8.7615,56.97
7.5433,75.46
8.5808,77.58
7.5864,66.71
8.5408,83.08
8.9829,71.38
8.9705,70.79
9.3948,77.71
10.9471,68.83
8.6015,65.51
8.0789,75.91
8.5857,76.68
7.7536,66.85
9.5292,68.22
10.3700,75.61
8.4534,75.84
8.6403,64.05
9.1527,73.69
8.9770,85.06
10.0395,70.92
8.1562,74.59
11.1380,80.77
8.5182,74.30
10.5385,73.91
10.5949,74.77
10.8559,76.49
9.5096,69.55
9.9996,66.15
9.0664,75.64
10.1119,66.62
8.3950,77.65
10.0532,82.86
9.1540,79.24
7.9067,84.21
9.5367,72.28
8.4018,82.21
7.3916,73.01
9.6607,65.16
7.9807,73.68
7.6298,80.49
8.9887,82.88
9.7615,65.39
8.4532,70.89
11.7324,69.42
8.3165,82.08
9.2821,75.83
8.0535,74.38
12.1407,70.94
11.1901,71.86
9.7621,75.89
8.7927,81.35
9.6116,63.99
9.0774,82.22
8.7661,69.36
10.5155,64.77
9.6846,66.67
8.7283,76.01
10.6334,59.56
10.0703,76.67
9.1551,80.16
10.5117,72.10
10.2482,74.39
8.5657,78.01
7.8021,69.17
11.2114,62.78
8.6613,80.34
9.5605,74.31
6.9835,76.27
9.4630,69.22
9.6889,67.52
11.1220,73.07
8.4246,68.85
8.1951,62.37
9.8369,61.79
10.5157,70.70
7.5309,81.80
9.3882,69.26
9.0269,65.71
8.7196,75.33
9.5534,85.35
10.0072,67.22
8.3326,79.03
9.4217,77.62
9.2341,82.30
9.6154,80.76
8.0703,79.53
8.9505,82.88
8.2621,76.20
9.1307,67.83
10.4858,74.85
7.9920,71.02
8.6994,76.37
10.0936,72.15
10.3384,66.43
9.9324,75.69
8.9671,73.81
10.4064,80.05
11.7194,60.79
10.9602,68.04
10.6422,79.77
8.9618,70.65
9.6797,71.52
10.2155,67.73
9.7050,70.85
7.8970,88.28
10.0544,75.93
7.6793,76.39
9.2374,85.33
9.8049,76.77
9.0538,69.14
9.5126,76.18
9.9616,70.81
9.7535,72.14
11.2008,83.50
7.7540,73.68
10.7060,68.02
8.6723,76.17
9.6115,88.17
9.7942,78.52
8.4366,64.62
8.9720,74.31
8.5325,81.37
7.2652,83.35
9.7994,69.60
6.6376,72.44
10.1448,68.27
9.2561,89.12
8.4650,75.44
8.3201,82.84
9.2423,73.54
7.5264,80.71
8.7685,76.83
9.7585,70.31
8.6460,78.35
11.1340,60.15
9.4734,85.27
9.0000,69.75
11.2741,57.71
9.9306,65.30
10.1940,69.33
9.1949,71.46
10.7411,60.88
9.9004,67.35
7.9507,68.66
9.7756,74.47
9.0048,75.49
10.6670,74.60
8.0161,71.75
10.9391,73.71
8.8822,78.01
10.1328,78.89
9.8086,71.91
8.7273,84.62
8.6613,71.77
9.2617,77.70
8.1668,78.70
10.1699,66.70
8.2880,83.68
9.2583,73.10
6.8135,74.71
8.9164,74.48
8.5917,77.04
7.4886,78.32
8.8265,68.94
9.5841,70.43
9.9481,76.11
8.4869,74.51
8.7402,60.39
7.9184,83.92
8.4155,69.74
9.2013,74.15
8.0208,76.03
10.2441,66.51
9.6690,60.98
7.4566,86.34
8.9438,76.85
9.2344,75.93
8.9908,74.63
9.8440,72.38
9.8920,71.86
10.3772,68.17
10.2429,65.10
10.3955,72.27
10.1558,73.77
9.2889,76.00
12.2203,56.07
11.3757,70.33
11.7535,57.05
10.8885,66.01
9.1354,79.61
10.4310,68.31
11.5072,51.92
8.8436,74.94
9.2991,67.08
9.2703,66.09
8.9421,76.30
10.1085,68.37
9.5277,79.79
8.0167,84.64
9.7173,75.38
10.2841,75.58
10.0935,70.86
8.9799,77.52
9.2423,80.76
8.5946,81.12
8.7423,75.08
8.4496,87.58
9.9101,69.17
8.0366,78.53
8.8636,71.93
9.8365,69.93
8.4214,74.49
12.1393,65.13
8.6575,77.17
8.7614,63.40
10.1779,77.37
7.5822,79.28
9.9039,74.72
9.4208,79.35
10.3307,79.75
10.5952,70.40
10.4977,67.61
9.4317,83.34
10.2021,79.54
10.9317,73.30
10.8349,81.49
9.6417,73.68
10.0650,75.72
9.7129,76.47
10.1512,81.78
11.4437,63.86
10.8993,78.60
10.8768,63.20
9.7134,73.61
12.0987,69.30
9.1322,88.79
9.5088,79.30
9.6392,76.18
11.1361,69.11
10.1888,81.67
8.7484,80.92
8.8299,78.27
9.7827,68.57
7.5851,70.69
9.8822,79.66
9.2757,75.48
8.2622,79.24
8.5369,87.87
8.8626,72.48
9.2313,77.33
8.2390,69.69
9.5061,71.95
9.4241,83.70
9.7294,74.97
7.8552,77.88
9.0420,79.73
10.1298,66.82
8.9480,73.34
9.2035,73.32
11.6482,78.06
8.2287,79.93
11.4135,66.68
9.7509,71.01
9.9228,81.12
7.8446,75.16
7.8987,77.13
9.1318,79.93
9.2096,72.37
9.5904,75.30
11.1867,74.68
8.8443,68.38
9.4564,85.18
8.6481,75.50
8.2481,76.60
8.7470,81.01
9.0816,65.15
8.8576,73.16
10.4797,68.33
11.3717,78.56
8.5196,72.62
9.2601,82.64
9.9296,56.27
8.6726,81.13
8.9059,72.13
8.7416,66.99
9.7754,66.62
8.2325,77.97
10.2884,88.00
8.6448,73.69
8.4713,69.00
8.4775,76.61
9.1509,78.89
9.0100,68.53
7.8124,76.01
9.1858,64.61
8.9819,71.88
6.9057,74.03
8.6237,77.77
9.5342,76.58
9.5098,71.51
9.6124,83.25
7.9933,76.24
8.3150,81.11
10.4950,64.15
10.6414,63.44
9.5966,72.66
7.8881,77.67
10.4738,65.31
9.4460,82.04
11.1522,67.23
11.3888,76.32
7.7101,75.85
9.7815,69.29
9.2699,82.02
10.4665,67.71
8.8577,71.47
7.4036,75.98
9.6972,72.82
9.7817,84.97
9.5679,78.07
9.4743,75.73
8.2950,84.92
8.3513,62.22
9.7437,75.29
8.3797,84.19
9.4847,66.43
9.1291,78.38
9.0984,72.94
9.5716,76.25
10.9906,79.34
10.3854,75.56
7.9519,67.75
10.2555,66.44
8.6104,66.88
9.1973,69.84
10.3301,70.58
9.1199,74.23
9.6597,68.00
10.1896,69.46
8.4471,68.20
10.2732,81.70
10.3340,59.64
7.7785,72.65
8.9146,74.05
7.9305,73.34
10.4204,69.39
7.3212,64.97
11.1635,71.23
9.0711,76.69
9.0735,73.16
8.8138,76.38
9.4358,59.60
8.0356,77.16
10.0050,74.21
9.5924,72.56
9.2132,71.76
8.8177,87.63
9.1825,81.47
9.4124,72.10
7.2413,74.33
9.6601,78.30
10.2396,87.96
7.9390,74.10
9.1557,80.02
9.7678,71.94
8.9464,92.54
8.3208,69.36
8.6343,78.83
8.1748,71.14
9.0560,74.07
10.1109,73.97
10.4051,67.76
8.6931,79.86
10.5352,69.60
11.3660,80.12
10.5316,76.28
9.5785,71.38
10.8151,78.62
9.6390,72.59
8.4520,78.92
10.0593,80.37
9.0630,81.28
10.4898,77.64
8.4108,68.59
8.8811,85.29
8.4717,78.45
10.0968,81.67
8.7135,90.66
9.9948,73.42
8.0711,72.63
8.4704,68.13
9.1397,65.55
10.8372,84.47
9.8257,84.54
8.3276,81.27
10.0807,64.44
9.2152,80.08
8.3029,84.98
10.2868,63.73
8.2779,85.54
11.3008,81.59
8.9226,71.28
10.4601,59.41
9.4213,73.46
10.6709,64.55
10.7807,78.34
9.4279,73.30
10.9590,62.11
10.5360,85.91
9.0570,82.83
10.6779,72.95
9.7491,62.67
8.4939,68.42
10.5727,67.97
9.3199,86.94
8.8004,75.14
8.6666,68.18
9.5944,79.42
8.5537,73.92
9.5955,69.46
8.8483,80.40
9.5796,80.44
8.4973,68.82
9.5967,86.02
10.2459,74.03
10.2588,82.20
8.4493,87.79
12.7599,80.79
7.2632,87.15
9.5233,76.67
11.4219,61.98
9.4358,75.86
8.7991,75.88
8.7076,78.55
7.7547,79.40
8.7503,75.94
9.9345,81.38
9.4205,70.96
9.7173,79.62
7.9970,73.86
8.6862,80.41
9.6368,79.79
10.9913,57.74
10.1880,79.10
9.8735,84.20
10.1434,75.00
9.2211,89.61
11.1487,82.15
10.3596,78.08
10.1914,76.75
10.1033,84.78
9.7946,77.93
10.6978,70.15
10.4621,67.18
10.0263,64.93
10.1604,66.87
11.9167,60.17
9.0215,76.89
10.4294,82.45
9.6086,80.25
10.2463,76.47
9.4344,74.07
9.1744,63.57
9.3081,72.67
8.6973,69.96
10.5544,63.66
9.5688,75.88
9.2904,72.82
9.6920,67.60
8.9814,60.54
9.7355,75.15
9.6766,74.19
8.6219,78.28
10.7971,73.64
7.9482,77.62
9.6230,74.93
10.4635,82.23
9.6840,71.32
8.6480,72.48
7.5944,75.60
8.5275,78.51
8.7952,69.72
9.3691,76.92
8.9734,71.99
9.5699,70.76
9.0815,75.74
9.9412,59.88
7.7523,72.24
8.8660,64.36
10.3810,62.68
9.5189,85.87
8.9351,77.13
9.9364,72.44
8.8901,74.91
9.3623,90.59
9.2597,75.51
11.2853,67.62
8.3932,83.66
10.1816,64.16
10.2904,67.03
9.2794,70.65
8.4804,70.22
9.9168,67.31
11.7819,68.02
9.3622,72.87
12.3447,65.39
10.2602,63.62
10.2926,73.57
8.8684,71.63
10.4307,71.98
9.9673,67.31
10.1039,73.76
10.0326,72.73
9.8881,72.83
7.7792,71.39
10.7906,78.64
8.1653,68.37
7.4068,79.07
9.5291,79.17
8.5637,72.17
7.5665,79.63
7.2774,71.37
9.3034,68.62
8.3959,80.76
11.1628,70.33
9.6377,57.98
11.1187,60.33
11.0755,73.45
7.3428,84.68
10.0853,73.47
7.5709,74.45
9.0691,73.22
9.1164,68.40
10.5351,66.37
11.1949,68.48
9.2805,69.95
8.0424,62.47
9.7291,72.66
11.3152,71.91
7.4624,77.67
11.2899,64.86
9.4657,79.72
8.9878,74.43
10.4340,66.40
8.4930,69.48
8.7451,80.78
9.2649,71.17
10.3047,69.33
9.6803,70.74
7.5447,75.95
7.6631,79.29
8.5675,77.75
9.5546,77.30
8.2494,68.74
8.1122,67.73
10.1535,75.35
7.9304,76.89
11.2791,73.85
9.8373,66.28
8.0422,88.45
8.1165,81.92
9.5735,84.11
8.8500,74.49
8.9002,64.94
10.0664,84.07
8.0492,85.92
8.2697,64.86
8.8857,73.76
7.7791,84.56
8.8332,79.31
9.6046,72.31
8.3737,73.04
11.2889,60.64
10.1459,68.00
8.4272,70.38
7.7930,87.63
10.8471,65.31
9.3155,66.41
9.2289,86.59
10.0260,66.31
7.6656,73.99
7.9295,76.05
9.7632,64.46
10.1257,74.36
7.9387,80.88
8.8497,83.51
9.5616,73.76
9.5289,63.35
8.8828,74.92
8.9986,75.24
8.7625,83.34
9.6466,60.74
10.4933,66.70
8.5338,66.54
10.2434,70.22
9.8847,68.34
9.5879,73.59
8.5788,70.01
9.8180,69.44
8.6741,82.84
9.4318,76.61
10.5598,59.20
9.3704,81.64
9.3896,81.53
8.0687,81.64
9.0775,75.28
7.4291,75.01
9.0224,71.41
8.2645,79.07
8.8110,61.96
8.1382,74.37
8.7598,66.47
8.2690,73.41
8.3528,83.53
7.3539,76.74
7.8636,81.37
8.9802,65.34
9.1079,66.73
9.1993,68.63
9.4212,78.78
9.6166,58.83
8.6161,78.30
9.7566,74.60
10.1294,64.98
8.4380,64.89
10.6134,58.39
9.6755,74.73
10.0019,67.18
10.3531,73.13
10.0223,65.65
7.8917,78.57
10.2870,77.50
7.4288,86.93
8.1106,67.46
9.3679,56.28
8.2290,80.49
8.7066,73.96
9.7686,70.88
7.4546,79.33
8.3966,69.88
7.3597,78.19
7.8635,77.99
8.0266,78.98
7.8602,84.52
7.8524,77.67
8.5525,75.63
9.2595,80.90
8.2541,68.69
8.7783,65.46
7.1147,67.54
7.7487,77.03
8.5339,75.32
7.4100,67.17
8.2803,85.78
8.5575,78.53
8.0281,86.20
7.9617,76.26
9.4685,73.27
9.2693,76.69
10.9020,63.99
11.5215,83.20
8.9207,82.21
9.6697,70.94
8.4483,77.98
8.3941,75.41
10.2868,85.43
7.4161,80.54
7.0966,85.93
9.3318,78.00
9.6477,65.70
9.4798,76.87
10.4463,66.75
9.0029,74.76
9.8772,79.79
9.8334,77.92
9.6759,89.26
8.6850,82.72
9.0024,66.59
7.6622,77.10
9.4085,66.79
9.8750,78.69
10.1200,81.21
9.1105,73.60
8.8469,79.09
8.4397,76.66
9.6587,81.32
9.3400,82.30
9.8188,71.54
10.8868,74.11
10.0805,73.45
9.8902,73.18
8.7304,74.21
8.6760,76.74
8.8387,69.49
9.8892,76.05
10.2707,71.62
8.7694,65.86
9.5171,77.93
8.7667,73.78
8.8122,69.55
10.8256,71.04
11.9378,66.73
9.0593,79.13
9.0423,78.40
11.7000,78.78
9.1035,85.11
12.4116,68.29
8.7186,77.49
11.1077,66.27
11.7692,74.13
10.9929,72.48
9.4630,81.37
11.3832,82.31
10.7795,76.68
9.4842,75.05
10.5503,69.25
10.8335,63.80
9.7390,76.35
10.6818,84.29
9.7729,73.40
9.5420,63.42
9.4512,62.34
9.3938,70.29
8.5247,74.12
11.2051,67.43
10.1892,67.06
9.7227,82.59
11.4478,67.43
11.6188,61.50
9.7449,78.51
9.7865,66.24
10.2872,69.40
10.8956,75.50
10.8149,57.92
8.5596,69.01
9.4733,74.88
9.6771,71.09
8.0003,66.23
8.8536,68.45
11.2341,66.98
8.8030,83.42
9.7313,80.99
8.7287,76.49
9.0368,77.06
10.2576,79.75
9.3638,62.15
9.3519,79.33
9.2459,72.11
9.1081,75.94
9.7153,73.14
10.2828,73.71
8.1019,68.97
10.9494,69.78
9.4146,74.18
9.9643,70.72
9.3133,73.39
10.0108,68.26
10.4152,80.52
9.3318,74.24
8.1283,77.28
9.6081,68.85
9.4482,68.98
9.8472,70.62
10.4248,82.50
8.3418,75.90
10.6176,65.88
9.5653,78.60
10.1864,70.74
8.7899,81.68
9.0472,74.72
10.8515,71.26
8.9626,71.86
8.4952,83.83
8.6576,81.58
10.0072,82.27
9.9440,72.31
12.0492,66.47
10.0036,76.29
10.8627,80.41
9.5550,78.72
8.5178,81.27
9.6844,78.60
11.0985,77.32
8.5951,81.92
9.5996,72.03
10.8814,75.86
9.1654,78.83
10.7446,72.20
9.8536,81.37
9.2598,61.70
10.5350,75.29
11.1781,70.93
11.7246,60.87
10.6752,58.65
11.2064,67.75
9.8040,75.90
10.2663,70.07
11.8939,65.61
9.0727,71.56
11.6928,76.22
11.0495,57.62
10.7346,73.23
10.6256,55.61
9.5299,68.53
11.0893,65.48
9.8139,80.15
11.0119,65.69
9.8268,66.06
8.4081,70.90
9.3024,87.22
8.6584,82.35
10.3239,67.46
8.5162,75.64
8.6718,60.56
7.4546,84.61
9.4387,75.50
8.0639,71.11
9.1480,73.37
8.3837,77.86
9.7439,73.59
9.1738,86.02
9.0952,71.70
9.3176,75.57
10.0541,73.08
8.8273,75.79
10.7687,71.24
8.2326,66.95
10.3005,73.81
8.9407,77.18
9.7276,75.90
9.1158,80.54
9.0939,63.80
7.9590,85.80
8.5795,78.46
9.5318,64.24
9.5703,79.28
10.3396,73.34
9.8808,71.36
9.2133,89.23
9.4066,73.67
10.2822,77.08
10.3493,75.58
11.2764,84.88
12.9811,71.10
11.9266,63.51
11.7933,79.61
11.2345,65.75
9.8219,84.05
11.3320,71.10
10.5661,66.67
9.5740,85.25
11.2378,63.35
9.1131,84.95
9.1177,75.74
12.5660,78.42
8.9817,87.70
7.8683,75.77
8.6158,80.55
9.8753,71.32
10.3762,75.27
9.4784,73.94
8.6551,69.52
8.2045,80.59
9.8373,66.96
9.3832,85.69
9.3513,71.35
9.2561,58.86
7.9625,80.30
10.0186,67.93
9.6693,75.49
9.5168,69.20
9.1498,66.35
9.0032,68.90
9.0287,73.02
8.5552,71.20
9.7383,75.70
8.6184,72.61
8.8309,75.01
12.1040,69.41
8.4226,84.14
8.5992,78.88
9.4681,84.28
8.9622,84.70
9.7006,70.05
8.7119,80.67
8.5189,74.20
9.0882,84.04
7.8974,75.91
9.0358,79.75
8.2009,76.98
9.1527,74.31
10.5738,70.76
10.8411,79.87
8.9672,86.07
9.0112,78.33
8.9705,74.48
8.2732,90.58
9.2450,73.28
11.6189,84.89
9.8654,76.76
9.4842,80.26
11.2411,83.43
10.4513,72.57
11.7370,71.43
9.9647,75.11
9.1865,79.50
11.8973,62.94
9.5615,78.65
10.8093,78.22
11.1777,68.19
7.9618,75.03
8.9252,71.85
9.2811,71.22
8.5314,83.46
7.6251,81.05
9.2329,80.74
9.1980,75.81
11.6471,60.84
7.7220,74.95
10.4921,76.52
10.0938,64.71
8.5700,75.96
9.9618,78.93
8.2081,71.72
9.2417,78.10
9.0774,64.95
8.8304,73.70
10.6107,62.41
8.4825,78.80
8.7328,75.03
9.8348,78.59
8.4751,79.69
8.5596,79.18
9.1965,73.31
10.3970,82.11
8.2538,72.82
8.1978,61.17
8.1656,82.96
8.6268,75.19
10.2977,61.82
9.9887,70.93
11.3320,63.77
8.9613,79.77
10.1688,79.69
9.9163,71.81
9.3812,74.41
9.6785,70.76
9.5214,70.31
12.1192,67.80
11.6888,83.66
9.9583,69.55
10.0912,68.95
8.0800,62.61
10.9521,73.00
10.3271,69.55
9.5185,78.92
9.1575,74.42
9.1814,63.40
9.5464,65.88
8.5027,70.00
8.5511,78.33
8.7217,74.65
8.4715,65.46
7.1870,68.64
8.4832,72.24
9.6489,76.73
8.0276,66.04
9.2361,76.16
8.2069,80.74
7.3663,65.51
8.0858,72.84
9.5437,76.17
8.9240,77.46
9.2331,73.89
8.0983,81.67
7.4522,73.20
10.0166,85.20
9.2281,77.60
8.9536,75.92
9.7127,69.79
7.6897,80.21
8.8261,75.67
9.2110,77.17
10.6895,69.99
10.4531,74.54
9.1729,80.70
9.1377,77.57
10.2722,79.31
8.8287,72.79
9.8171,76.81
11.8842,68.87
11.4184,69.22
9.0606,68.97
11.1121,81.45
8.2433,75.25
9.7846,65.31
8.4703,71.55
10.4258,65.70
7.9338,69.99
9.3635,65.32
9.3890,72.82
9.1122,76.35
7.0191,68.41
7.6776,74.86
10.5411,75.04
8.9332,83.54
8.2768,75.06
9.9013,74.94
7.8732,76.39
9.6484,72.00
9.3533,75.77
7.9455,70.50
9.3382,76.72
8.9569,84.74
7.5388,76.03
8.1541,72.16
8.4363,74.58
8.6325,78.59
9.2713,73.50
7.5762,77.45
9.5428,80.98
10.1196,79.29
9.1437,69.27
10.4402,85.65
8.9124,81.23
8.5724,69.49
9.5828,80.89
10.3896,70.18
11.5723,70.03
11.2814,55.11
9.4299,81.39
9.6643,78.91
9.4933,85.81
9.3271,71.85
10.9166,61.83
12.3257,62.33
12.2919,63.45
11.4652,70.32
9.5621,79.83
12.6571,71.38
10.2683,69.79
11.6847,67.13
8.0650,75.66
8.4689,82.79
10.4978,77.49
8.0171,78.52
9.8176,79.54
8.0112,74.27
8.3142,68.81
8.9460,78.57
10.4159,61.22
8.3093,79.99
7.6324,80.53
8.6931,70.79
9.4320,73.58
10.4695,69.44
7.2602,81.95
7.6597,69.65
10.1238,68.94
8.6418,82.67
8.2937,72.62
8.9054,89.07
11.2939,79.76
8.3809,76.30
8.6530,72.29
8.7260,80.63
10.0879,59.61
8.9416,74.38
8.2527,77.83
8.3948,73.30
9.0503,73.41
9.1270,73.31
8.0326,74.99
10.1061,75.88
8.5357,82.51
10.5713,84.33
8.4646,90.40
9.3971,76.44
9.4774,80.79
11.6605,67.77
8.7586,70.86
9.4926,61.63
10.2893,77.09
8.7408,73.63
8.6291,76.81
9.2951,76.99
8.9872,62.97
8.9206,73.65
9.5950,78.34
8.8539,78.27
8.8855,93.36
10.2613,73.09
9.0684,72.44
9.5629,70.90
7.5991,76.80
9.9387,90.33
9.2521,77.71
9.6416,86.75
8.1645,73.90
7.8168,76.72
8.5391,90.23
9.3310,78.82
9.6673,73.78
8.4229,74.44
8.5898,66.79
8.9570,71.73
9.2482,82.13
9.4829,70.80
9.2400,68.58
10.0814,68.68
10.2739,80.15
12.2119,73.35
9.3192,85.47
9.9948,77.43
9.7932,69.25
9.1001,62.25
9.7174,68.04
9.9524,75.12
10.4102,72.21
11.1329,69.14
12.8786,65.93
9.6842,73.74
8.3127,72.95
9.8996,73.42
9.3024,76.91
10.0720,69.37
8.6051,84.31
10.4493,76.10
9.8373,65.99
11.2137,74.59
8.5300,73.10
11.0547,78.27
9.4590,72.62
7.7015,76.38
9.9872,74.59
8.9029,74.48
10.9471,76.00
8.6402,66.64
7.9230,79.61
10.1872,78.65
10.2500,84.09
10.4756,67.98
9.8300,72.00
10.3086,80.62
8.4528,72.11
9.2649,75.70
9.6922,71.46
9.5925,71.53
10.3773,69.70
10.2546,66.78
9.1303,72.72
10.4135,84.70
12.7170,78.87
10.3320,74.03
9.9495,70.54
8.8650,80.43
10.2141,77.62
11.9692,71.40
10.2725,81.87
10.5445,71.02
9.5539,77.82
9.1465,84.65
9.9102,71.28
10.0333,65.98
10.2223,79.12
13.2427,70.77
8.5148,81.71
7.8880,74.56
7.9194,84.99
10.5358,80.70
10.3146,73.11
10.4099,69.54
9.4415,78.64
10.5030,79.44
9.9850,77.10
9.7289,88.98
10.5474,62.70
10.2180,86.08
8.9510,64.19
9.8083,71.41
11.3333,69.37
9.9475,73.70
8.1661,80.63
11.5620,71.41
10.4313,81.23
9.3932,75.00
10.9798,73.31
8.5628,79.71
11.7556,71.93
12.4166,78.46
10.1282,60.98
12.9585,70.31
10.8516,73.18
10.0676,67.67
9.1390,75.65
12.3512,67.62
11.8346,62.18
8.9939,67.52
8.8370,72.95
9.8451,67.15
10.0694,71.04
9.5603,67.21
8.9510,70.62
8.9557,65.60
8.6678,69.69
11.8180,65.95
9.7031,69.56
9.2176,64.87
8.0426,81.60
9.6567,73.16
8.9264,79.53
10.1749,72.78
8.1166,71.03
9.4058,74.46
8.5731,79.49
9.4691,80.78
8.5146,71.76
8.3483,73.87
9.4498,69.66
10.9458,74.39
9.4229,75.36
10.4290,66.30
9.2472,67.95
10.7609,76.45
10.3147,73.11
8.9382,68.58
8.6420,73.61
10.3575,70.27
11.7741,69.75
10.0643,60.49
9.3050,74.74
8.9007,62.38
9.6503,82.95
10.1796,72.57
9.1310,69.33
10.0923,73.63
10.2936,61.43
9.7660,69.99
10.4083,68.91
8.6637,80.83
11.3343,66.54
9.3190,70.63
10.3200,73.92
10.2574,76.65
9.0718,72.66
9.4610,80.16
9.8078,60.35
9.0149,79.09
8.3415,65.41
9.0635,73.80
9.4334,69.86
8.7014,63.63
9.2934,74.11
9.5086,76.16
9.0003,81.90
10.0480,68.81
8.7526,67.80
8.4784,60.71
11.4808,70.05
8.0161,79.77
9.4609,76.85
8.0707,77.32
9.8081,75.02
11.0971,56.27
8.7343,72.14
10.7520,69.04
8.8262,78.16
9.6089,79.14
9.0469,82.49
9.5599,79.93
8.9205,73.16
9.2023,76.14
8.7484,72.50
9.9938,63.91
10.7635,73.09
9.1908,73.23
10.4814,83.39
10.5974,72.09
10.0118,70.82
9.7134,74.09
10.7678,66.14
11.7394,68.28
10.5632,70.28
10.4296,73.80
9.8450,73.22
10.2005,63.70
9.0544,77.44
10.5229,71.16
9.0205,72.60
10.1109,60.95
11.0473,73.99
7.8785,85.34
8.4129,69.48
9.2974,68.72
8.0750,87.88
10.9576,69.21
10.7259,58.43
8.6086,86.45
9.4748,86.57
8.9243,67.50
9.5302,71.33
8.9017,80.82
8.8412,87.97
9.2661,70.84
8.9152,75.87
8.5748,76.15
9.2265,70.16
7.4411,71.45
9.1086,69.95
7.9560,76.10
8.5447,78.85
9.7327,74.41
8.7842,75.33
10.0971,60.51
10.5414,61.35
9.9908,80.90
9.2273,83.05
10.1439,68.84
11.1433,56.06
9.6931,73.62
10.1860,64.47
10.2937,72.74
10.7444,69.82
13.5099,71.70
12.1075,71.96
11.3528,78.36
11.1810,63.01
10.6664,71.56
9.2028,84.25
10.5665,68.04
10.6833,68.08
9.5873,62.42
10.1037,70.35
9.4487,73.83
9.5825,79.92
7.8890,82.39
10.1610,72.90
9.0941,77.93
10.8294,72.73
9.6267,65.37
8.1176,75.28
9.4834,82.57
9.7436,74.79
10.3636,75.43
9.4971,78.40
7.1548,81.28
7.6840,78.00
8.8749,79.69
9.3394,72.35
11.0519,72.22
8.1996,70.23
7.9681,72.59
9.2122,80.11
9.2562,71.33
9.0899,70.51
9.9408,74.73
7.3159,74.17
9.6176,74.19
10.4920,66.88
10.9412,55.59
9.2782,82.81
10.2190,76.46
10.6028,76.85
11.2232,76.24
10.9030,78.39
8.8246,80.58
10.4148,81.25
8.0699,86.52
9.5434,75.00
9.9830,72.93
7.3774,82.98
9.6152,72.19
11.6195,70.62
9.1003,71.02
8.5273,79.09
8.2279,78.87
9.0022,70.75
11.0564,69.10
9.3427,59.97
7.8051,76.20
7.9569,74.07
7.9999,79.29
9.4651,84.05
10.5269,71.35
9.1110,71.94
8.7725,76.11
8.4128,82.62
9.5101,78.38
9.8335,78.27
9.7682,75.48
7.6634,81.21
8.4262,77.05
7.9815,81.77
9.7067,70.72
9.5282,83.95
8.7684,63.69
9.5778,74.45
9.4934,73.99
10.1624,65.04
10.1600,67.99
9.3928,79.91
9.9478,70.11
8.5467,62.88
8.1928,72.42
9.1304,66.38
9.0376,74.42
8.3487,86.53
9.4896,70.12
10.8364,76.96
11.2916,78.30
9.4625,77.83
9.2377,71.61
8.9343,79.64
8.2424,80.30
7.8212,89.95
10.2069,69.56
7.5377,74.58
10.7515,72.16
8.3452,75.68
8.3060,80.63
10.1870,83.39
7.1922,79.59
8.7823,81.25
8.7771,75.86
8.1974,64.29
9.4568,64.83
8.0226,74.16
8.3642,83.83
9.2864,69.13
8.9112,78.57
8.5819,71.29
7.5027,80.89
10.0504,74.23
9.9424,69.58
9.6648,78.33
8.6331,75.47
8.4063,74.12
7.3918,80.21
7.8876,71.42
9.4229,75.26
8.0391,83.66
7.9903,73.50
9.2588,61.42
9.4787,78.61
7.0095,77.23
9.5938,73.80
8.6559,81.66
9.1715,78.80
10.7614,66.61
8.8814,64.71
8.0145,78.17
10.9655,80.60
6.9789,74.29
8.8081,75.09
7.3979,83.99
8.6001,86.20
9.9345,73.90
7.7829,80.14
9.6476,54.71
9.0515,79.24
8.7503,63.59
8.2063,84.50
9.2202,78.90
7.0848,76.38
9.0385,65.85
10.1456,74.15
8.3603,73.04
9.8361,81.40
8.5614,76.08
10.0193,82.74
8.6200,64.50
9.4262,66.87
9.9641,78.91
8.2589,79.44
8.3147,86.28
8.9176,78.73
7.1296,80.45
9.5331,77.14
9.9898,79.45
9.9266,77.20
9.3485,70.21
8.6839,81.94
8.6734,76.54
9.6923,73.61
9.3355,73.46
10.7660,59.36
8.9176,79.64
9.9772,84.87
8.9264,79.40
10.4553,79.57
10.7651,72.72
10.7616,80.56
9.4585,65.21
9.6745,66.52
9.0039,83.18
8.3594,83.44
11.5455,69.83
9.2273,64.06
9.1251,83.78
9.2544,65.13
8.2973,74.90
8.3100,71.98
9.8459,71.47
11.0561,82.00
9.7780,81.06
10.0897,84.59
10.6144,80.49
9.0586,84.91
8.4655,85.76
9.5889,66.07
8.2774,88.82
9.1822,75.95
8.9060,85.18
7.6396,71.66
9.8274,65.81
7.6149,79.26
10.1725,78.24
8.8972,70.46
8.4828,86.17
9.1171,66.95
10.2368,74.87
8.2714,79.50
8.5339,87.08
9.3027,69.06
11.5794,69.63
8.6929,84.66
9.9297,64.35
11.5046,85.25
8.6840,74.24
8.6592,78.02
9.3936,67.87
12.4970,73.56
11.5839,65.08
10.5442,78.34
10.9431,80.39
9.0243,80.79
9.9024,74.22
9.9026,78.35
9.1245,74.73
9.2592,71.44
9.3499,76.46
10.1955,76.53
9.6578,74.06
10.2613,65.18
10.6965,88.18
9.5248,74.57
10.0331,69.25
10.2236,78.65
9.4504,75.68
10.5592,75.87
8.3876,65.72
9.6857,70.10
10.6604,69.16
8.6559,81.45
9.8154,78.86
8.3688,67.53
8.5606,69.56
8.6349,67.15
9.4720,77.92
9.8990,72.01
7.2999,68.52
7.8425,73.65
7.6674,79.47
9.7523,64.74
7.9100,82.79
9.3210,79.66
9.5589,84.09
8.1025,81.14
10.9659,66.15
11.3520,70.92
10.0187,67.91
8.9738,72.42
11.7469,74.76
9.4952,67.53
9.6431,78.24
9.8999,68.58
9.1195,77.72
7.4397,84.97
9.2021,64.39
8.0798,82.08
9.6771,71.35
9.7563,76.46
7.6274,80.32
10.9434,71.52
8.7093,69.28
8.6031,65.49
8.9748,67.03
10.9740,74.79
8.5003,81.89
9.5469,55.52
9.5553,72.10
10.4899,68.69
7.7114,64.92
9.3917,64.55
10.4163,71.11
11.7769,76.69
6.8513,77.53
7.8927,75.58
8.5718,76.13
8.8543,70.89
10.7437,76.79
8.5446,69.88
7.0727,72.92
9.2260,71.45
10.2404,80.13
8.1551,73.81
8.5849,77.48
10.5832,85.85
7.7544,75.55
8.6038,79.10
7.6586,78.22
10.8334,78.16
8.8216,61.89
10.2202,81.42
8.4135,72.21
10.0905,75.70
11.2137,69.48
10.9845,82.12
9.9112,72.02
10.6964,76.03
8.5439,76.26
10.7374,74.91
9.4185,74.39
11.3852,71.04
12.3175,66.33
10.3830,70.54
11.9584,71.66
11.2158,78.61
11.5335,67.50
10.3927,74.05
10.7952,66.94
11.6971,73.91
8.8573,67.47
10.6181,76.47
9.2992,75.17
10.4067,78.47
8.1877,77.05
10.3463,84.61
10.5494,85.10
8.6074,75.72
8.9896,68.98
8.7322,75.28
9.2004,72.59
8.0229,73.07
8.9517,65.41
8.4906,80.01
9.3233,76.83
8.8463,76.37
7.8651,73.79
7.9389,70.20
6.6574,73.59
10.7910,70.09
9.2656,69.33
7.9913,78.30
7.9194,77.85
10.1994,74.64
8.4603,76.31
8.4754,68.20
10.1299,65.94
8.8767,76.55
9.4673,73.59
10.4575,76.65
7.9931,77.10
8.9456,82.61
10.6590,73.86
10.6936,73.24
11.7208,64.13
10.1366,75.00
10.4355,66.56
11.7442,84.17
11.3553,61.45
9.3294,73.36
9.3263,72.67
9.1518,71.21
9.5177,69.55
9.5825,74.43
10.7775,71.82
9.5929,70.73
9.1588,58.13
8.1881,79.90
8.5127,71.97
8.0738,74.44
7.6961,59.10
6.8525,73.32
8.2390,70.47
9.0528,83.37
8.7228,82.34
10.0415,75.89
7.1526,81.17
9.0098,82.64
7.9437,83.84
8.9958,66.69
8.4066,74.53
8.2009,83.88
8.9485,77.33
8.4153,87.58
7.9287,83.83
8.2517,76.47
8.3471,62.73
10.0979,71.70
8.8827,70.72
8.6923,77.58
8.7783,79.49
9.3206,73.00
8.9755,83.37
11.0803,64.64
8.1686,80.95
10.0601,65.23
10.7141,73.84
12.2488,68.29
10.9932,73.05
9.0977,85.32
9.2017,68.83
9.3593,73.16
12.1117,53.38
10.4178,69.53
8.3491,82.72
11.1864,72.33
10.1487,62.21
8.4627,81.07
9.1811,61.28
9.7334,56.91
7.8246,77.40
11.3395,80.93
8.2161,72.21
8.7210,79.63
10.3568,68.41
7.5582,83.02
8.8649,87.62
9.7884,63.13
8.1400,77.87
9.5016,76.55
6.9949,79.87
7.9133,84.86
8.0545,77.79
7.9834,80.94
7.4984,69.14
8.3977,70.34
10.9968,71.23
8.8456,81.50
8.9167,79.85
8.4679,74.91
8.9665,69.73
9.3965,83.98
8.4276,73.24
8.5081,79.15
8.1962,77.19
9.4340,68.35
10.0638,61.34
8.3508,69.64
9.0024,80.52
9.9760,73.87
12.0341,68.54
10.3830,72.02
9.8640,62.02
9.5639,73.98
10.0783,70.62
9.0821,78.45
10.9160,63.06
8.9054,66.41
6.7783,83.45
8.6623,79.14
9.3918,80.11
10.3421,72.37
8.7980,80.12
8.6686,61.78
10.1902,84.61
8.9125,74.87
9.4161,68.46
9.1572,67.34
8.1527,84.27
8.7788,67.86
7.8617,83.52
10.0360,76.61
8.6090,70.55
8.3192,71.81
8.8225,69.33
7.8370,78.40
9.5077,74.81
9.9791,70.29
8.4222,65.13
8.9202,78.94
10.7911,79.52
8.9693,69.27
8.7606,73.14
8.4597,81.54
9.2624,70.84
10.9119,85.70
10.2331,79.65
9.5835,64.84
8.9927,80.11
10.4301,65.88
9.8176,76.66
9.6609,76.32
8.8003,73.95
9.9005,70.91
9.6367,65.16
10.0673,77.47
10.4357,72.38
8.2051,66.56
9.5288,76.94
9.8795,66.46
10.1171,79.87
8.7530,75.08
7.9688,67.36
9.0549,77.57
11.3155,79.83
10.6664,68.14
7.6566,79.95
8.9117,81.33
9.4218,70.98
10.7629,71.65
11.4847,57.77
7.8831,72.27
9.4319,77.73
9.0531,84.06
8.7169,66.78
11.0918,73.46
9.3688,68.97
10.1183,80.95
9.9774,69.99
10.2384,67.04
8.8810,70.92
9.3792,77.31
9.5230,77.48
10.0602,86.52
9.0890,71.10
10.3129,77.37
8.7475,74.73
9.2837,84.65
11.8395,76.70
10.8261,71.00
10.9617,80.01
9.9336,70.77
8.9618,85.19
11.0775,64.68
10.7417,73.47
9.3648,77.34
9.6074,68.20
8.5361,74.89
11.4971,75.37
12.0006,77.58
11.0172,75.01
10.2284,81.22
10.2246,75.73
10.4588,76.02
10.6737,70.67
8.6319,72.11
9.2825,73.85
9.6964,74.13
9.6612,68.86
10.8583,60.40
9.2462,76.19
8.5014,78.86
9.2610,76.87
8.9050,83.67
9.6538,74.35
7.4543,81.25
8.4668,75.85
8.4883,66.80
8.6570,86.27
10.3022,72.41
8.5082,70.83
7.0854,75.97
10.1171,74.52
8.3256,82.40
7.1031,84.54
7.4930,81.10
9.4713,72.05
7.9865,82.90
9.2622,82.26
8.6858,83.97
8.5481,62.15
8.9847,71.33
8.0140,74.01
9.6818,83.16
8.7602,82.01
8.4543,75.31
10.8150,65.87
8.7772,73.92
9.9624,78.66
9.2140,82.68
8.4296,79.30
9.5954,66.17
11.0379,76.27
9.4869,70.04
9.2332,85.62
8.9375,78.17
10.0774,78.67
11.6621,70.17
8.9888,72.97
13.6901,70.08
8.2715,83.97
7.9991,82.08
8.6736,75.91
9.2330,69.88
9.2566,64.20
7.8185,74.28
8.9754,83.18
6.8549,81.31
7.8489,82.86
9.3651,70.91
7.8066,80.12
8.5963,84.90
8.0775,81.44
8.7965,72.84
8.6031,70.74
7.5495,77.91
9.6869,77.05
8.1272,70.62
10.7695,62.65
9.4494,71.83
10.2330,70.17
7.8975,81.29
7.1712,77.24
9.0791,84.77
8.2780,79.43
9.4755,80.18
6.9165,73.79
6.9149,74.26
9.7699,84.24
10.3004,72.62
9.4356,73.18
8.3491,88.42
9.6855,72.53
9.7557,81.46
8.6465,78.66
8.5959,82.45
9.8928,70.24
10.1554,76.07
8.6973,77.79
7.4439,87.00
9.5877,73.29
10.0843,82.96
8.7718,81.86
8.8630,81.85
10.4053,75.31
8.1254,75.65
9.0383,75.76
8.2001,76.96
8.7801,84.29
6.9573,75.11
9.2373,76.39
8.0395,81.89
7.8493,84.40
8.4877,93.09
9.1170,73.98
7.4888,81.19
8.7541,60.33
7.7549,82.17
8.2564,85.87
8.5387,80.05
8.4357,81.42
7.1961,73.36
8.1428,73.71
9.2747,80.75
8.5567,86.88
10.6706,58.34
8.7452,68.22
8.4682,76.42
9.0042,71.93
8.2097,76.02
7.9819,75.31
9.1689,71.98
7.4464,84.94
9.5386,73.55
8.6824,76.01
8.4492,70.96
8.6102,73.01
8.9677,74.11
9.2432,80.30
11.6188,63.93
10.0690,68.80
10.7386,69.16
7.7987,68.50
8.7844,77.83
11.0450,74.97
7.8903,92.83
8.1348,78.28
9.7537,67.99
8.4812,69.45
9.0810,80.64
7.3435,81.95
7.6293,81.12
9.2489,76.93
7.2329,76.73
10.5681,72.80
8.6794,76.90
8.1138,70.60
8.8983,79.31
8.8188,82.32
10.0819,76.76
7.4634,74.79
8.4661,70.61
10.7357,83.90
8.1558,89.30
7.7993,76.89
8.6205,79.83
9.7816,67.84
10.7237,71.67
10.8193,80.59
8.4303,80.80
10.9518,88.55
13.9993,66.91
11.3840,79.74
7.3287,87.62
9.3138,80.04
10.5855,78.02
8.4055,83.64
10.3943,83.71
9.4571,81.18
9.9515,93.11
8.4097,83.98
8.4273,78.34
10.4791,76.64
10.0346,74.03
9.2343,74.20
10.7165,79.34
9.1850,70.81
9.8678,79.49
9.3603,87.48
7.0734,77.10
11.6294,79.91
10.5025,80.51
10.6320,74.91
8.4732,75.41
7.6628,79.97
9.2201,81.03
10.2486,78.47
9.1292,63.32
9.7924,64.80
10.6699,77.50
9.1961,88.06
9.9569,81.18
8.6410,80.19
7.5368,65.64
8.2700,77.76
10.4392,74.25
8.6529,74.57
8.5771,79.77
9.2889,75.47
9.9084,79.27
8.9772,75.22
7.9214,77.63
9.5581,82.45
9.8306,79.42
10.2625,80.68
11.4198,68.23
9.8850,77.11
9.5937,81.24
11.9130,69.88
9.3882,65.21
10.6079,74.51
13.2981,72.98
10.8968,75.51
10.9596,75.96
9.8674,76.87
13.3769,74.21
11.6989,80.83
10.2359,84.31
11.8348,61.46
10.4529,72.40
10.5638,73.29
9.7002,83.26
8.1076,73.85
8.8912,73.23
9.1460,77.01
10.5834,83.90
10.6449,80.20
10.1509,62.47
11.0845,74.89
9.3983,78.60
8.8390,71.56
8.2499,71.02
8.9062,72.45
9.1536,78.04
8.6180,60.46
8.2636,70.87
9.8202,70.57
10.5848,75.63
9.8552,77.38
9.9151,73.04
7.7368,69.82
8.1515,68.53
7.8698,71.94
7.2073,82.27
11.0031,64.45
7.8653,75.83
11.1936,68.86
8.3651,74.29
7.2396,81.25
8.8129,83.31
7.9020,71.76
9.4084,78.34
9.6458,75.03
9.4685,78.63
8.3911,73.24
8.2160,83.73
8.0957,80.05
9.8044,78.38
8.3276,84.89
9.6255,83.69
10.6178,69.01
10.8697,72.19
8.5450,85.47
9.2709,87.45
8.6372,84.39
10.5235,71.56
10.4847,81.39
9.8498,74.41
9.6150,85.16
10.3198,71.32
9.9090,81.00
12.3237,73.52
9.4878,86.88
9.9453,79.19
10.2953,72.54
9.7802,79.21
9.9220,74.94
10.0906,82.25
8.9462,84.76
9.0304,73.94
8.7188,69.69
9.5478,73.25
9.9343,70.87
9.7206,80.10
7.1284,87.62
10.2591,69.74
8.1618,73.52
9.6426,75.45
9.4370,75.58
8.4014,80.64
8.4576,96.08
9.7938,69.43
9.0067,72.39
7.8521,76.02
8.3222,81.16
7.4952,75.72
8.6626,71.29
8.5141,69.37
9.8475,73.67
7.5898,83.81
9.7217,88.06
9.0669,73.05
9.3900,78.90
8.6270,73.25
7.5351,87.30
9.2618,82.76
10.8356,73.98
9.0140,77.49
10.2631,64.70
9.2699,83.71
9.9624,79.47
10.2569,82.30
10.3418,80.20
9.9209,79.62
10.3986,80.49
10.3578,80.63
9.7960,90.01
9.4173,80.90
8.6349,79.65
8.9681,81.33
10.9769,90.48
11.3295,82.21
8.5015,73.71
12.0145,76.17
10.6196,81.01
11.0150,82.04
9.3982,82.65
9.5965,70.53
10.1564,85.38
9.0239,82.29
11.1011,76.17
7.8020,75.32
7.9199,84.99
8.3251,73.58
10.7994,81.35
9.3319,74.81
8.1692,76.30
8.7979,81.32
8.5772,80.09
9.6339,83.43
9.3613,90.73
9.1590,74.03
8.1540,88.58
9.2207,83.49
9.0862,76.12
8.3982,66.87
8.9433,72.41
9.0030,80.70
8.7170,84.06
8.6221,86.18
10.5574,73.48
9.7330,87.83
9.2770,86.37
7.3250,78.78
10.9522,75.79
10.8536,73.47
9.2293,67.46
9.5178,72.43
8.9987,92.64
10.0161,81.92
8.9795,77.16
11.0768,64.41
10.7637,83.67
10.1398,77.91
9.5433,77.56
9.9109,75.10
10.4171,69.47
10.4186,81.27
10.2750,91.88
10.5244,85.99
7.7660,82.72
8.0337,84.87
9.1650,89.45
9.9434,85.21
8.7068,73.95
9.5580,74.14
8.2321,79.18
11.7532,76.92
9.2471,78.88
9.2722,81.56
8.2927,81.70
8.8141,69.58
10.0436,87.06
9.6883,84.58
8.4727,70.91
9.2449,79.05
9.0850,91.36
9.9616,78.86
11.0698,75.37
9.6213,78.20
9.0920,74.36
8.7646,79.39
8.4511,88.84
7.9736,84.34
9.2621,74.40
8.0116,78.16
9.6615,82.71
8.5195,86.32
8.8556,74.01
8.7089,73.51
9.1221,71.17
11.2563,75.69
9.4915,79.43
10.8530,77.37
8.9988,76.03
8.4243,72.72
9.9322,77.65
10.0861,78.42
9.2540,70.42
8.5651,68.67
8.5711,75.35
9.4929,87.91
9.4887,77.91
9.3317,70.66
7.6522,90.00
7.2927,80.79
8.7022,85.63
9.8346,63.66
8.7212,81.67
7.6777,79.38
8.7630,68.83
8.0377,85.32
7.5934,82.19
7.6057,78.09
8.3052,75.50
10.7999,77.40
7.8328,74.05
8.6514,88.88
7.9435,79.12
7.1448,77.75
7.5997,88.85
8.8236,72.69
8.2631,77.47
8.3492,77.97
8.1732,76.54
9.7062,75.90
9.4150,76.03
9.5475,78.72
8.2369,83.61
9.7088,75.20
9.8826,77.32
11.2985,64.56
9.6478,82.17
10.4295,78.20
9.2452,84.46
9.3463,83.81
8.2536,83.54
7.2352,88.71
7.9203,77.67
9.0215,78.87
10.8492,88.95
8.3724,74.58
7.0072,73.49
8.2026,72.12
8.1892,80.58
7.5510,87.00
9.5121,61.02
7.4476,80.38
8.0546,74.06
7.7954,84.71
10.2140,80.71
8.4403,73.82
8.1890,81.71
7.7102,77.57
8.7003,81.59
8.2049,88.09
8.6733,76.56
10.3695,83.05
8.7670,84.09
8.5077,82.67
7.8633,72.65
8.6079,80.48
6.2968,84.43
8.9646,74.49
8.5056,83.82
9.0968,83.94
10.8642,75.25
9.4994,91.48
8.9156,79.27
11.8407,74.09
11.2435,78.52
9.6671,79.08
8.8493,74.44
11.0053,77.13
9.8676,75.20
9.9808,81.41
9.3632,73.04
10.3778,74.15
10.7595,83.26
8.8455,84.98
9.7081,79.35
10.1006,77.88
10.9845,70.84
10.2391,80.23
8.0784,87.98
8.7177,74.53
10.8430,75.28
8.6747,71.45
9.1335,69.85
9.9686,71.72
8.4018,87.37
8.2396,72.83
9.1981,85.88
7.7030,74.03
8.0814,71.56
8.1829,78.58
8.2765,72.62
8.3355,76.69
7.5115,78.92
8.8663,78.91
7.9011,78.52
8.2384,90.60
8.0583,81.05
8.2770,76.31
9.8498,77.08
6.9076,88.08
7.4225,79.32
9.3036,83.58
10.8432,73.02
8.3334,82.12
8.8905,72.57
9.1081,82.29
8.5618,75.63
8.8719,73.33
9.9652,79.82
11.1837,76.29
11.0871,79.27
11.6415,80.03
10.3820,78.89
10.2692,68.72
9.5174,86.68
9.6174,76.76
9.9364,82.71
12.1967,92.10
10.2392,85.80
11.5564,82.70
11.7008,71.34
9.4446,83.62
10.8375,81.21
11.3955,80.02
8.5239,88.48
8.4970,74.27
9.3597,72.38
9.0322,76.97
10.7458,73.15
9.5942,82.25
9.2958,70.75
8.2081,81.52
9.7132,89.81
9.1556,85.23
7.9098,76.32
8.2125,74.64
8.5985,87.11
9.2636,77.52
8.8568,78.62
9.6257,81.43
7.0859,81.53
10.2677,80.86
9.9647,75.83
9.8865,86.60
8.2013,84.21
9.5273,73.94
8.2483,91.79
8.9056,74.28
11.1726,52.74
10.4759,78.67
8.4071,84.08
9.9017,76.93
10.0777,74.47
9.3401,69.49
8.9499,81.48
10.8231,73.16
9.5485,83.55
13.0348,61.58
10.8044,70.24
10.6047,75.10
11.2143,69.42
12.6625,71.10
12.7330,66.92
13.3671,64.72
11.7185,77.02
11.3261,68.88
9.3103,84.95
9.4558,77.99
10.1382,80.42
11.0144,82.54
8.5654,74.49
8.8376,79.24
10.0956,79.77
8.6086,78.16
9.4917,76.37
7.7824,75.79
10.0311,74.89
10.0143,73.18
8.0899,75.80
8.3728,83.86
6.2845,64.73
8.9587,78.58
8.7919,82.66
10.2682,86.49
11.0691,85.74
8.2018,74.78
8.2516,77.52
10.2515,80.79
9.1001,78.76
8.4294,73.46
7.7298,77.68
8.4413,82.03
9.7733,89.72
9.7495,76.10
10.0682,82.12
9.5027,79.36
10.1582,66.75
10.3064,73.45
8.8795,76.44
8.4092,75.28
11.1976,70.65
9.9367,79.52
10.7134,64.38
11.3785,77.56
9.6848,75.46
12.4294,75.18
9.7249,72.10
10.5761,71.05
9.6957,82.04
10.1242,67.36
11.8489,59.97
8.5675,84.15
9.9440,79.03
8.7481,82.38
8.0274,72.71
9.3443,75.32
9.3716,80.43
8.5752,80.30
7.2930,82.37
8.9467,75.79
7.4355,78.43
9.8261,85.24
8.9595,76.49
9.2273,86.32
8.5609,81.49
8.5463,73.40
9.6916,82.16
7.6936,72.01
8.7641,83.49
8.7385,79.37
8.4819,69.27
9.9795,83.19
8.8507,79.70
9.8428,85.68
8.1382,80.32
10.4040,83.55
9.7770,87.65
9.6374,81.40
10.3915,76.16
10.1342,81.90
10.1480,66.94
9.7111,73.09
11.2948,83.16
9.4394,83.41
11.4630,76.65
10.8031,75.86
11.5019,71.98
10.3952,76.03
11.4870,71.17
9.4639,77.38
10.6844,77.19
10.9135,78.61
9.7507,74.49
11.2635,73.48
9.9285,75.18
9.0207,88.81
9.7188,69.92
10.2386,76.44
8.7381,84.77
9.4514,82.65
9.2605,84.28
8.7431,74.00
9.3109,70.66
8.0152,78.90
8.0876,82.80
9.3527,79.29
7.6855,83.24
11.2804,75.17
8.0582,79.69
7.8438,84.54
10.1545,78.53
8.0952,83.98
10.7356,74.26
8.0048,84.29
9.4195,75.24
9.9520,62.06
9.4611,79.91
8.9464,81.55
9.0028,77.48
9.3057,86.08
10.6694,69.72
9.9615,71.87
9.4876,78.52
8.6772,85.08
11.6128,80.03
9.7082,73.98
10.2326,82.03
10.3565,78.22
9.9267,85.81
9.0119,81.84
11.2307,83.55
9.8038,77.57
10.2012,81.74
11.0156,77.24
9.0758,84.69
9.4767,68.97
9.1285,83.30
8.4730,78.45
8.9373,67.54
11.0911,84.31
8.5963,74.96
7.5148,87.61
6.9623,82.58
9.9042,78.67
8.8334,83.05
7.4775,80.04
9.2567,88.60
8.7411,81.03
8.3913,78.12
10.9694,62.81
8.9757,77.91
7.8701,83.66
9.4153,80.89
8.4768,84.84
8.4693,69.94
9.7098,80.16
10.7195,82.95
8.9045,80.84
8.5142,76.55
9.7917,98.81
8.5726,81.47
10.3464,88.45
10.8010,84.51
8.5721,86.02
9.4575,73.34
11.6418,70.15
8.2691,84.52
9.1422,73.00
7.8468,80.22
9.4063,88.41
10.0986,84.58
10.9553,73.23
12.5172,73.41
9.0546,75.60
10.2802,76.03
10.9223,74.13
9.5349,78.04
9.1386,74.37
8.2960,88.49
8.7137,91.87
9.1426,75.26
11.5885,83.53
8.9732,78.50
9.1353,78.84
9.8417,83.96
9.8651,88.39
7.5689,77.62
8.6806,75.41
8.2058,82.24
9.1954,76.65
6.2636,79.24
7.4940,74.47
7.4866,81.02
7.4168,85.69
8.2659,81.01
9.0733,84.55
8.8437,80.70
8.4444,80.51
7.6061,74.66
11.5295,73.98
9.2024,83.68
9.2502,75.23
9.2676,81.22
7.1799,81.67
9.4165,82.01
9.5609,85.49
7.8096,83.75
9.6862,79.86
10.4213,67.29
9.5562,76.78
9.3909,78.01
10.6635,83.33
9.0796,82.33
9.5794,83.75
8.0022,74.61
10.8540,77.33
8.4688,80.08
13.1586,84.62
12.0012,71.34
8.7301,74.40
9.4801,71.79
11.4628,88.87
10.4663,85.77
9.9185,72.78
9.0348,77.32
8.3495,76.56
8.1587,65.92
9.5463,73.41
9.6168,69.33
9.0623,60.06
8.7632,80.72
7.8092,77.49
7.8828,89.13
8.7016,71.51
8.4066,80.03
7.9379,68.43
8.2801,73.99
8.4723,75.85
9.5344,79.30
7.8766,76.23
7.5139,78.42
9.1695,87.06
9.0753,78.76
9.0436,78.86
7.4300,75.79
9.7320,74.99
7.9505,85.33
6.5183,73.50
10.2298,77.18
8.1631,81.72
7.8555,71.06
11.9193,63.58
10.0729,70.70
9.2411,78.98
9.9221,70.20
11.3655,73.20
9.8468,73.44
11.1143,80.46
10.2175,71.78
10.5474,73.28
9.7228,94.68
8.8510,78.06
11.7671,81.58
12.1744,66.19
8.4715,82.07
11.6351,75.92
9.5297,80.08
7.7070,79.41
9.5379,62.61
7.5847,73.53
8.5433,86.19
10.0637,69.90
11.1889,70.51
7.9426,72.30
9.4839,74.95
9.1616,73.17
11.2108,84.38
9.7165,81.89
7.9557,78.28
8.2596,73.00
10.4162,80.93
10.9538,79.23
9.5308,88.35
9.4488,91.19
8.7583,69.09
8.7858,78.09
9.9722,70.82
9.5293,72.08
8.9993,83.19
8.1738,76.34
8.8527,83.69
10.4567,68.10
10.8366,78.89
9.1429,80.05
10.6402,75.15
10.1036,81.34
7.8833,78.70
11.5530,77.83
9.7218,74.01
7.9339,86.88
9.9459,84.12
9.9819,72.52
8.7629,80.08
13.1515,65.94
10.5961,73.10
11.0579,70.33
11.7679,68.41
10.7840,73.23
14.3000,66.13
10.7049,71.81
10.4769,74.93
9.7136,79.88
9.9509,86.59
11.3092,74.16
9.3114,90.44
9.2614,83.00
10.2084,83.98
8.8790,91.06
10.9492,68.72
10.4021,81.76
10.4289,80.88
8.8911,73.04
9.1409,79.99
10.4270,76.77
10.2274,84.16
9.0332,72.80
7.6305,71.85
8.9135,86.44
9.6786,82.12
9.8180,80.71
10.4027,71.35
8.4467,75.19
8.8745,84.17
10.4452,78.08
9.4699,77.83
11.5907,72.81
9.4628,81.59
9.5833,75.50
10.8875,78.47
10.4004,83.27
8.8458,77.21
6.8753,82.81
11.0919,83.73
8.5937,84.71
10.6125,66.58
11.3115,73.77
10.3083,79.76
9.5835,85.00
10.7926,68.60
10.5077,68.95
9.2644,81.56
10.4244,78.75
11.3889,74.98
9.9915,74.90
10.5213,64.85
9.4621,87.17
9.1434,71.06
10.2761,69.12
8.9437,73.56
9.8869,70.33
9.2613,80.04
9.8136,66.59
9.6241,74.14
8.9174,84.51
7.2426,73.45
9.9895,73.33
9.8835,70.76
9.1175,75.68
9.4518,86.43
8.5384,83.75
8.9096,71.56
9.0491,78.03
7.4499,79.68
8.8729,61.01
9.4086,74.06
10.1111,72.06
10.7598,63.06
7.9464,80.11
8.8051,76.69
9.2430,81.82
8.7347,70.71
10.8413,73.81
10.2110,69.90
10.1941,76.72
8.9454,83.06
9.9478,69.89
10.2794,74.24
9.3824,78.01
10.5778,74.67
9.1482,70.44
8.3889,82.97
8.2780,81.36
10.3578,72.98
10.0484,72.63
10.5306,84.81
9.6488,74.98
9.1669,78.27
10.8401,71.65
10.6164,70.75
10.9515,80.17
10.4172,77.17
9.1796,91.14
10.5752,77.33
9.3817,79.73
9.2071,78.81
9.2204,72.02
11.0023,53.99
10.4166,66.50
10.1615,84.25
12.2478,70.08
11.1361,77.52
9.1728,77.62
10.2420,72.56
9.2036,72.69
9.9261,83.98
11.2152,72.39
7.7300,74.44
8.9723,71.56
6.9491,77.04
8.1483,84.34
9.3071,72.78
8.8910,73.61
9.4481,82.52
9.4362,65.22
8.6602,90.05
9.9461,87.95
11.1066,80.92
10.6462,79.57
8.1092,86.11
9.7210,81.62
10.1326,86.37
7.6793,81.91
10.3505,78.31
6.8416,82.18
7.5326,80.69
11.5002,76.00
7.9253,83.24
8.7504,81.80
9.3058,76.09
9.7067,75.25
10.0381,77.29
9.5258,71.77
9.1114,82.70
10.9013,79.39
9.3382,75.07
10.7928,76.14
10.0730,85.94
10.7987,78.83
9.6727,74.24
11.3851,87.19
11.3465,76.17
10.7368,75.12
12.8128,68.10
10.8044,85.79
9.3641,72.16
9.3298,80.31
9.7233,83.09
11.4638,76.06
11.3258,72.85
8.6683,84.42
9.1172,84.18
10.0213,74.93
9.0704,89.34
11.5825,69.68
9.8140,83.47
8.3872,90.82
6.9384,83.44
9.7384,72.88
9.6806,71.82
7.9280,89.50
9.5909,83.66
8.3619,81.22
10.4710,67.42
10.1170,70.03
9.1296,83.53
9.0826,74.69
10.0543,67.59
9.7450,74.80
10.6141,77.52
10.9052,75.40
11.2107,75.35
9.4307,87.25
10.3034,84.54
10.7369,72.85
9.0793,78.02
7.6795,79.17
8.7351,74.95
9.9106,71.49
11.0620,78.38
10.5693,67.14
8.8396,77.07
8.8425,78.48
11.6050,75.71
9.8797,69.31
11.5273,69.76
10.1083,74.71
11.3252,77.12
9.9229,79.09
10.5691,71.57
11.4774,72.93
11.0889,70.91
9.1035,80.65
11.1331,76.67
8.2514,83.30
9.8278,69.78
9.1346,76.17
9.0128,84.35
10.1932,76.90
8.2056,83.69
9.0598,59.54
8.6216,74.92
7.7647,74.97
8.6863,84.34
8.4731,75.77
9.2550,81.58
9.8939,89.70
8.7964,93.03
8.1165,86.33
7.3448,76.72
10.8125,78.90
9.5091,81.39
9.3438,80.93
8.8740,70.82
10.0807,76.48
11.3013,68.30
9.0778,75.84
10.5526,74.93
8.8491,73.59
10.0571,75.85
8.8254,63.85
9.0321,77.33
10.6555,72.37
9.0731,73.87
8.6100,89.96
11.7173,73.00
10.5789,75.61
11.4304,68.60
8.8365,69.80
10.5603,76.67
10.8741,69.34
11.9523,71.54
11.2281,73.27
9.4798,82.36
9.3535,62.13
10.4858,77.41
10.9902,74.16
7.4593,78.78
8.7020,83.70
8.7328,69.64
9.7103,77.58
8.5067,87.00
8.3039,80.56
9.5249,66.68
8.0175,74.01
8.3294,78.77
10.2411,80.75
9.1923,72.45
9.2350,81.65
10.1482,78.86
8.1181,79.83
9.2588,74.84
8.3175,76.34
8.2286,73.38
7.8798,71.64
9.5104,78.49
8.5604,77.91
8.1156,74.68
8.6042,84.00
9.7962,84.39
9.9827,80.58
8.5705,78.51
10.6381,71.59
9.1816,76.19
10.9723,81.22
11.6078,85.67
11.1010,71.44
11.3015,73.32
10.0654,78.59
10.8850,81.97
11.9958,78.23
9.9959,69.26
10.5461,69.66
11.2492,84.98
9.6294,91.17
11.2894,66.43
9.6430,72.90
9.5089,77.10
9.4584,86.47
8.6947,79.89
10.1917,77.33
9.0594,79.77
8.1131,87.01
10.0555,97.40
9.5204,76.50
9.3768,81.63
8.0067,77.25
8.6583,80.34
8.5693,78.45
8.7830,82.77
9.6063,86.83
7.6422,65.83
8.6702,81.59
8.8089,78.26
9.7212,71.91
11.2096,72.76
9.5202,73.06
9.5282,81.37
8.3424,85.14
9.9907,73.37
9.2325,81.28
8.9720,80.74
8.3473,82.06
7.5128,81.97
8.8242,82.13
10.2177,74.37
8.3255,83.77
9.8392,74.66
9.3250,76.91
9.8648,79.22
9.9252,92.61
11.0648,89.68
10.4982,85.56
12.2793,67.39
10.5304,73.37
8.8965,70.17
8.6311,84.97
8.5622,75.29
10.0374,61.07
9.1718,74.31
9.0917,81.21
9.9860,79.62
9.8817,79.18
9.0207,86.70
9.8518,80.44
9.8717,78.19
11.4881,69.85
8.5080,87.36
9.8197,73.07
9.8802,74.71
8.6585,75.70
8.7636,83.01
8.6615,88.79
9.2428,81.66
9.9610,76.58
7.5956,70.04
9.8183,91.42
9.1811,76.51
8.0791,89.76
8.8516,74.84
8.9740,65.70
8.6410,90.45
9.4808,71.32
8.7384,82.96
8.7461,74.52
8.7995,85.42
9.7213,84.45
10.8927,74.54
10.8578,80.66
8.1367,74.84
8.8193,78.87
9.6895,81.13
9.7106,80.08
9.8844,79.85
10.5484,79.40
10.6368,73.96
8.5479,77.20
9.3124,79.43
9.3179,84.39
9.8476,84.32
11.3074,77.50
9.4675,78.95
9.5787,73.08
10.6320,81.61
10.0977,80.73
10.8271,86.00
9.8982,78.21
9.3980,76.88
10.8548,86.15
12.4010,70.38
10.1547,77.04
9.8709,69.31
10.5802,72.66
9.6752,77.89
10.5108,84.92
9.5346,72.30
7.2141,76.23
10.1983,77.19
9.5062,72.48
9.1489,76.94
8.5115,81.87
7.8877,75.33
7.8900,79.68
8.5534,76.70
9.0732,94.72
8.8197,84.34
9.7451,85.27
9.7733,68.81
9.9353,77.23
8.5404,84.04
8.0827,83.53
9.4314,83.56
10.8344,76.99
9.8685,79.64
8.1205,92.74
9.4377,95.66
8.8047,76.36
9.6148,75.11
11.4211,67.19
9.7855,76.48
9.7608,69.03
10.3371,80.36
8.8154,72.84
11.2057,75.66
9.9674,81.29
9.8865,76.85
8.9422,84.14
11.4537,78.17
10.7500,67.74
11.3130,66.51
9.9968,70.21
10.6818,85.83
9.2403,78.14
10.1862,69.29
10.5184,81.74
9.4953,70.25
9.5612,86.92
8.8594,80.51
9.9851,79.30
8.5004,85.05
8.1249,71.00
9.2394,78.83
8.7640,79.93
8.8723,73.19
11.1519,77.80
9.5773,98.06
9.1604,74.91
9.9074,77.54
9.3116,84.79
8.5419,76.46
9.6514,80.04
8.1066,69.59
10.8688,65.26
10.1959,73.86
7.9334,76.85
8.6800,78.61
8.5486,83.39
8.5252,83.13
8.7645,79.87
8.8494,76.73
9.0316,83.99
8.7702,86.07
9.9248,70.37
10.5228,69.62
10.1787,81.27
11.3146,78.23
9.9381,73.01
10.9276,72.82
9.8175,65.09
10.6796,75.78
9.6910,81.69
9.2263,84.74
12.5481,71.87
8.3064,78.22
9.6187,82.64
7.9159,78.91
11.3073,79.53
9.6191,72.21
9.1486,65.87
9.4025,82.08
8.5771,76.32
9.5104,85.26
8.7555,76.65
9.5826,73.53
8.4161,82.56
8.5057,77.72
8.8151,84.12
9.7450,73.59
9.1905,79.39
9.8317,79.68
7.9850,76.88
8.3879,89.19
9.2230,76.07
8.5149,79.36
8.8424,78.64
8.2870,77.93
8.9857,79.14
10.0306,81.06
11.7041,78.02
10.0209,76.20
10.7699,81.88
7.3581,75.64
10.0457,80.80
12.2785,70.54
9.5020,81.21
9.8604,75.03
8.1916,74.94
10.9936,87.40
9.3545,74.64
9.7374,71.02
9.6009,75.29
8.9594,82.09
9.3602,84.56
10.3603,73.32
10.8621,69.65
8.6382,74.30
9.9049,78.01
8.8072,77.14
9.5937,83.44
9.1937,79.79
9.0756,71.58
9.6012,70.46
12.8041,82.84
10.1280,85.49
8.5703,81.82
12.9955,75.98
11.1206,85.01
9.4267,76.04
10.3389,81.92
8.5988,74.09
8.7559,82.36
9.2685,78.81
10.1143,80.85
10.5117,84.02
8.7430,76.13
10.8626,86.18
10.8793,72.24
11.8101,76.46
10.0997,71.95
10.7028,80.87
9.0865,80.80
10.9933,74.02
9.5199,78.91
11.7124,76.74
10.1124,72.34
11.9531,71.62
10.0040,75.98
11.8188,67.00
13.8108,79.82
11.1488,65.82
12.7242,73.81
9.8083,73.20
8.7999,76.94
11.2086,63.70
10.0555,70.51
11.0364,78.67
8.7724,71.77
7.9802,72.82
10.7703,72.62
9.4532,78.22
10.8686,71.00
9.9384,77.67
7.6059,82.80
9.2319,70.86
10.5679,72.93
9.9248,77.23
10.1590,86.96
8.6553,78.67
8.8614,86.25
8.6173,81.06
10.0312,77.69
10.0162,68.73
8.4776,75.83
10.0902,76.69
9.6271,82.43
10.6613,80.02
9.2217,76.00
7.3433,78.49
9.1498,85.22
10.4560,75.32
11.3451,84.19
10.7019,82.31
8.2690,76.80
9.5765,81.82
10.7948,70.21
9.9889,76.05
12.2080,64.99
12.3172,73.64
10.2829,73.16
10.3434,79.69
11.2183,70.10
13.2630,75.32
11.4308,70.14
9.8128,73.50
10.7521,80.25
10.9186,77.88
10.8856,79.43
11.7812,84.09
10.0199,71.73
11.3483,67.19
9.9866,74.11
10.4859,78.24
9.9424,73.15
10.3826,64.44
9.8394,77.78
10.1711,68.90
11.8622,72.28
9.2960,79.47
9.0041,77.49
10.2956,64.59
8.0742,74.70
10.2698,66.77
8.6815,84.64
8.8180,78.66
9.8548,67.81
8.0427,79.66
9.5511,74.44
8.9029,75.22
7.7508,78.90
10.0567,69.94
10.0321,75.06
9.9255,79.12
9.0916,70.76
8.6774,87.59
9.2508,79.95
8.6057,67.59
9.3319,84.22
9.5318,79.88
8.9434,79.79
9.7234,79.33
8.8077,80.40
8.9088,84.77
10.7019,81.04
8.9537,85.84
11.2245,73.73
8.6685,78.86
10.7099,65.73
10.3914,72.94
11.1549,71.28
9.2970,79.92
10.3488,71.19
11.4402,67.64
9.3725,77.65
11.6131,73.83
10.2543,78.86
9.0905,76.54
11.6746,69.28
10.2107,70.61
11.2676,74.63
10.2172,73.69
12.3037,74.00
11.5005,79.06
8.4516,76.68
8.5489,84.51
7.4027,81.89
8.6286,78.94
8.1624,72.14
8.4279,80.01
9.1974,69.12
7.7168,71.86
10.0966,77.33
9.5333,73.55
8.9711,83.93
8.3014,76.42
9.6765,80.67
8.0323,84.36
9.9531,77.11
9.6006,81.08
8.9757,78.16
9.3098,83.14
9.3992,79.92
8.7307,85.24
8.0225,86.15
9.0635,75.03
9.5455,86.64
7.7175,78.43
9.0401,72.63
9.3329,79.83
8.8977,85.23
8.5645,85.88
9.7980,80.98
10.5875,71.40
10.6847,83.18
9.8598,83.42
10.1969,83.30
10.7434,75.92
10.4811,78.34
12.9496,80.63
9.3728,86.89
9.0396,74.24
9.6912,78.76
10.8287,82.22
8.9352,77.16
9.3101,82.07
11.8403,71.15
9.0477,84.43
10.7272,72.78
10.3469,73.30
9.8674,80.45
9.6694,78.57
9.7511,74.78
8.8663,73.07
10.8121,85.07
8.4891,82.98
7.6976,79.97
12.3848,85.37
10.8462,79.43
8.7870,88.50
8.5900,89.84
7.5369,80.27
9.4046,72.70
8.6045,89.40
9.8025,78.74
8.2302,71.60
7.8722,74.49
9.7238,69.37
8.5727,74.01
9.1316,81.03
8.9585,90.64
9.3946,69.68
8.6603,82.59
8.8367,76.44
8.8745,83.51
8.5778,78.27
9.4740,81.66
10.0341,83.94
9.8501,76.70
11.5330,66.67
10.4708,79.00
11.6065,73.71
10.7166,81.11
9.2419,76.87
9.8810,76.93
10.9039,71.89
10.6253,77.62
10.3280,80.65
10.5181,82.03
9.9142,77.44
9.9195,77.81
9.7797,74.82
9.4002,80.68
8.8872,82.01
10.5840,73.28
9.8902,76.82
11.3086,71.47
8.7196,79.29
8.9284,77.07
9.3262,80.58
8.9675,71.39
9.9878,76.15
8.8416,84.72
8.7289,81.50
9.3578,74.99
9.7652,69.50
8.8037,64.81
8.0804,78.73
10.0694,83.95
8.3797,80.57
9.0310,79.28
9.3293,77.15
9.6146,80.04
9.1784,69.84
9.0135,85.94
9.2573,73.28
9.2049,77.03
7.9214,83.64
8.5399,84.19
8.0774,80.88
9.3546,84.34
9.5714,90.64
8.7380,78.91
8.5221,85.41
9.7643,61.28
9.6947,82.81
10.5343,81.88
10.0898,67.52
8.5888,79.33
11.3593,78.02
9.6591,82.90
10.7915,75.82
10.9271,77.43
13.4182,84.11
9.5346,82.24
10.5444,78.76
8.5453,85.83
12.5840,75.73
9.4401,81.27
9.4486,85.72
9.9063,79.98
10.1011,83.87
11.5286,86.41
9.2394,87.16
8.8467,91.25
9.8038,70.60
8.3500,72.03
8.7184,78.98
10.2535,84.37
9.4096,75.16
9.0647,91.09
8.8063,81.36
11.6615,90.46
8.1213,82.20
11.2003,99.30
8.9096,78.44
9.6910,75.32
9.5077,83.63
7.0314,81.28
8.1116,83.80
9.0408,78.73
9.6044,83.51
8.9527,76.90
7.8052,79.24
8.8606,80.93
8.5160,83.67
8.8772,74.83
12.3085,81.54
9.3282,76.21
9.9337,74.70
9.0377,74.61
9.8109,84.52
10.7774,79.37
11.6295,71.70
9.9972,79.23
12.1709,72.94
11.0383,79.07
10.8274,79.23
9.1909,67.16
11.3442,69.64
11.1780,82.33
9.7513,85.17
10.7359,74.90
10.6281,79.16
8.3805,80.12
10.5326,76.37
9.7967,80.11
9.8947,78.10
8.4617,87.72
11.1831,80.22
9.3182,78.68
9.2705,83.08
9.9913,78.89
10.0658,71.88
9.5958,75.52
8.2621,80.13
9.3460,83.48
8.1043,74.60
9.6892,72.90
7.9725,71.74
8.1150,86.09
8.6888,89.50
10.7823,82.03
8.8902,79.37
8.3041,81.08
8.3189,81.78
8.3055,92.34
8.0565,72.98
10.1194,78.55
11.2856,79.74
7.1186,75.53
9.8712,75.84
10.7622,68.64
10.3688,77.36
12.5515,67.31
9.4011,71.40
13.9482,68.43
10.2250,78.78
11.5214,73.01
10.4544,70.81
9.7334,79.37
7.7471,80.37
9.5344,77.96
10.5390,75.35
8.3560,82.89
9.2193,76.98
7.2050,80.69
9.9671,77.12
9.5016,76.96
10.1143,70.55
9.3213,82.69
6.8015,82.40
9.6120,77.25
9.4221,86.80
10.3662,85.52
9.7097,76.01
8.2041,75.24
12.2078,84.83
8.4720,75.36
10.4256,81.46
11.9462,85.67
8.7447,89.78
10.1403,84.88
9.2785,82.75
8.8013,81.91
11.2660,90.26
8.4836,83.63
9.3194,73.82
9.2204,84.16
9.7195,86.31
11.1153,72.90
9.8260,72.56
9.0431,76.05
10.4491,85.23
10.6843,79.85
9.6374,86.22
10.5558,75.33
11.7303,64.57
11.4224,72.61
10.7390,77.94
10.9645,62.34
10.5599,73.36
10.9188,65.79
9.5009,86.55
13.9365,74.11
10.1141,71.58
9.5752,68.05
8.6963,81.03
9.4522,84.30
8.3063,74.52
9.3034,74.09
8.6173,74.28
9.2950,76.97
7.9382,78.88
10.3098,71.49
12.1306,78.19
9.0846,90.59
7.5965,81.54
9.1471,69.55
7.7442,79.23
8.1108,79.20
8.3322,79.34
9.4286,80.66
6.5828,90.08
7.4002,73.99
9.5709,85.82
8.0620,88.69
9.8275,84.41
7.7879,80.28
6.8279,79.97
9.8714,78.75
8.9192,95.67
9.4896,83.75
8.4304,80.77
8.1706,66.42
9.4455,88.53
7.7475,85.01
11.3190,77.56
7.9368,88.48
8.3454,77.30
9.0130,81.29
10.1709,86.95
10.8259,86.73
10.7937,83.97
8.4647,75.04
11.5065,78.32
9.1736,85.76
10.4837,78.05
9.6932,78.24
10.0075,76.48
9.3422,85.04
10.8709,73.42
10.2631,75.52
11.7795,69.48
11.1901,80.89
11.8737,78.03
11.2828,75.39
9.2232,77.06
10.1553,75.89
10.3863,75.51
10.3087,71.76
9.9396,89.93
9.2069,71.06
8.9841,68.96
9.7781,81.98
8.5173,78.97
8.7607,91.81
8.9604,90.59
8.7929,85.24
7.8436,82.27
9.7866,87.63
8.9785,75.27
8.6096,78.61
9.9824,96.74
8.9150,90.00
9.2203,84.44
10.5633,88.57
8.9896,89.42
10.7716,83.11
8.4723,89.46
10.2421,84.58
9.5494,81.19
6.9441,84.89
8.5864,89.46
9.8953,93.66
10.6912,81.28
8.6975,78.78
9.1624,83.94
9.1317,81.20
10.7442,77.17
10.0953,77.58
11.3702,82.81
11.3681,62.25
8.8669,82.93
10.8813,88.14
10.5337,84.88
12.3604,70.82
10.7881,76.70
10.2726,85.43
11.3613,85.48
9.7592,73.66
10.9859,68.23
9.3202,80.72
9.0739,83.49
11.2853,76.54
9.5145,79.56
8.3356,78.37
10.2624,76.73
8.6885,93.63
10.2258,71.00
9.1839,86.84
8.0708,80.49
9.0605,87.32
7.6008,84.37
8.9868,87.20
8.5157,95.42
7.8575,73.19
8.4250,77.94
7.3761,82.28
8.4681,87.19
7.2824,88.53
8.0276,81.37
8.3786,88.06
7.9628,89.23
9.3640,77.53
8.3310,85.13
8.2041,75.45
8.8628,70.15
8.8067,77.74
9.8553,83.63
8.0443,72.91
9.2380,73.01
10.5714,82.78
9.5430,76.28
10.0668,75.38
7.8555,89.41
10.7726,80.00
10.3745,86.78
10.4873,75.47
9.9238,85.01
10.2757,83.51
9.6883,94.16
10.6074,102.46
11.9633,70.05
7.6593,79.31
11.6493,86.61
9.5997,97.31
10.8474,80.64
9.9372,78.51
10.4769,78.66
11.9811,79.89
9.1152,91.04
9.5819,90.93
11.1737,82.04
9.0159,78.05
9.5466,81.27
10.6199,85.49
10.0895,88.67
9.0347,80.83
8.3502,79.61
9.5101,74.79
10.6368,88.56
9.7008,78.61
9.2041,80.40
8.5589,74.27
7.5820,87.51
9.3999,78.14
9.0644,77.54
9.5869,91.29
10.2716,76.28
8.4328,84.06
9.0868,79.15
8.6597,83.69
8.9774,79.65
9.4584,74.76
8.1400,83.97
10.4227,79.85
9.6384,87.20
8.6456,86.19
10.1203,83.75
9.0149,80.11
10.5589,85.57
8.3697,77.68
9.6559,82.07
8.6416,81.84
7.6896,84.46
11.4906,69.69
9.2808,85.55
9.1761,90.94
7.4648,94.09
9.1746,77.91
10.3927,80.28
8.4423,77.52
9.5807,89.78
10.8269,91.91
10.0215,75.40
10.2344,75.04
11.1224,83.62
9.1288,82.81
7.7793,87.50
12.7976,76.93
9.9207,75.35
12.1749,76.02
9.5834,82.63
9.0368,80.59
9.5985,81.63
11.9591,62.11
10.1232,84.89
10.3714,86.55
9.7475,79.79
7.9843,81.09
7.9295,90.77
8.3649,80.71
8.9399,76.08
8.8335,89.28
9.0539,82.47
8.1503,79.36
7.7198,79.49
10.0808,75.80
8.7842,78.10
9.1214,87.07
9.5958,83.04
8.0393,76.71
9.1429,73.81
9.9077,83.03
8.8162,80.32
9.0265,78.17
8.9888,76.80
9.3932,73.38
11.0175,65.48
9.3166,78.06
9.3264,82.03
8.7275,72.22
7.7104,80.65
9.0438,72.45
7.4155,80.37
10.5920,73.13
8.1695,81.07
9.2902,83.05
8.0434,91.28
9.2955,78.36
9.0206,84.91
9.3187,85.29
8.5339,79.79
8.6980,75.03
8.7141,76.95
9.9015,84.85
10.0809,80.59
9.6334,82.37
10.8161,74.43
8.2147,83.58
9.4352,81.16
8.6294,88.36
10.5291,84.94
8.6967,80.42
9.6911,65.66
8.6212,77.63
10.6111,76.05
10.5790,71.61
10.2552,80.59
9.0441,80.40
9.5430,80.76
12.1073,86.58
11.4322,83.18
11.1279,87.91
9.3059,68.84
11.0963,77.97
9.1639,89.77
8.4996,85.12
12.0026,84.97
10.9501,88.39
8.8261,79.17
10.1381,84.86
9.4934,87.51
9.1733,89.85
9.3096,78.23
9.0043,85.68
10.6237,81.90
8.0963,97.87
10.1843,79.17
9.5314,81.85
9.0242,83.93
10.3354,86.27
9.4396,77.47
10.1131,70.02
11.4524,64.97
10.3782,84.35
12.0420,72.25
9.6289,77.44
10.8859,72.51
10.7288,71.86
9.4423,77.37
10.8844,71.27
11.2243,69.34
9.7028,83.37
11.5179,82.72
8.4703,65.31
10.6989,77.37
8.8314,76.95
8.9140,80.90
11.5190,73.63
7.8740,74.79
9.5209,76.40
7.7646,85.39
10.3750,86.57
8.8483,88.16
8.6430,85.81
9.6501,79.09
8.8571,83.46
8.7340,79.30
9.1026,94.53
7.9426,77.34
7.7469,83.95
9.8449,87.76
9.9416,93.39
9.3080,76.67
9.2365,88.18
8.6066,94.21
9.7134,70.16
8.2498,89.38
10.4125,75.91
8.1755,83.47
7.7066,87.59
9.1632,98.87
9.0884,74.81
14.6080,75.03
9.9483,83.53
7.6557,71.97
10.9045,94.20
10.2799,71.78
9.6141,74.15
10.4098,80.83
8.8618,89.43
11.0477,82.35
10.6985,72.58
10.1339,80.69
11.7199,80.27
11.2991,70.18
11.0447,82.92
12.7440,76.48
11.1739,92.55
9.7271,80.62
9.5570,93.05
10.8564,76.56
9.0045,87.17
9.2758,89.60
10.7194,95.95
9.4865,86.13
9.7832,100.59
8.4935,79.63
9.0774,83.93
10.4637,76.27
9.4642,80.56
10.4851,75.37
9.3889,77.46
9.5583,81.42
11.0945,89.92
8.4663,75.55
7.8235,84.62
10.0676,81.18
9.1470,77.45
9.8902,89.06
10.5644,71.93
9.2482,80.79
9.5799,82.67
10.2029,75.86
10.9279,88.01
9.2925,81.83
9.7281,88.74
8.6107,84.48
9.9481,77.35
11.0125,91.00
11.4622,70.63
10.3301,83.91
9.2441,84.57
9.6856,78.73
10.5134,80.47
9.9379,75.12
8.4770,72.34
10.1616,78.77
7.8882,93.86
10.1202,80.16
8.8518,78.89
9.9566,87.57
10.3324,86.86
8.0146,86.34
9.6506,82.12
10.2259,88.91
9.5086,83.73
8.7818,76.44
10.0693,71.28
9.1929,77.19
9.8627,86.26
8.9724,89.15
8.8628,75.33
8.5436,74.10
9.4433,77.44
11.2671,75.89
8.6009,88.44
10.0925,87.54
11.4671,93.13
10.0569,77.93
11.4660,91.39
9.4398,82.11
8.4695,89.47
10.0947,76.25
10.0365,83.09
9.2771,86.33
10.0976,83.47
10.1913,69.22
11.4142,74.01
10.0429,80.42
11.0742,80.26
9.4124,86.20
12.0357,68.00
10.0935,75.62
10.0411,77.09
10.5089,87.35
10.3521,75.24
9.1506,89.00
9.6542,79.55
9.8668,81.78
8.2796,83.80
9.0787,80.05
9.0952,89.58
8.9818,84.95
9.4165,74.80
9.6693,89.94
7.9613,77.35
8.5436,78.43
7.9014,73.26
9.6922,73.14
8.8974,84.94
9.2047,85.03
9.0896,91.51
7.4891,87.69
8.6284,77.77
8.3575,87.40
8.7209,76.15
7.8595,90.42
7.4632,86.16
10.8459,89.03
11.1480,81.45
8.1190,87.96
7.6578,80.44
7.2805,87.64
10.6904,86.56
10.9783,80.01
10.4605,81.98
8.8500,84.89
9.6323,90.17
9.9855,82.49
10.5957,77.19
9.9102,89.10
9.1782,88.27
10.6384,87.27
10.9859,82.75
10.2665,79.17
12.7695,81.51
10.4104,97.67
10.6589,83.94
12.3987,83.10
12.5541,67.49
12.9821,77.03
12.2481,79.14
11.6687,78.93
9.8787,87.79
13.3454,83.56
10.0622,89.52
10.2317,79.36
11.1011,95.62
12.8438,71.76
11.8881,70.42
9.2805,90.46
9.0993,81.43
9.9067,86.91
10.0322,77.18
10.0610,74.26
9.9537,77.51
10.2889,79.01
11.2267,86.44
8.9772,96.00
10.2633,73.09
8.3379,84.38
10.3126,72.99
9.4501,87.77
8.5112,86.05
9.5295,74.32
9.9749,89.31
9.8325,62.38
7.7304,72.16
9.1138,75.92
9.0773,71.54
8.1449,78.33
10.1500,79.77
8.5564,76.69
8.1438,93.11
9.8876,88.83
9.2796,77.83
8.2729,79.77
8.1431,85.66
8.6661,83.26
9.2556,92.28
9.7099,95.29
10.8307,88.36
8.1870,83.57
8.2616,81.56
10.3893,86.90
9.1989,83.94
11.4473,91.94
11.3321,82.48
8.0210,82.96
13.3261,83.01
10.1713,86.14
10.5577,93.12
9.2117,90.29
9.7856,81.04
10.4534,89.14
11.8107,79.81
11.1719,81.29
10.5877,85.94
9.0476,84.13
9.8757,83.15
10.8263,93.82
10.3030,80.59
10.5720,85.34
9.4916,81.47
10.0550,97.22
8.8523,93.47
9.6431,83.35
10.0356,84.59
10.1012,80.90
10.3755,79.85
9.1351,84.58
10.4146,78.07
9.2836,78.52
7.2395,89.41
10.7525,80.89
9.2441,77.87
8.4879,85.61
8.6019,82.91
8.3115,84.97
8.3380,84.34
9.0039,78.02
9.1329,81.40
9.0121,81.56
8.1904,79.86
9.6235,79.93
8.6851,81.60
9.3389,75.18
9.6299,80.52
9.2399,76.48
10.7497,80.99
9.0927,76.39
9.5541,86.55
9.2421,72.16
8.7966,81.15
10.4334,86.49
9.6226,81.91
9.7266,73.17
7.3185,83.16
9.3513,73.85
9.9899,76.15
9.2264,70.80
9.9349,81.97
7.9934,80.63
8.5635,83.37
10.5625,81.88
7.7130,80.12
10.8991,80.58
8.2893,84.42
8.8844,83.32
8.0157,90.73
8.9170,75.75
8.3920,82.11
7.2996,77.54
8.2595,92.11
9.5563,85.39
6.7119,83.14
9.2146,93.15
8.2059,95.35
10.7257,74.71
9.0196,84.56
8.8969,77.56
10.6450,74.40
7.4193,97.00
7.5787,84.43
8.9130,79.48
9.9038,89.54
8.5938,86.92
8.7267,90.24
8.9835,85.53
9.4114,86.55
7.4156,85.80
9.7280,90.13
9.2386,83.01
9.3183,87.80
10.5542,83.73
10.3765,85.12
10.1836,86.53
10.3345,81.62
12.4873,84.33
10.1498,80.59
9.5196,95.57
8.8617,91.74
10.4871,84.07
10.4476,83.32
8.6187,84.02
8.5254,87.99
10.7137,79.57
8.4820,87.64
10.1740,72.35
10.1843,78.00
8.9402,77.05
8.1373,77.64
9.6344,91.39
9.4110,84.60
9.3451,79.01
8.4932,73.53
7.5268,82.94
8.1131,88.24
8.1183,84.40
9.0061,81.36
8.5445,77.90
6.1800,88.22
7.8072,88.80
9.6483,90.83
6.5440,83.08
9.7493,76.73
8.6056,85.84
8.2844,80.58
8.2807,87.79
7.5518,78.16
9.2710,81.07
8.9482,85.67
7.8871,81.81
9.3759,82.10
7.2399,80.15
9.6344,74.97
8.6530,83.96
8.7037,81.84
9.9606,90.38
9.3216,68.66
10.7490,86.48
10.7032,80.09
8.0175,86.84
10.4903,85.62
9.4041,75.39
8.9830,79.80
9.5947,85.57
8.9529,74.04
8.7550,79.55
8.0962,79.40
8.7031,93.63
8.2383,92.23
9.8286,77.09
7.9002,84.85
7.9266,87.94
9.3111,77.69
8.0892,92.09
8.3623,72.49
8.7572,86.34
9.6531,81.09
8.0002,88.43
8.4938,80.16
9.7188,70.79
9.0191,90.02
8.2641,80.72
8.8264,88.78
7.8517,75.29
9.4275,94.89
8.6904,78.43
9.6506,84.21
8.2041,85.54
9.2981,74.01
8.5055,98.69
8.3366,72.52
10.5185,79.16
9.6585,88.14
9.0463,83.18
8.1606,80.84
10.9318,65.01
12.2284,80.51
10.7810,82.41
8.7988,83.22
10.9689,87.44
8.9954,76.13
8.0303,86.82
9.3949,84.88
9.5810,84.41
10.7339,79.35
9.7613,72.98
11.2947,79.56
9.2900,85.56
10.4397,77.42
8.4495,85.24
8.0894,81.39
7.7880,85.62
7.8742,82.57
9.7362,93.30
8.0425,78.78
8.4988,85.61
7.9293,80.04
7.6328,82.37
8.5496,76.53
9.1403,75.31
7.4477,81.73
8.5999,96.79
9.2128,83.50
8.5150,82.93
8.2212,87.86
7.4392,97.45
8.6686,86.81
7.8714,76.72
8.6889,77.46
9.0847,83.41
9.2270,87.71
9.1848,85.90
9.2800,68.96
10.8601,80.74
9.3319,82.75
10.8887,71.17
7.6265,89.99
10.8936,74.38
10.3281,79.20
10.1460,86.05
8.9113,78.35
9.5818,95.08
10.6543,70.86
11.0121,86.78
11.1731,78.67
10.3161,87.39
11.0900,71.73
11.4966,81.95
8.5420,87.09
6.6371,90.39
9.4119,87.56
9.8868,92.59
9.0776,85.20
9.9662,92.26
9.4834,98.88
9.4031,85.20
9.5311,86.38
8.7868,72.11
9.1949,90.40
7.8610,93.06
9.2018,80.64
8.8321,87.98
9.9438,73.08
9.8836,79.39
7.8219,96.70
8.4954,83.80
9.5677,78.37
10.6132,70.21
10.1956,80.23
10.2833,88.84
8.3064,75.59
10.8854,71.56
9.0639,89.69
12.2080,74.87
8.7650,84.31
9.3297,79.47
9.6950,73.52
8.6923,86.17
10.6599,78.69
9.9971,79.49
8.6811,74.55
9.1966,71.16
7.8750,85.76
8.8672,91.11
9.3034,91.41
8.9390,83.95
8.2044,91.22
9.3063,84.19
7.6169,85.64
9.7307,83.60
9.6408,79.69
8.1369,84.66
9.2928,80.08
7.2316,88.59
9.4243,89.56
10.6310,87.20
8.9704,73.51
9.6053,72.91
9.5381,85.00
8.5902,90.07
8.3492,89.09
9.1612,72.86
8.5386,77.49
8.6981,82.59
10.1614,85.95
10.2512,88.74
8.9761,92.63
10.5850,78.03
10.1481,84.67
10.8260,86.93
9.5367,95.27
9.9839,79.16
9.7772,73.98
12.7941,78.95
10.5939,80.95
10.2543,87.98
8.5234,84.72
8.2716,86.13
9.8254,83.13
10.8815,97.23
9.8245,92.35
8.2922,90.20
7.9641,92.98
9.6128,85.40
8.6526,87.51
8.8652,72.15
8.4249,83.57
9.0796,86.39
10.4059,83.24
9.5041,83.01
7.4809,82.50
8.6176,85.13
9.7308,82.42
11.0826,75.37
7.9669,82.61
11.5453,89.09
8.3930,88.21
8.1519,96.49
8.1427,79.61
11.0857,83.92
10.3996,79.53
8.3447,81.93
9.5858,78.70
9.4150,79.55
11.0305,73.92
10.1347,85.67
12.3335,84.53
10.3002,81.70
8.8855,82.17
8.9884,80.86
9.6565,94.74
9.2110,77.96
9.4445,91.89
7.6722,79.14
10.6812,73.41
8.6667,86.95
9.5298,84.11
10.3204,80.70
8.1576,88.80
10.1344,84.24
8.0582,81.36
10.7296,74.99
9.7266,78.18
9.5820,96.89
8.7225,79.27
7.2000,78.23
9.5480,91.68
10.3350,90.69
8.2863,77.21
7.7063,85.25
10.6764,87.36
9.5193,89.82
10.3764,81.73
9.3207,77.09
7.9762,90.75
9.4373,78.13
11.0056,86.00
10.3214,76.63
10.8753,81.63
9.8468,86.26
12.2929,73.38
10.6287,76.64
9.9790,82.83
11.8097,68.93
12.6670,80.19
10.1659,88.32
11.6344,76.71
11.7115,85.17
10.1823,74.16
10.6527,79.84
11.1666,82.87
11.2680,85.94
8.9788,73.99
10.6155,79.71
10.2029,77.88
9.5764,76.72
8.9479,92.52
10.3297,75.67
8.8571,81.86
9.2993,79.45
8.6090,82.20
10.8030,92.76
8.0796,82.66
8.6349,82.07
7.4381,86.50
8.2927,75.79
9.1789,86.99
7.8450,85.12
8.5613,78.91
9.3353,92.23
7.7642,78.04
8.2914,75.39
9.3538,82.22
9.4014,78.97
8.1270,85.09
9.0321,84.59
8.8908,77.35
9.9358,85.82
10.1891,83.58
8.6445,70.91
8.0222,79.57
9.5820,86.32
10.9177,80.69
10.4934,77.71
9.4385,85.84
9.4412,78.03
12.4449,75.71
10.9815,78.46
10.7425,76.48
10.7040,75.03
8.9649,84.11
10.4587,89.28
10.0483,87.23
10.6707,78.11
9.9919,80.57
7.5378,82.22
10.3783,87.59
9.6880,89.20
9.8493,83.95
9.7183,79.39
8.8782,77.13
8.8413,81.39
9.8980,86.39
9.2035,97.81
9.3618,85.20
8.4486,90.02
9.0010,84.27
8.5787,94.44
9.6423,81.62
9.0689,90.59
9.1419,81.28
7.7493,87.49
8.2411,91.55
9.3884,82.57
8.5907,85.94
8.9198,74.43
9.1654,90.29
9.7012,86.75
7.9273,76.32
10.0184,86.93
10.2769,82.34
9.6485,86.33
9.2934,73.55
8.5256,83.25
11.0930,86.11
9.2792,82.45
9.6695,76.64
9.5751,83.22
9.1557,78.25
11.5140,90.24
10.2399,75.81
10.3810,79.69
9.5986,77.01
10.4239,69.50
9.5808,84.38
10.5907,77.99
9.5464,96.56
9.9795,83.72
9.1579,82.66
10.0189,77.44
9.9197,88.08
8.9491,76.85
6.8677,78.19
10.3089,86.82
10.7483,88.07
9.9876,81.58
6.8921,81.94
8.6941,80.65
7.8264,76.32
8.9968,77.47
9.3362,86.09
8.3245,75.04
8.2807,74.52
7.4225,83.57
9.5957,78.63
9.9727,86.74
9.6666,71.11
10.1079,87.77
7.7818,74.28
8.4774,81.71
12.4423,89.09
8.4043,78.93
9.0525,80.40
10.3958,78.16
9.4333,87.66
9.7267,77.78
10.5594,79.24
10.0427,78.42
10.0758,83.42
9.5007,84.30
8.6691,81.07
8.5304,88.00
11.3956,79.64
8.1890,85.59
10.6762,79.65
8.7659,85.81
9.5773,94.36
10.0850,83.15
9.9328,86.24
10.0696,72.47
7.7757,86.13
8.6383,82.14
9.1843,84.27
8.8370,92.14
7.8755,89.25
9.7334,83.61
10.2690,79.39
8.8928,76.07
9.1787,76.41
9.7976,79.92
9.4368,73.45
10.4442,70.92
9.1223,68.55
10.8098,75.54
8.6751,78.91
8.7301,82.43
10.2375,68.36
8.5713,78.78
10.6203,80.22
9.7796,71.64
8.8848,86.74
9.4119,79.25
9.6170,80.54
9.2854,78.53
8.8911,83.75
8.9172,88.98
9.0994,85.62
7.8646,77.73
9.2002,84.62
9.1022,84.35
9.2916,75.38
8.8692,84.48
8.0331,88.94
10.0053,89.63
9.8899,87.33
8.4563,77.91
8.7014,89.40
7.9432,81.52
8.7839,83.90
8.7399,88.80
8.0820,81.62
10.3585,83.43
9.0390,83.99
9.0414,78.78
10.3819,86.05
9.0830,85.77
11.1656,81.53
9.7337,93.28
9.5786,83.78
9.8372,80.54
9.6085,85.31
12.1947,74.47
11.9760,73.81
9.7648,84.60
9.3673,77.08
10.0228,75.01
12.5204,76.60