84.5206,49.17
124.8470,51.88
80.6528,39.24
106.0220,50.42
135.3440,58.80
128.8619,57.52
172.6090,69.07
91.7249,50.43
77.4668,46.01
118.6061,62.36
118.3912,57.36
155.5096,62.57
137.5579,58.00
104.6912,53.85
158.3359,65.97
155.2870,67.18
136.1144,61.11
182.4703,67.37
130.7884,63.23
85.4571,46.85
179.5441,71.39
123.9967,58.16
147.1586,65.97
64.6278,45.38
135.1255,60.60
139.7963,64.10
153.8761,61.62
140.7295,60.16
111.5452,57.43
181.4446,71.22
134.5125,59.32
165.7113,69.57
103.5690,50.37
109.5423,56.16
162.1500,69.30
96.4105,56.12
181.5194,73.17
134.7478,62.84
151.5691,67.23
85.2513,56.28
164.8297,70.28
122.8832,63.39
143.0156,71.27
148.6662,66.03
163.5628,72.51
137.3936,69.31
145.3125,70.91
114.7956,57.29
130.7380,65.80
96.4753,53.10
136.9055,65.40
127.4380,66.08
108.0607,60.55
106.9389,61.36
95.2813,59.19
133.6766,69.15
117.3703,66.51
121.5412,70.62
104.8620,64.67
100.3421,60.33
85.7992,55.31
99.9869,61.60
75.0769,53.39
70.6511,51.78
76.1140,55.55
66.6904,50.58
78.4399,60.55
77.7797,57.65
61.0350,52.44
47.7987,43.00
68.7837,58.87
69.8963,59.12
54.3306,54.06
59.7562,57.06
54.8278,50.46
68.4161,63.18
42.0074,41.88
54.5984,57.19
52.0132,56.34
52.7924,56.24
49.1907,54.09
45.0732,44.13
42.9314,50.78
52.3680,60.21
44.2632,50.79
40.5974,44.14
42.2877,48.89
41.0291,48.45
48.8925,49.86
44.6400,51.22
45.2528,54.84
43.8289,51.02
44.6666,52.13
46.7119,50.38
45.9571,60.11
43.1085,56.86
45.4131,51.91
44.9972,57.08
43.2359,49.35
47.0541,49.05
42.2080,51.76
41.6619,50.67
44.0202,53.69
46.6973,50.13
44.0008,50.31
42.7170,51.76
47.5228,60.45
42.4802,52.91
42.3107,53.24
44.6235,45.55
39.8843,43.36
40.4046,48.56
42.9474,53.84
42.3126,51.65
41.0575,53.51
42.3432,47.90
39.4944,54.94
45.2509,53.06
43.5279,52.06
40.3519,44.86
39.9199,53.31
42.9074,53.57
46.4870,59.69
41.7570,52.55
50.3785,63.22
45.6312,57.63
42.1604,49.11
38.3190,49.18
40.0670,52.89
42.7289,51.33
41.6072,52.64
43.9807,52.03
43.3313,50.23
43.3988,56.52
37.8019,54.31
40.1218,51.72
40.4777,45.94
42.8712,59.47
40.6685,54.67
40.9390,55.73
40.8385,55.38
39.2730,53.99
38.7288,50.76
41.3180,51.71
41.6031,56.90
41.2499,58.78
38.9057,51.75
42.5067,60.48
36.4485,53.69
37.5584,50.99
40.3719,53.93
40.4073,51.09
41.9561,55.64
38.7534,57.22
40.7034,54.71
37.8296,52.86
41.8420,56.51
37.2706,57.94
42.3218,52.99
38.3449,55.60
40.9704,59.90
39.2456,55.39
38.9145,50.22
37.5969,50.33
37.7902,50.57
43.9477,45.72
38.2421,55.58
39.0846,52.79
38.4800,53.81
39.7248,53.78
38.0121,53.31
40.8066,57.85
36.1113,56.34
39.9959,50.12
44.0223,61.96
36.2921,52.96
41.9109,56.55
38.6167,54.35
39.0840,53.81
39.4237,52.80
40.8621,56.16
35.8481,51.49
40.4817,51.27
38.8945,56.63
43.7575,50.30
40.3738,58.96
41.0997,58.78
39.4055,56.61
35.2781,47.95
38.6889,53.64
39.2270,44.68
37.8274,52.12
37.5098,51.47
39.3309,51.41
39.0146,54.01
40.0264,57.75
34.7896,50.78
40.3864,43.80
35.7345,52.84
38.4239,38.41
39.8076,54.66
38.9316,54.20
37.0958,49.01
35.0429,47.29
38.0862,56.23
44.6030,58.41
35.8864,51.52
39.1025,50.05
40.4172,56.99
41.2507,50.60
39.3547,56.63
38.7017,55.07
35.0986,55.64
37.3901,54.45
36.7596,52.16
37.4819,55.03
39.0016,60.96
40.6586,51.60
36.7875,51.01
36.1905,51.06
42.0534,50.62
37.9304,53.67
37.0043,54.39
38.0453,49.31
37.8661,55.59
37.7463,54.03
39.5280,47.18
40.7018,53.11
38.1585,59.20
39.1248,53.62
37.7722,55.32
40.2973,56.43
37.8946,53.55
37.9189,51.12
38.6834,59.17
38.5753,57.73
37.9137,51.72
38.4151,58.79
33.9181,52.94
32.8966,50.50
35.0323,51.74
39.9090,57.11
38.1537,49.16
36.2752,50.31
39.6235,48.44
38.0858,52.05
38.2125,55.70
35.8829,47.26
35.2241,46.76
36.0842,44.86
36.7189,54.46
39.2650,52.60
41.6704,55.43
39.7747,59.93
37.5796,51.88
36.6971,54.01
36.3264,53.12
37.0092,48.52
43.7862,55.01
38.2446,54.98
36.6953,51.65
38.4589,60.36
39.0101,58.53
37.3203,55.85
39.7015,57.56
36.0444,55.73
34.7370,52.47
40.0107,50.13
35.6398,54.59
36.6194,57.41
36.7940,52.06
36.3031,58.00
34.9280,54.07
36.5017,62.01
37.6258,57.80
39.1569,56.59
37.0867,52.44
34.6889,58.67
36.4148,51.85
35.9945,48.12
38.1953,56.14
36.5583,52.52
36.2451,51.94
36.9805,53.15
38.1958,56.79
37.0229,49.45
36.1855,60.76
34.5743,53.45
34.4042,55.24
37.7485,50.99
35.9573,54.11
36.3200,53.11
37.2912,53.27
39.4525,57.93
33.2826,50.34
35.9796,61.13
30.4817,48.91
32.7334,55.22
31.4084,51.04
35.8255,54.37
36.3586,47.65
36.1646,51.89
41.8419,56.36
42.5193,62.19
37.1821,54.38
32.7139,53.91
36.5174,57.87
37.7365,54.68
38.1344,59.92
34.6844,58.17
36.2841,58.13
36.9857,59.36
39.4563,56.90
36.6891,54.73
36.2680,52.22
40.8698,52.66
41.0126,52.97
39.6733,52.16
37.9194,59.32
36.2380,56.30
38.3251,56.37
37.5816,52.01
37.4319,53.76
35.1442,58.63
37.0351,65.21
38.4426,52.02
33.8522,50.80
37.2927,51.52
36.8796,52.45
38.9626,55.30
38.9499,63.62
36.6005,57.00
34.6973,56.58
33.1011,47.53
37.7223,54.64
33.6442,52.15
34.9207,48.22
35.4507,55.44
34.8821,56.41
32.9315,52.07
32.5757,56.60
35.0216,58.71
36.1719,55.68
38.6711,55.80
38.0351,54.24
37.3839,54.18
37.7961,50.47
36.7046,51.27
45.6161,41.91
44.1226,55.82
38.7524,51.70
35.5903,56.03
34.8183,51.89
34.4977,56.17
38.1006,50.35
32.5933,49.80
35.4679,53.65
37.6899,53.10
34.8053,47.88
35.6085,57.41
37.0998,54.44
37.5041,55.36
36.9489,54.14
35.6924,53.28
36.3641,55.71
39.7164,61.20
33.3071,52.45
36.2746,53.24
37.4354,53.84
36.3091,59.01
35.7663,57.41
37.0695,56.73
36.0887,58.23
38.3625,50.06
36.6406,51.84
37.6297,50.14
41.0005,42.83
33.5048,51.21
34.5239,55.83
34.8884,48.22
39.5753,50.35
33.6165,52.38
39.2960,43.26
36.0394,51.34
35.2424,48.30
33.4976,54.38
37.0880,55.62
35.1947,54.24
35.8657,51.73
36.0627,60.55
34.9487,48.78
31.2864,49.04
41.0584,58.65
32.4512,53.13
39.8366,61.62
36.7350,57.61
37.4797,54.85
34.1676,56.24
36.4738,46.62
34.4782,51.19
36.2207,54.94
36.1300,57.94
35.4461,61.49
36.6750,57.03
39.4937,60.53
37.5668,53.43
37.6081,58.29
37.0528,54.73
37.5359,58.86
40.7382,51.74
39.8725,50.01
40.6905,47.33
39.4154,56.17
35.0028,48.71
40.1622,54.84
35.5265,53.30
38.0344,46.39
38.7411,49.80
39.1318,37.28
36.1697,52.99
36.6887,53.07
37.3189,56.96
38.3692,55.51
42.1303,56.45
42.5081,56.08
38.3322,51.00
36.4346,47.78
41.0249,58.47
41.6466,55.68
41.1466,60.20
33.8991,53.26
38.3206,53.42
38.4789,51.40
39.3005,60.56
38.1639,50.47
35.3026,46.38
33.9507,55.19
35.3680,52.02
38.2206,56.71
35.0841,57.69
31.3293,50.77
33.7314,53.93
40.1591,55.56
35.7666,55.63
36.6673,51.31
36.4911,57.51
34.7183,54.03
35.2623,59.52
36.1712,48.69
36.1213,48.05
35.3674,49.08
36.3365,53.21
34.0359,53.18
35.0060,56.11
38.7468,58.30
37.7038,57.00
35.5049,55.76
36.1657,55.62
37.1555,54.94
38.6255,53.82
38.7410,48.05
40.1939,57.17
34.1525,55.14
36.1660,54.18
34.9047,50.79
35.4582,50.31
34.2884,56.35
35.4482,51.65
38.0603,60.72
35.5270,56.94
37.1549,54.96
36.6278,51.56
35.9606,51.97
37.8116,45.55
39.1365,59.29
34.7292,51.11
37.6399,51.29
40.6285,57.78
42.2841,55.50
41.6304,56.26
34.4890,47.95
36.9119,55.56
34.7309,51.76
37.4423,59.30
35.1879,56.13
36.8062,49.30
34.7084,51.15
36.5077,50.70
39.0742,52.67
34.2602,51.18
35.6965,56.16
33.6269,49.66
32.8793,52.35
38.3241,52.74
34.8173,52.14
34.0259,54.75
36.8991,54.53
32.9695,51.44
36.5590,55.94
38.3935,58.63
36.6051,56.06
35.9712,55.15
35.3647,57.17
36.6957,53.62
37.6674,56.40
37.1351,58.24
37.4510,60.89
39.1768,54.47
36.0366,60.75
36.3883,53.37
40.5372,50.74
34.0467,56.34
34.4042,51.43
34.6594,48.51
35.6784,59.13
37.8537,52.13
36.7732,48.91
37.0390,56.84
38.4522,43.95
35.7431,52.49
37.2894,49.69
36.4162,55.33
40.0556,61.31
37.8849,57.33
46.0032,63.40
35.4254,49.73
43.9155,62.43
37.7325,42.21
37.8876,58.15
35.4575,52.05
37.8841,54.05
38.4782,59.57
33.7876,53.25
34.5646,56.96
36.6742,49.85
35.9440,49.43
36.7998,52.75
35.3396,52.08
37.3314,53.43
36.9409,53.92
35.9863,55.81
34.8657,55.81
35.0427,45.50
36.5580,51.66
37.1591,54.16
41.2099,59.79
39.2745,58.01
37.1807,52.56
35.4754,57.06
34.0567,50.45
36.7053,50.15
37.9180,58.50
35.0553,54.71
34.2035,53.87
33.8182,48.81
35.1779,56.87
37.4977,55.60
36.7589,56.95
34.3695,53.22
35.1649,57.32
36.2600,58.45
34.6175,54.46
33.9289,57.76
37.1413,58.58
33.3380,53.38
34.1099,50.40
37.5859,45.37
38.2170,45.88
33.7175,53.68
32.4472,50.88
40.9485,54.17
35.4136,53.67
35.8777,52.67
36.1826,55.86
33.2152,52.72
35.5193,53.48
37.1094,56.36
36.7714,56.58
36.4602,51.27
38.1813,55.14
35.1763,54.60
37.7624,49.82
38.3830,55.29
37.4317,59.71
36.5982,57.04
33.9859,56.08
37.4820,52.04
34.0109,55.07
34.8299,52.98
38.9598,53.10
39.5365,51.48
37.3584,59.35
38.4552,48.29
39.6876,64.55
36.7514,55.43
37.4388,55.30
33.5539,50.69
38.4949,58.57
34.1762,53.86
35.8334,60.86
34.2906,52.60
34.6822,57.19
34.7090,55.34
36.4455,56.70
37.2367,56.05
37.8495,50.09
34.6067,49.51
35.1895,54.43
37.6382,53.03
37.1912,47.36
38.9160,54.80
35.6116,61.07
34.0884,57.51
33.9552,53.67
38.9223,50.78
35.8342,54.48
38.2155,46.71
34.7767,52.42
37.3796,58.81
36.9735,56.13
35.6175,48.11
38.2296,48.17
38.3849,50.20
37.0848,45.27
38.9678,52.82
35.0737,53.85
37.1500,59.80
31.3625,47.36
33.4725,47.43
34.1895,48.47
35.1815,46.69
38.3362,57.05
39.1642,59.11
38.4481,56.44
36.1437,53.71
33.4748,51.04
34.5819,57.59
37.5073,55.67
38.4112,62.08
35.6439,61.48
37.1779,55.49
38.2645,59.11
36.9131,57.81
34.5462,59.23
36.3832,55.50
35.6267,56.53
38.4510,58.74
35.2799,54.33
36.7890,53.71
40.5508,53.16
38.9851,50.21
42.0439,48.34
38.0100,53.18
36.9445,52.64
34.4223,54.20
34.2928,51.93
34.1581,56.84
33.5247,50.68
36.8184,55.17
38.5896,54.16
36.7837,52.24
36.9395,55.02
38.8119,58.02
36.4772,58.24
34.2189,54.27
34.6298,48.02
33.3607,49.82
37.5763,58.67
32.6104,50.32
36.4013,53.19
37.8095,54.38
40.6074,52.48
34.3699,53.04
33.3514,51.88
37.6199,59.17
40.6157,51.78
37.4062,50.41
36.3222,53.72
40.6379,54.62
36.4238,59.47
40.5831,52.70
35.4690,55.52
36.1978,53.22
36.1374,57.94
35.4336,53.54
35.8379,53.52
36.6473,46.26
39.5490,56.47
36.7758,57.26
37.4502,48.10
38.2969,55.39
36.2043,57.74
34.6267,51.97
35.0716,57.26
33.3410,52.87
33.9357,51.25
39.5951,54.90
39.3570,57.43
38.0312,56.62
34.1714,50.57
32.3128,49.31
35.0596,56.33
36.8046,51.95
38.2850,56.97
42.2374,61.45
36.3214,55.78
34.9960,58.62
36.8794,54.80
38.6799,52.62
36.2243,57.73
35.4252,53.49
36.8206,53.24
37.8948,65.14
32.2390,52.77
32.1408,49.21
37.8696,57.78
33.8207,51.07
33.6453,58.44
33.7936,55.53
38.0789,54.37
37.5577,55.48
34.7886,53.00
34.0448,58.82
36.4075,58.60
36.4193,49.74
37.9736,56.75
34.9963,55.65
34.9599,52.86
34.8076,58.84
34.8358,52.85
36.0325,53.75
34.2491,55.02
37.9147,52.22
37.9199,55.38
37.3871,60.30
34.4256,50.31
33.9019,50.96
33.6041,56.76
34.8457,53.19
34.2292,56.49
33.9481,53.11
34.2721,58.31
38.8777,51.70
36.8025,52.11
36.9785,51.74
37.4650,54.83
38.5783,53.07
35.5765,54.21
37.6423,50.95
36.2669,53.75
33.3939,51.50
35.9727,50.17
36.5317,54.93
38.1825,52.95
37.7134,62.06
34.9614,53.93
34.8874,55.93
37.6162,52.05
34.0363,50.84
35.2526,56.32
34.5652,53.47
35.4305,56.97
38.2312,54.90
36.1535,56.68
35.9294,57.50
38.9741,67.00
33.5222,45.75
36.9428,54.40
36.7286,58.51
34.4460,50.98
36.5520,57.13
36.7249,54.96
33.0968,53.58
33.5811,54.15
37.2050,58.92
36.4726,54.08
34.8576,52.24
37.1927,52.53
36.6121,59.31
38.7179,57.88
37.7918,55.40
34.3343,56.10
35.3690,51.53
35.1465,50.25
33.5840,48.51
30.7908,51.67
37.3837,57.92
33.5691,52.97
34.0572,51.28
36.1608,54.47
35.5454,55.30
32.8639,50.09
34.9672,60.45
31.4900,48.38
37.3428,57.10
33.0252,55.02
31.7031,53.06
32.1306,48.58
36.6365,56.60
39.3617,55.53
33.7129,54.21
38.4257,41.21
34.1766,54.07
37.5176,59.56
37.8169,49.46
33.7514,50.45
35.0515,50.76
34.0367,60.16
37.3969,54.23
34.0731,51.92
34.8818,53.35
34.4237,44.08
36.4843,49.10
36.4960,55.92
36.9284,53.74
37.8736,58.54
34.2848,54.59
34.2031,51.54
34.2645,52.68
34.4507,55.80
36.6672,57.78
37.2204,54.50
35.9406,58.38
35.6747,59.22
33.8046,57.25
35.8818,53.43
36.4300,40.77
40.0115,61.05
38.8257,54.93
35.3852,59.39
38.2149,49.25
36.7704,56.24
36.1354,52.29
36.2069,48.97
38.9992,53.19
34.0600,54.04
40.1110,59.06
38.3858,56.73
36.8890,54.88
37.2935,51.35
34.1167,54.93
35.6580,55.62
35.5147,57.20
34.0953,51.87
33.5035,54.52
34.4776,55.76
35.1821,52.65
37.3211,53.91
36.6477,55.54
35.9966,59.37
34.1439,49.78
34.0716,55.69
32.4315,56.55
34.4478,55.53
37.4679,61.36
35.7416,57.60
36.8773,54.80
35.5874,49.22
35.1816,59.47
33.9135,52.26
35.7887,53.60
37.0361,54.25
31.8368,59.42
34.1588,51.25
31.2399,56.71
37.0718,58.94
33.8170,60.30
35.6561,53.47
32.2352,51.74
38.9425,53.03
34.2012,53.63
32.7831,58.92
36.4868,52.59
36.7781,55.41
35.9650,60.07
38.6726,53.31
37.4794,52.73
40.6536,55.71
35.4046,57.99
35.1063,56.63
34.6671,57.62
34.8802,51.81
38.8116,62.49
34.8322,47.83
36.1804,53.72
36.3492,51.72
34.6932,53.31
36.8740,60.43
37.3667,47.98
33.9504,59.26
36.5775,58.38
36.0460,54.89
35.6067,54.54
36.5383,48.65
33.6050,47.83
36.0516,57.64
39.6508,57.32
36.7969,53.28
34.9295,48.86
34.1377,49.51
39.0751,61.81
34.1402,56.83
31.4143,51.27
33.7795,56.24
38.1286,60.85
34.2856,51.51
33.7227,50.82
34.7012,52.97
34.1295,57.29
34.4854,46.55
37.4641,48.33
35.4560,53.55
35.6338,44.42
32.2575,58.74
36.8178,48.65
37.7563,55.95
33.7203,58.12
38.0963,53.84
38.5507,52.92
35.4463,52.53
37.4507,50.45
36.6808,56.60
39.8563,53.85
36.2585,50.97
33.9747,57.29
35.1615,48.57
40.0941,61.92
37.8581,57.96
35.6835,55.06
35.4164,52.82
41.9284,59.57
36.5718,58.24
34.1561,56.59
38.7879,51.33
34.8595,60.50
35.6232,58.68
33.0414,61.20
38.1658,48.81
36.6003,50.23
36.5482,59.16
31.5235,53.04
35.0516,56.05
38.7156,47.94
40.5017,47.06
36.4873,59.42
32.5982,47.82
36.1060,46.62
33.5759,51.20
35.8063,49.35
35.6091,54.51
37.8084,56.12
36.2293,51.36
35.5456,56.31
36.0268,55.55
34.4765,53.05
41.8573,51.06
37.6403,58.77
39.2960,54.12
42.2679,58.09
36.8252,57.03
33.9855,57.38
36.6939,53.91
39.5460,51.78
36.2402,58.89
36.6045,52.87
38.2271,51.67
37.7712,52.56
41.5099,52.20
36.8913,51.30
36.2154,49.24
35.1371,47.73
42.6446,50.26
38.1957,59.44
39.2119,56.50
33.6708,48.37
38.0416,54.83
35.3572,50.89
37.3650,54.89
34.8457,57.42
36.2071,54.57
31.6247,53.22
34.9621,55.21
35.9172,53.46
34.1219,53.83
36.3035,56.09
35.8752,56.58
35.2266,56.89
34.4322,55.95
37.3604,52.68
35.3895,57.16
36.5282,57.18
33.3769,53.73
36.3372,53.87
37.8630,49.28
36.0014,59.00
37.4312,49.06
32.6058,54.95
36.4330,51.65
35.6738,53.70
35.3342,53.60
34.4237,56.62
35.5506,49.67
37.3140,41.11
35.5155,58.20
36.8602,54.74
33.9815,50.28
33.8419,47.56
37.3040,55.16
32.9366,53.92
35.0634,54.80
33.6611,44.68
36.9810,55.01
36.8668,57.55
37.0905,57.33
33.2448,52.09
33.6896,54.18
33.8014,54.23
35.9421,56.42
32.8964,50.82
34.3617,46.99
35.9103,49.71
36.8520,50.86
34.4544,56.65
36.6721,49.12
35.0497,51.66
37.0646,56.33
37.4546,62.37
33.2745,50.48
36.6762,48.64
31.9635,52.17
37.3341,61.70
36.8869,57.93
35.5531,54.38
34.5968,56.76
33.3663,47.36
34.7288,47.43
34.2615,52.95
32.4183,51.93
35.8943,53.42
30.2108,50.70
33.6988,49.88
34.6228,55.53
36.7047,54.78
37.9560,57.32
34.7451,57.88
33.9186,55.94
33.1280,53.51
35.6237,53.50
35.7299,58.15
35.7899,47.03
36.1813,51.21
35.8786,58.18
38.3102,49.11
34.4521,57.80
37.0828,49.78
39.5986,39.59
34.6303,56.72
36.3945,55.96
33.8337,50.67
31.6294,52.24
30.5174,52.74
34.9603,49.98
32.9877,57.24
34.8461,51.01
39.6906,50.03
34.4686,51.96
34.3233,40.69
34.4589,51.31
38.0358,57.64
37.0408,53.69
35.4058,52.18
31.3416,46.41
36.0373,55.07
35.6530,50.90
34.5518,51.19
34.5710,43.88
37.3253,57.37
37.7277,62.23
33.5831,46.46
43.1176,59.14
36.5051,58.46
35.9675,47.85
38.6856,62.68
33.0673,46.68
34.9625,45.11
33.1265,56.83
31.9705,54.58
34.7524,44.92
33.9589,50.04
33.6790,60.84
40.5993,63.85
34.1877,54.28
33.7478,52.90
33.6901,48.40
35.2491,58.04
35.6109,52.49
34.8966,58.17
36.1101,51.04
40.5417,60.06
36.1879,56.60
32.9753,44.24
36.7885,56.91
32.2918,47.01
30.4125,48.79
33.4605,55.66
34.6920,49.29
34.9628,49.69
34.7986,51.41
34.5436,54.84
35.6052,43.29
32.6809,50.83
33.2777,55.03
31.6995,46.75
34.2185,52.12
38.9642,56.71
34.2979,56.32
32.5242,47.96
33.7360,56.05
34.2795,61.06
34.6227,57.16
32.0572,52.65
34.9738,55.42
34.8409,57.50
35.4981,56.97
35.9692,46.44
33.2728,57.78
35.6225,55.15
34.4080,53.76
35.9900,54.94
36.9194,56.15
34.1020,56.13
35.8896,60.51
37.3769,46.66
39.3151,52.94
33.2960,57.91
38.6389,58.97
34.8688,51.95
35.0093,53.91
36.0377,59.92
34.1994,60.46
36.8359,50.54
34.0803,48.70
35.8792,47.78
35.9198,50.60
41.2854,48.72
34.5766,59.95
35.4370,57.32
38.0015,61.28
35.2679,52.96
31.4926,48.54
34.6678,52.95
35.6557,57.38
31.0866,52.68
32.8569,52.88
37.1808,58.80
30.3058,55.23
37.7986,51.75
37.0861,49.78
37.3514,52.58
34.1832,48.47
33.3623,49.88
33.7817,51.53
31.8546,53.84
35.7719,54.42
34.5598,54.50
35.5696,54.61
31.9710,57.23
37.1845,46.04
34.4132,55.29
33.8672,50.33
33.1111,59.51
36.4086,57.74
33.2444,56.04
34.4098,49.46
35.5047,52.06
36.0968,45.28
33.3014,55.60
35.8614,49.13
39.7138,60.18
36.9123,52.03
33.9747,49.93
38.8270,54.46
31.6542,49.93
32.9599,58.21
31.9120,51.23
33.6395,52.04
36.3333,59.51
34.5219,54.35
36.2208,55.07
40.7383,62.07
33.2061,51.88
32.0828,52.22
32.6186,51.32
33.3703,52.91
33.2818,55.66
41.3067,48.41
32.7174,57.13
33.3558,55.95
35.7127,56.76
34.7086,57.36
32.8780,53.09
33.5903,51.16
33.0298,51.89
32.6429,50.63
35.6375,51.15
35.7251,51.97
38.5655,47.46
36.6375,57.50
41.2827,60.46
34.3098,56.33
35.1391,48.99
36.6823,58.44
37.4293,59.18
37.8652,53.98
34.0137,59.35
33.5098,54.14
29.8122,53.97
36.7383,47.70
32.7591,51.34
35.1682,56.99
32.8076,54.25
35.9867,57.32
34.0045,56.19
32.9297,57.26
32.2073,55.17
32.2504,57.30
34.9467,47.33
33.8035,51.28
36.3146,54.98
36.7972,56.85
39.1305,49.35
40.7635,64.06
34.5464,58.56
39.6593,59.67
33.3840,55.04
37.5449,57.22
34.6018,50.97
34.7997,46.61
38.1270,59.54
40.2626,57.00
37.4665,59.60
38.6566,49.99
34.7299,50.10
34.1147,49.98
35.2415,47.73
36.2948,50.05
34.8080,54.54
36.4027,54.95
37.3323,47.84
33.7511,49.39
35.4004,60.31
36.2407,51.12
37.3313,58.80
33.3737,46.07
35.8321,57.30
35.6079,47.71
33.9106,52.99
38.2000,59.36
37.7721,55.55
37.0993,48.17
37.4877,56.63
36.5371,59.07
36.4970,61.07
30.4834,53.69
37.0316,43.78
34.7344,61.44
32.4798,54.26
35.1979,51.03
35.6653,59.99
32.2897,49.74
33.4368,50.92
33.5154,48.94
39.9497,48.07
35.6957,56.01
38.0827,49.74
37.5614,54.06
38.8948,44.39
34.5708,52.27
37.1201,54.48
36.4655,51.98
29.6481,53.72
35.3863,52.72
30.8811,51.25
32.2282,53.15
31.1970,47.04
33.5017,52.12
36.7368,58.91
35.7387,55.61
34.2114,59.03
37.9316,53.92
35.0867,46.37
36.7976,55.41
35.9145,48.26
37.5524,50.74
34.2515,52.97
39.1178,52.94
31.7936,50.93
35.3723,56.96
34.5262,59.10
35.9959,53.28
34.2426,60.33
33.8021,45.67
35.3635,52.42
32.4152,51.41
32.1152,57.07
34.5889,50.69
31.1069,58.95
34.6897,57.37
35.8107,48.59
33.3435,49.19
36.6775,47.99
32.8661,48.32
34.8887,55.51
32.2860,56.98
33.4731,58.75
38.1140,56.11
37.6326,43.38
38.4648,53.23
38.3831,54.80
36.9424,53.60
35.1591,52.78
35.0161,47.60
37.4922,57.97
35.7668,50.59
37.4890,53.43
34.8874,56.22
31.9599,55.37
36.6361,50.95
32.0806,55.12
32.9473,55.24
32.1319,51.00
35.3718,49.60
45.0084,71.16
35.2487,55.53
33.6864,52.73
35.1026,53.90
35.7441,59.49
33.7539,61.54
35.9360,55.85
34.4309,56.52
35.7892,54.04
33.4490,54.65
36.3107,54.44
34.9930,51.06
34.4070,58.95
35.4756,51.99
38.4196,52.81
33.8629,53.85
32.1526,48.77
32.7163,52.64
33.8542,54.37
36.1033,58.20
33.3041,53.11
34.0299,49.01
34.2643,53.43
35.3900,56.68
38.6845,55.39
35.3134,58.14
28.4936,46.81
35.1722,48.17
37.3522,55.31
37.4070,60.60
33.6067,56.73
31.5463,54.78
37.1113,54.96
34.3819,52.19
33.8843,51.78
35.0804,53.01
33.9235,54.79
33.9920,46.65
33.8270,60.05
31.8317,52.06
35.5584,55.18
46.6798,40.69
34.8327,50.69
32.6471,52.45
35.2167,51.53
35.1076,52.16
32.7340,50.39
34.5906,50.78
34.6637,52.06
35.7397,58.40
31.4003,50.98
35.3653,52.50
34.4134,53.61
37.3392,51.47
34.4629,52.43
41.8230,50.50
37.7044,58.51
33.2338,54.49
32.4607,53.33
33.2092,53.20
35.6465,55.74
34.8199,56.88
34.6309,55.79
32.3877,51.14
34.4693,55.44
30.9986,49.37
32.6137,48.73
34.5997,54.58
34.9873,56.88
32.8145,59.20
33.7689,56.17
31.9009,57.16
33.8028,55.37
34.1304,54.28
37.0635,43.39
36.4911,48.60
32.6734,53.67
36.2803,50.98
33.3740,48.41
37.0181,53.03
33.4974,47.48
39.2165,53.53
35.1996,46.65
35.6526,50.82
33.3893,44.38
39.4568,56.88
37.1624,53.01
32.4815,48.42
33.9994,55.40
33.2211,49.23
35.4649,47.77
34.5233,53.40
34.5593,55.71
34.7328,47.38
34.2466,44.66
34.6356,51.10
35.6285,55.76
39.3203,62.84
38.7390,54.40
39.7626,47.65
38.1654,60.02
30.9888,47.14
31.0414,55.46
35.0352,49.32
32.1988,55.03
34.8544,55.48
31.2172,53.57
30.8959,52.54
32.4056,50.81
34.0082,48.04
36.3206,56.58
33.8826,60.20
33.2154,55.70
33.3872,55.46
35.6521,54.98
33.9321,43.51
36.2609,49.88
34.0370,55.37
34.3629,54.62
32.8928,50.06
33.6464,48.03
33.7595,52.22
31.5789,52.27
34.7772,57.97
33.9773,50.57
34.8510,53.06
38.9457,64.56
31.1020,51.36
35.3147,53.63
35.9776,54.17
35.8379,55.75
36.8127,57.26
32.2438,52.69
37.4392,58.21
34.4695,56.81
36.9743,62.47
34.1895,57.80
34.5653,52.38
33.1386,51.01
37.4316,50.09
34.3819,61.15
34.8417,54.46
31.8314,54.10
35.8048,56.01
33.0584,54.80
34.4223,55.78
33.7642,53.27
35.0409,59.32
32.7102,54.11
36.2830,52.00
30.3444,48.74
32.8489,47.20
32.5134,50.22
32.4470,51.97
28.7659,45.43
38.2572,57.56
38.1279,59.52
32.1998,54.32
34.0556,45.39
32.3074,49.84
36.4286,53.51
32.1153,47.88
36.0711,55.15
32.9767,51.76
36.6699,59.57
31.7619,51.77
34.5601,59.73
31.6024,46.60
35.6050,55.23
34.3823,54.01
34.0906,42.84
33.1492,58.88
32.2951,51.67
32.0713,52.67
34.8196,60.84
31.2711,51.72
31.8191,58.03
33.6166,49.98
31.5854,53.72
31.2135,53.51
31.1454,54.18
39.4251,65.59
29.9962,50.83
36.8125,50.20
38.3486,56.38
34.6150,57.95
35.9318,52.60
33.7857,54.35
31.7407,53.67
35.5365,55.87
35.7487,59.66
33.5154,54.93
34.8767,48.72
34.5783,45.92
39.9533,56.54
34.1290,53.26
36.5810,55.70
37.4162,55.86
32.8241,52.76
33.2715,51.37
36.4454,58.27
34.4141,53.56
33.7499,58.02
34.5161,49.86
35.6714,49.59
36.1740,52.42
34.8852,57.20
34.1827,58.29
31.1415,52.57
32.7031,56.07
36.1104,53.84
32.2772,54.74
36.1280,53.69
36.3321,52.06
36.3479,52.67
35.6594,54.58
35.5425,53.23
34.1368,50.42
34.1813,47.26
34.4707,54.77
34.7102,50.05
30.8049,55.59
34.3714,58.46
34.8012,49.19
33.6946,56.73
34.9551,48.76
34.2734,54.80
33.4463,55.30
40.0971,61.61
38.6196,60.68
37.4701,54.20
35.1848,50.02
39.9450,41.16
35.2450,54.05
32.5015,53.17
34.2208,56.58
32.4555,52.47
32.9578,54.30
35.7359,53.98
35.7917,58.80
36.5038,57.07
38.3799,51.36
35.2392,58.61
34.7085,52.61
31.9034,51.56
35.9232,60.62
33.4232,53.26
35.3316,49.41
32.7870,48.53
31.5318,51.56
36.8424,46.04
34.2504,58.42
33.7817,57.27
34.9231,54.25
36.9395,59.24
38.9991,61.37
32.6967,54.96
30.1447,51.69
31.4853,47.45
36.8687,48.21
33.5764,50.88
36.2492,53.56
31.2610,52.33
36.8757,58.55
35.3700,58.55
31.0436,55.25
32.5465,53.97
32.3720,51.06
35.8139,46.07
34.5971,62.36
36.0120,58.94
35.1433,48.57
35.3705,54.08
33.8710,52.49
35.3696,57.35
33.5747,58.51
34.5698,59.22
34.0647,53.76
35.9485,50.43
36.9623,59.35
34.0801,52.47
31.8282,49.40
35.1472,58.57
34.8827,55.97
32.1175,44.80
33.6422,57.95
32.8602,52.65
34.3125,54.13
35.8128,56.29
34.7047,52.59
32.3952,51.92
36.5119,56.02
32.2655,48.00
34.0284,56.36
37.0887,49.64
31.3887,55.92
35.0345,60.02
35.6664,58.19
31.7499,42.77
34.6512,55.84
32.1453,54.68
30.5131,49.99
35.9752,60.54
34.6171,49.70
36.8608,56.87
35.7814,49.73
34.7155,54.94
36.9467,56.39
37.7742,58.63
33.4142,49.87
31.2662,52.30
33.6918,53.23
30.9338,55.18
32.2956,51.44
32.3999,49.74
33.1311,56.32
39.2845,56.86
31.8944,47.70
36.7464,58.17
35.3711,48.63
32.1564,55.77
28.4812,50.70
31.9360,52.25
35.6188,55.99
32.1147,55.73
33.7512,50.05
36.9523,46.36
34.0210,51.62
35.4693,55.86
35.8540,57.98
32.6562,47.62
34.4088,52.91
34.2351,50.95
31.5254,52.95
35.6502,54.24
34.0854,52.53
35.5956,49.63
33.7938,50.57
34.3089,52.79
35.5038,59.17
33.9707,47.50
33.6998,58.51
34.1466,49.08
36.6043,58.77
33.5801,52.89
32.9387,51.64
33.7763,56.43
33.1133,56.71
29.7900,52.50
35.0164,51.48
32.8026,55.30
34.9371,54.73
33.5336,56.65
34.2872,60.20
40.5536,40.87
30.9754,50.11
33.5836,53.79
30.0121,49.42
32.9194,54.11
32.4845,50.92
34.6741,55.84
34.7847,57.91
33.1457,54.44
32.9444,45.14
30.9978,49.94
36.4806,59.05
36.2809,63.65
30.9038,49.42
36.2678,51.18
33.5212,52.21
32.5799,53.61
34.3220,51.73
31.4119,56.76
33.2699,48.86
31.2130,53.80
32.5118,51.78
34.2446,50.87
33.4333,56.41
32.1357,58.09
31.4947,53.74
36.5852,60.77
34.2565,54.95
33.4699,49.56
36.8937,58.68
34.0945,49.99
36.9772,59.34
35.0029,44.21
36.9124,59.85
31.3659,55.00
35.0929,56.49
35.9840,49.23
36.8625,57.48
33.1003,60.47
31.5226,50.74
34.6929,60.17
36.4369,58.65
32.9159,54.24
37.3683,60.64
33.4538,51.63
33.9444,53.22
31.8909,57.78
29.2821,56.75
35.6156,59.14
33.5890,51.72
33.0342,50.29
34.7019,50.82
34.1284,59.90
35.5256,47.27
33.9972,54.14
36.6103,52.42
33.7528,56.50
35.0697,58.65
35.3158,58.60
30.3602,54.37
30.9131,46.25
30.6635,58.22
31.7254,55.12
30.0485,56.19
32.4087,49.14
33.3122,54.06
34.3338,52.50
35.4498,44.17
33.6050,52.52
31.4709,51.42
32.6529,52.12
36.1758,44.34
38.0972,59.36
34.5721,55.33
36.1350,54.15
36.7812,54.00
36.7461,61.76
33.1808,49.31
35.1831,50.61
36.9783,55.26
35.5919,58.25
35.9054,55.98
34.8090,52.41
33.8909,54.63
34.8113,55.41
30.8610,56.49
30.6639,51.36
36.3948,45.19
35.1632,57.11
36.8791,54.33
36.5012,56.18
39.0177,58.40
33.5582,51.18
35.8481,49.22
33.3789,55.45
37.3619,60.66
32.5350,53.42
35.8073,48.50
31.3200,50.15
32.1208,54.63
34.5559,50.33
33.7044,51.72
33.3319,54.35
33.5474,56.98
33.4571,50.99
33.4984,53.39
33.2057,53.82
26.7407,50.50
32.1700,50.22
34.4860,53.38
31.3154,54.33
35.5197,58.83
34.2776,61.24
33.2552,56.50
35.5213,61.19
37.2960,60.53
31.4210,55.23
40.0775,49.03
32.3789,52.01
34.9451,53.03
33.8877,61.08
35.4800,51.81
34.4360,59.41
32.8640,54.41
36.7724,61.00
36.5334,54.56
37.7527,46.49
35.4378,55.88
32.9927,51.33
36.5800,56.18
39.8662,58.43
34.1046,54.15
32.1621,55.67
34.0091,55.06
31.5910,49.24
33.1345,58.46
33.5864,53.13
35.0909,46.18
31.9807,48.49
35.9704,53.29
34.6527,55.14
34.6988,55.12
34.5636,50.89
36.1879,52.45
37.0202,56.83
33.7652,50.64
32.9280,52.08
38.3726,57.15
32.9627,56.41
33.0178,51.28
32.2048,59.63
36.1829,54.30
33.5289,54.36
33.5315,60.41
35.2055,51.19
35.3319,51.43
32.4225,53.95
32.7645,56.36
35.9473,49.49
34.5998,44.80
33.4166,49.57
33.4955,57.03
33.3442,53.75
37.2955,55.01
32.1803,54.03
35.2389,55.25
33.7222,51.67
35.6144,57.32
36.8863,53.94
32.1150,50.85
32.0701,48.94
37.4357,60.75
33.4120,47.06
35.4624,47.55
35.3514,46.83
34.3547,55.57
33.4792,54.99
33.4486,45.01
32.6467,52.92
34.3108,54.10
33.4893,53.37
37.4685,57.82
38.5793,59.79
35.9548,61.11
36.0088,59.81
33.9433,52.76
32.4561,58.89
32.9829,57.96
34.6570,51.66
35.8454,50.67
34.7901,51.88
38.8728,60.46
39.5467,55.69
36.1019,55.34
38.3860,57.00
31.9076,53.05
33.4977,44.45
34.4493,58.29
30.7443,50.97
31.8390,53.87
29.5076,57.96
30.7501,55.17
36.0467,62.45
31.1351,56.03
33.0602,53.13
30.0842,52.15
38.6729,48.25
34.1568,51.85
35.9531,58.95
33.1855,56.98
30.0744,59.17
35.0421,57.60
35.4372,49.26
33.6126,53.01
35.0966,51.09
34.7588,56.19
32.4074,47.57
34.5139,53.95
36.5351,51.16
37.0193,53.99
32.0722,45.45
33.4021,54.14
33.2040,53.22
34.5438,56.41
32.8187,53.65
36.1889,54.50
29.7066,44.41
35.1245,58.25
34.3030,49.68
29.6959,55.02
29.7319,54.62
34.0000,60.36
30.7071,52.89
36.1098,56.81
34.1872,55.03
37.5213,54.17
33.1111,59.10
35.3976,51.45
34.9509,60.29
37.6428,48.68
31.6404,58.37
34.8859,51.79
31.3624,56.61
35.0404,51.02
36.2946,49.77
34.1979,57.56
33.3068,48.34
33.7776,48.31
34.8223,56.63
32.1032,51.93
30.3277,50.50
31.2375,54.18
39.7964,46.00
28.9239,49.54
34.4296,60.21
34.5243,53.17
32.7999,52.53
33.5955,56.09
33.3538,54.53
35.5392,55.89
33.4257,52.97
35.1108,53.18
33.9314,53.93
35.0149,49.77
41.1629,42.41
31.4631,55.63
31.0166,53.32
35.0904,56.90
28.9765,48.68
35.1516,54.84
35.7548,60.03
35.2965,55.78
29.6945,53.25
37.7299,61.52
37.0879,52.35
37.0875,57.72
35.6429,51.30
35.0910,55.88
36.9643,50.07
34.1228,55.05
31.9312,53.13
30.6102,54.62
34.0477,46.53
32.4098,58.12
35.4524,55.11
34.9298,55.11
30.6961,57.69
33.3674,54.06
34.2614,46.43
35.1616,50.60
28.4586,52.45
37.0546,51.40
36.9034,55.84
33.2124,58.30
35.8136,58.88
36.0078,60.15
35.4563,53.53
36.2453,51.40
37.4922,56.64
31.8469,52.20
32.7950,55.31
35.2468,58.24
34.7535,48.05
30.9554,54.96
33.6835,54.52
34.7398,53.90
33.7392,51.60
30.2668,55.77
34.4944,53.86
35.7821,52.88
35.1757,60.49
32.3487,53.02
35.0748,59.30
34.3259,50.31
31.3330,50.14
34.2731,51.36
36.3187,52.31
35.8188,58.59
33.7062,55.51
34.5119,50.26
29.3628,45.37
32.1073,53.03
31.3345,47.59
33.8860,57.31
32.0497,49.32
32.0386,47.89
33.9162,52.47
34.1519,53.16
35.7183,57.70
32.2156,48.36
34.3126,54.75
37.5835,60.35
35.5237,50.48
35.5301,50.02
36.1175,55.49
38.2245,46.20
39.7408,62.69
34.7372,61.16
35.8801,49.66
33.1806,53.54
33.0231,52.69
36.1757,49.67
34.3843,48.94
32.8633,52.02
31.6409,54.69
34.6757,56.15
34.9002,60.11
31.7813,50.28
35.0648,54.13
31.8151,47.19
31.2984,53.11
31.4488,51.74
34.0794,57.07
33.5132,56.32
32.9840,49.19
32.9709,54.96
33.2603,47.28
33.7185,54.72
32.7164,48.35
35.3147,48.14
34.8031,55.26
36.8427,57.18
29.7193,51.40
31.8907,47.93
32.6279,54.09
34.3015,54.75
35.3374,62.64
35.9389,60.36
36.4595,63.71
34.4120,51.96
35.0453,58.81
35.2578,55.38
38.3907,57.08
31.6247,57.93
37.7999,47.21
31.8555,59.58
37.3976,51.86
34.3745,57.42
33.2545,55.32
34.9338,51.87
33.5377,56.58
31.6831,57.81
34.1309,50.57
36.5373,62.34
34.1910,54.39
33.6856,54.93
32.4825,56.78
33.3328,54.60
34.9850,54.38
33.0117,48.77
32.7926,52.61
36.1681,59.63
35.4710,60.55
35.0170,58.71
35.5989,59.33
31.4136,57.11
34.2077,50.99
31.6057,55.38
35.8322,46.78
33.3908,56.63
32.3150,55.22
35.1323,59.63
32.3421,52.93
31.8613,47.61
32.7078,48.22
32.2337,56.56
31.6930,47.00
31.7501,47.04
35.9506,56.01
31.8172,50.01
35.8164,51.61
33.1884,48.26
33.0778,53.48
36.1121,56.49
33.4508,55.56
36.4556,50.90
33.4658,52.15
36.9827,59.50
33.0238,47.22
31.6711,43.66
33.9969,55.24
31.6603,50.91
35.7180,49.01
31.8300,54.73
30.9910,54.91
32.1016,51.01
31.8243,48.84
32.8638,52.75
34.8205,56.23
32.3118,52.09
33.3186,56.94
31.8072,53.74
31.9128,49.90
31.3562,53.73
35.6327,61.53
31.9510,51.97
28.8307,52.86
31.9285,53.47
34.1901,53.68
34.3438,55.37
35.9307,52.12
34.5863,53.36
32.8858,52.16
35.2078,40.86
35.0854,58.07
30.2767,57.00
33.3592,48.90
32.1149,53.97
33.7418,61.01
34.2967,59.51
34.1638,53.75
33.5308,53.68
31.9600,55.97
32.6718,56.98
34.2009,54.79
33.0117,49.54
33.4299,55.82
35.9257,61.17
32.4181,48.49
32.8468,52.11
33.4380,54.40
31.6556,51.25
37.4582,57.31
32.6829,56.13
36.3256,56.91
33.7348,50.33
32.8471,55.37
36.3553,52.83
32.6249,56.32
34.4854,60.01
31.2201,54.70
33.5367,53.27
34.4544,55.11
33.4391,53.04
38.6067,53.40
34.1433,53.69
37.8889,59.09
39.1171,45.21
33.4211,54.13
36.7853,44.45
34.6487,43.87
35.4172,51.80
40.6121,60.64
32.9018,55.63
31.8174,53.06
32.7301,50.67
37.7311,48.33
31.4254,51.76
33.2651,54.69
34.1464,49.76
37.3936,58.74
33.1032,55.61
30.2900,48.88
33.4099,52.63
31.9727,45.33
34.1805,56.18
33.0119,48.70
31.7811,49.06
30.6154,53.08
31.9327,55.20
32.7841,53.41
35.1274,57.97
35.7391,54.31
34.1299,51.81
38.4970,51.91
34.4564,45.20
35.9468,51.70
32.8591,57.78
33.5144,54.69
30.7271,48.41
31.0169,51.20
32.8578,57.25
34.9421,61.17
36.2471,57.77
38.1453,63.31
32.1230,51.46
36.0100,57.75
34.0364,55.58
31.8891,50.67
32.9511,57.36
36.0854,52.32
33.1288,56.99
33.1563,55.80
33.2905,62.27
32.4236,55.89
34.2948,53.30
34.2252,53.94
34.4556,50.47
36.1239,47.06
30.8725,53.59
32.6070,55.14
31.0474,46.67
32.0359,54.78
35.8303,52.62
32.2584,56.61
33.4820,55.22
32.9872,55.28
34.5829,51.51
31.5769,51.61
31.7835,45.26
31.2155,46.82
31.8965,50.75
33.8490,55.58
32.2356,50.23
33.9394,56.64
36.4439,57.31
33.2111,52.93
34.2665,52.94
35.6231,55.72
37.0289,48.32
33.3807,52.56
36.4320,51.08
28.2952,56.38
32.9067,53.39
34.4841,57.58
38.6302,44.55
30.6071,50.16
33.7500,58.78
33.8876,59.38
34.4848,52.36
34.5129,48.19
31.3451,53.03
41.0350,63.06
37.1781,59.58
30.6600,53.23
32.0589,48.04
34.6757,62.47
34.1959,54.21
34.7448,58.11
32.5524,59.00
36.6195,56.54
34.9449,50.22
34.2938,52.66
34.4785,55.37
34.8321,58.91
35.0747,59.24
37.8904,49.98
32.8287,55.49
32.1842,56.11
33.2422,54.73
36.1920,49.69
38.0417,56.24
32.3927,53.58
35.6447,52.41
35.4820,55.58
34.7074,52.55
33.9866,56.35
32.1397,49.13
32.5036,58.37
33.9974,52.61
31.6653,55.84
33.5718,53.85
31.6056,50.50
32.6977,53.65
34.5465,52.18
33.3949,54.06
36.4407,58.85
36.2186,59.59
33.0677,50.51
32.6521,46.67
32.7405,52.58
31.1144,57.64
30.1202,56.27
36.2826,46.67
34.7888,52.70
31.3714,53.52
33.7081,50.05
33.6326,57.10
34.6834,51.18
33.3599,53.03
34.1127,48.20
34.5745,51.24
31.5388,51.03
35.9498,55.57
33.7165,55.40
34.6336,57.90
33.0978,52.69
35.6663,57.75
31.3812,51.03
36.4042,51.77
33.7939,59.85
35.3291,59.68
35.3456,45.49
31.3407,56.29
33.3787,56.69
33.7954,49.48
33.9717,55.40
31.6671,57.26
30.3449,54.86
31.7422,53.38
31.7166,59.67
33.0057,54.65
32.9324,49.07
31.5712,57.59
33.1308,50.93
36.5810,59.02
29.4580,54.30
32.4037,52.89
36.0876,47.23
33.9429,54.71
33.8720,50.79
31.0678,51.76
29.2611,47.57
32.2873,56.96
34.3311,60.04
35.3444,54.34
34.4950,59.08
36.4648,49.23
31.8253,54.39
34.7977,62.66
35.0438,54.41
42.5427,45.74
33.1147,54.74
31.8768,55.47
33.0859,54.09
40.8821,48.67
35.2017,48.64
36.7451,51.58
37.0356,57.79
34.1170,60.71
34.3017,53.39
37.6397,47.51
32.8058,57.08
35.3910,59.72
33.8491,48.90
32.1347,58.60
30.4518,55.39
32.0754,52.78
34.6984,55.42
28.8762,56.02
37.2520,46.91
35.4613,48.00
33.7407,57.65
37.5240,50.50
35.5579,49.34
35.2877,59.76
35.0290,53.21
32.5184,55.13
29.1791,48.43
35.7559,55.24
33.5520,52.73
33.4875,56.39
30.2129,51.97
32.6231,51.50
35.8078,48.79
33.4244,54.79
30.4948,49.64
36.0301,46.06
32.0948,52.10
33.9311,51.68
36.2007,57.58
33.0402,50.80
33.9528,57.31
33.5661,55.05
33.2151,55.07
33.7652,53.25
36.6174,59.65
38.6513,53.20
28.7925,52.81
29.2344,54.81
33.8696,48.62
35.6963,49.96
32.7024,49.43
32.5637,51.89
33.7358,49.03
34.8573,62.18
30.5518,50.74
31.8998,48.35
30.2510,54.30
34.2880,55.63
36.4216,57.32
33.8759,58.36
30.1203,52.43
32.5168,54.79
39.3624,63.43
37.2755,50.25
33.0688,48.59
32.4255,46.98
31.4733,56.29
36.1882,49.45
33.6806,51.61
31.8522,54.86
31.8586,52.24
33.0846,53.34
32.2423,49.13
32.0372,49.98
32.2210,52.67
36.6665,45.90
33.5336,54.46
36.1240,54.00
32.4036,43.49
36.0976,57.34
30.9576,51.85
31.1903,45.40
34.7256,56.23
31.5742,55.66
29.8659,50.99
32.2406,49.46
33.4073,57.88
30.7327,52.71
30.9044,51.21
33.7413,49.85
30.3079,56.22
30.9031,54.05
32.8173,57.27
36.8468,49.06
32.4703,54.13
35.3638,50.13
33.6152,52.04
31.7257,47.61
34.6470,56.01
35.1432,54.09
33.9962,53.05
33.0350,52.62
36.4993,57.19
32.5897,57.89
35.2758,57.83
35.1853,49.68
35.4645,59.81
33.5147,54.30
36.5678,52.76
36.1386,56.75
36.6936,50.70
34.1597,53.03
37.9911,47.50
35.7958,46.01
30.1401,52.06
32.7358,42.84
37.1716,49.31
32.9203,59.48
35.5313,60.28
35.7030,56.55
33.5514,54.27
32.7557,50.16
34.3882,50.01
31.5316,48.84
34.2030,54.42
29.4244,51.57
33.9286,45.33
37.5037,58.26
30.4445,52.28
29.7851,50.89
33.4088,48.52
33.3311,47.34
27.4967,51.51
32.5668,47.29
32.0585,47.10
31.1614,49.35
34.9671,58.24
33.8081,58.09
31.9948,48.77
39.0349,61.36
37.3390,49.48
34.5620,53.30
37.3504,54.67
35.2853,48.58
35.1088,48.08
37.5329,59.00
34.0107,50.52
33.5522,48.34
30.9766,54.53
38.4421,52.05
33.9372,56.41
34.5576,59.28
30.6958,49.88
33.5499,53.50
33.9712,55.54
31.7424,52.11
34.6011,49.85
32.7171,54.26
31.2712,54.52
32.6358,49.51
33.8023,55.71
35.6606,53.47
32.2522,49.32
31.9117,52.94
35.4539,45.18
33.7839,54.02
32.2960,55.93
33.5711,57.84
33.9859,53.51
31.2111,55.50
34.7092,54.96
32.5909,47.43
31.1267,42.03
33.3917,54.68
34.1260,59.28
30.7848,50.63
38.9288,59.62
38.3953,60.36
33.6321,54.45
35.2225,53.70
34.3902,53.31
31.1209,43.23
35.1502,53.46
31.9876,49.82
36.0233,45.94
33.4767,46.61
33.0304,52.67
35.1111,58.18
32.9382,44.34
30.4128,49.06
30.9049,52.94
32.9301,48.74
32.4883,53.49
34.7289,54.31
37.4051,54.60
30.1656,46.45
33.2599,51.84
28.6363,50.40
32.0620,50.94
28.6692,50.85
31.0350,50.87
35.8286,48.57
30.7389,52.04
34.1897,48.96
34.2982,48.32
33.8014,54.77
36.4309,57.50
35.3951,52.04
34.3859,57.80
31.4011,56.66
32.7434,57.36
35.4468,60.19
33.7613,46.82
31.6906,52.19
34.4042,47.61
34.6815,57.83
33.9192,54.92
33.9989,55.51
34.3115,57.72
37.6003,49.42
33.6896,54.65
35.9010,53.74
34.1648,51.63
34.7775,54.32
30.2972,49.64
32.4037,57.80
33.2757,53.27
31.0408,53.83
33.8654,46.47
32.3096,57.21
29.5249,54.32
32.0936,54.62
33.3593,46.91
32.2640,51.46
30.7930,51.54
32.5114,54.31
33.8784,54.56
32.7957,55.39
32.4762,51.46
36.1457,57.78
34.9028,53.60
35.3105,46.78
34.5688,45.78
34.9502,57.15
28.9126,55.08
31.9723,54.19
32.7439,44.11
32.8968,52.95
28.8414,53.18
33.8438,52.54
31.5089,55.26
35.0211,46.63
33.0166,59.32
30.5985,55.84
34.7033,51.62
31.7451,47.38
31.3289,54.78
38.5079,61.22
34.8253,45.63
33.4345,49.61
38.4856,54.50
31.6737,59.20
31.1910,50.71
29.7255,53.55
31.7132,54.29
30.9651,52.51
31.8101,57.25
34.4923,50.11
32.2486,49.46
29.8969,58.12
31.6120,49.76
33.3718,57.97
28.9141,53.94
30.6519,52.00
32.2847,52.55
33.5586,53.29
36.3774,44.07
34.2392,48.14
34.6275,41.89
34.0387,50.86
30.7284,46.69
36.0192,57.59
30.0499,50.06
39.5444,58.07
34.4993,59.47
36.6933,59.62
32.3808,50.85
37.3529,58.94
31.4910,50.14
38.0522,44.82
34.9291,49.21
32.9071,64.90
31.6093,50.53
31.6052,47.80
35.6742,48.42
29.5251,48.49
30.5021,48.74
32.8264,54.23
29.9410,56.72
30.3017,54.86
31.6532,49.01
29.5841,50.52
30.6539,49.92
31.9000,48.28
38.4268,48.33
33.4706,54.40
33.1499,55.74
29.9510,50.45
30.3706,48.83
34.2932,54.20
35.3240,58.30
35.7449,58.28
35.8398,60.50
30.9165,48.69
29.4766,48.14
36.0916,52.62
34.2739,53.31
34.0162,55.87
33.6120,55.02
33.8520,52.42
33.2343,50.08
33.2931,49.78
34.5256,56.75
32.6238,57.14
30.3965,56.00
32.4870,54.63
31.8245,57.74
32.8449,57.77
33.7449,55.52
34.3122,52.93
29.1725,54.89
32.6631,51.43
30.3725,61.85
31.6363,53.83
32.5458,51.67
32.0967,52.08
32.2048,59.84
29.5309,58.06
34.9487,53.42
33.3152,49.77
31.5863,50.74
33.9972,53.32
34.8664,54.94
34.3130,53.29
31.4604,56.82
33.1351,59.64
37.0272,54.06
38.0591,58.08
34.6380,47.44
32.6345,51.19
30.9382,58.41
31.7596,56.59
31.0714,55.17
31.4386,52.69
33.3760,49.90
31.5591,47.44
33.9898,53.30
34.6193,59.12
33.3765,46.97
31.0798,51.81
29.9771,51.61
32.0447,48.32
34.6446,54.70
37.8130,60.29
32.5596,50.35
34.4401,52.77
37.3507,56.32
32.7292,49.85
31.9734,51.93
30.9515,45.92
33.1619,50.01
32.9125,51.34
30.3555,56.39
34.5497,57.46
31.3160,54.26
32.7517,50.42
33.1262,58.08
41.8677,41.69
34.1190,52.08
31.0263,48.46
32.9128,48.51
33.7447,55.35
31.2830,41.58
33.6279,52.31
32.6708,48.62
37.0212,60.14
30.6581,48.43
31.2300,47.00
32.6139,53.79
33.5137,54.67
36.1297,59.77
32.7054,51.90
33.0701,50.39
30.2834,56.74
35.2891,52.44
30.9314,58.21
32.2292,56.26
32.6432,47.92
31.3841,51.49
31.2915,59.23
29.3139,54.60
36.5530,57.45
33.3116,55.58
34.4577,53.12
33.6624,56.23
34.6359,57.89
37.3886,60.85
31.6470,55.98
33.0955,58.13
31.5174,50.69
32.1542,53.67
34.4069,57.25
33.9006,56.40
37.3683,60.30
36.5213,47.07
34.4745,48.95
33.5986,47.58
37.7812,48.39
37.9262,56.63
34.5855,52.00
32.0936,51.04
30.1914,52.47
31.4372,53.54
31.6544,52.76
39.1987,57.21
33.6007,50.34
28.3647,51.33
36.8567,57.60
32.9933,52.61
32.8585,55.47
32.8043,56.58
30.1458,53.32
33.5653,56.77
31.0476,51.29
36.4510,48.36
33.1743,52.32
30.0224,54.95
33.9642,52.11
30.8433,46.20
32.6103,55.94
34.0367,53.59
28.0991,44.43
28.9753,53.59
31.4363,50.24
31.6979,55.25
32.6535,56.78
35.5934,57.21
33.0898,52.89
32.9029,50.64
32.6257,52.67
33.8792,56.64
33.8117,56.07
31.0568,51.40
29.9230,52.65
31.4647,49.30
29.1474,51.60
29.9445,52.00
28.5440,54.91
29.3257,46.76
32.2625,51.42
31.4713,44.33
29.2715,54.11
34.7771,50.32
32.9933,48.46
38.9209,53.38
34.3021,56.29
34.2549,57.19
40.1676,59.54
38.3300,61.51
33.7868,56.69
30.4406,50.65
33.9133,52.03
29.6255,52.72
34.4470,45.99
34.3542,47.80
32.7150,48.70
27.9091,50.94
32.9757,56.69
32.9331,49.56
30.6292,44.08
29.1028,57.25
36.3050,56.90
35.5207,53.32
34.4211,53.24
38.7585,59.37
30.4374,51.42
35.5546,49.64
33.2862,58.28
34.2472,57.35
33.9545,52.49
31.5668,53.20
35.0586,47.93
35.5830,60.47
31.9144,57.14
35.0067,47.53
35.9704,52.42
34.0057,58.86
35.1230,48.00
34.3200,48.57
34.1720,48.84
32.8014,50.50
34.9705,61.61
32.9808,49.33
36.7070,55.92
31.7564,57.81
33.6816,43.52
32.9792,57.44
32.3053,57.16
29.2178,55.96
33.5854,54.90
28.6808,53.84
33.1374,58.76
35.0829,63.53
32.5134,59.13
33.1332,61.54
35.8775,52.08
29.8528,54.24
37.6377,48.08
34.4840,55.35
32.2238,57.22
35.0328,49.04
34.0741,46.35
35.0395,46.02
29.1565,53.49
31.6659,53.41
31.7918,50.67
31.1863,53.72
34.4059,51.13
32.9219,48.18
34.2870,52.75
33.1895,53.82
31.0057,56.79
29.3568,47.07
33.2069,58.77
33.5000,54.16
33.2731,58.17
34.6398,53.90
36.1627,48.56
32.7327,48.54
33.6088,47.93
30.9998,56.14
33.2003,58.68
31.6639,53.67
31.4763,59.51
31.7510,49.55
31.5361,49.96
29.9653,50.34
34.7387,45.94
33.4450,54.00
30.7462,60.08
34.2323,52.83
32.9337,51.09
30.8098,55.23
37.2289,57.93
32.9825,60.41
27.8219,58.18
32.1089,56.93
27.6621,55.79
31.1586,58.52
34.9445,54.25
32.6818,53.35
29.1522,51.67
33.2226,54.68
31.4376,52.29
31.3666,55.52
33.3411,53.92
28.2403,55.59
31.0838,55.03
34.0517,57.12
30.8129,50.80
31.2744,56.82
30.0745,48.85
32.2135,50.20
32.2526,55.64
33.4986,55.30
35.5441,63.87
32.5587,56.96
32.0450,52.38
35.1573,57.64
32.3404,51.59
35.2371,44.81
30.9085,53.79
33.0766,58.61
31.9626,53.57
37.4276,48.50
31.8181,53.17
30.9573,60.01
33.5351,54.55
35.4580,50.89
31.4689,54.17
31.1207,52.67
29.6895,54.75
30.3311,46.31
32.2152,57.44
30.4173,54.07
29.0868,51.56
37.1170,62.97
31.4481,45.69
40.6906,62.81
35.6578,59.79
33.0565,62.05
36.6308,60.43
33.3584,50.92
31.1950,53.28
33.7719,52.64
34.5847,52.41
31.2212,62.57
36.5949,49.75
35.6212,51.70
32.6461,58.27
35.4153,51.62
29.5563,49.51
30.5476,56.86
31.0246,55.53
28.0293,52.98
37.9098,59.87
27.1881,52.23
30.8739,51.71
31.0966,56.60
33.0553,54.82
34.4201,61.43
33.0815,55.50
28.4746,52.26
33.4688,49.75
33.1798,54.32
30.9206,56.07
27.0900,44.25
30.7662,56.24
29.1299,55.12
31.4314,52.69
33.1274,55.57
36.1688,50.09
34.8080,45.74
31.9016,54.90
36.0281,51.58
35.1212,54.11
30.0252,48.61
33.2096,55.10
30.2832,56.34
30.0031,55.02
31.4374,55.66
29.0368,51.61
27.8445,55.52
33.1235,52.67
33.2100,59.55
28.3387,49.41
25.6657,56.75
33.0919,43.53
31.4914,57.63
28.0055,52.59
31.0973,43.07
31.4151,50.76
29.3257,48.17
29.9370,47.53
28.5001,51.48
30.6916,56.02
32.1079,47.44
31.5482,56.22
35.1064,56.32
28.9258,50.01
30.7612,49.73
29.8980,53.96
28.6056,51.72
29.6221,55.84
32.6726,61.08
34.2717,52.87
30.6917,50.07
28.7393,52.39
29.7597,50.52
29.7260,54.33
28.1431,54.98
32.9720,59.58
27.3075,57.96
29.3142,50.39
30.1486,51.03
27.3701,56.57
32.9293,58.07
29.7298,52.51
29.4727,51.12
29.9124,57.55
31.9012,51.64
29.5531,55.69
36.2531,59.20
29.7548,51.36
29.7213,55.82
32.0304,56.78
29.9840,48.25
28.9505,58.97
28.7665,55.83
28.7418,56.18
32.4954,54.83
34.2118,45.39
32.9278,55.50
33.8848,51.47
31.8590,61.82
28.2083,52.23
31.6570,54.97
30.7514,58.95
29.5390,59.02
30.8033,55.98
34.1831,54.63
30.8370,54.65
28.7921,54.67
29.8713,52.72
29.8353,50.76
27.7869,55.71
27.0422,48.67
29.8248,56.01
26.5144,49.81
28.6059,57.76
27.1021,52.86
29.8879,46.43
28.2501,52.06
27.4639,54.11
29.0224,54.98
29.2501,53.77
31.4755,50.56
34.0568,52.45
33.9907,56.69
24.4533,47.88
27.5661,51.13
26.7775,53.96
26.7828,47.21
30.0553,38.34
24.6185,52.88
31.0459,59.45
32.4411,57.74
29.4170,53.10
25.9977,53.45
34.6015,50.36
28.6992,62.67
28.4543,48.08
31.2487,51.95
35.1599,54.53
29.7834,52.30
29.3083,46.42
32.2281,48.63
31.6060,58.79
28.9317,57.16
30.6865,56.55
34.4477,61.23
28.6789,54.08
29.2131,46.55
25.5473,56.42
30.6765,44.93
32.6807,58.38
29.5423,55.68
29.9090,46.38
29.5763,49.34
29.9495,58.48
32.2592,52.30
28.4689,53.72
27.7251,53.13
28.2377,54.67
31.1252,57.20
27.1614,48.94
27.7498,44.56
28.7198,54.27
29.1553,50.53
30.3708,48.90
28.4953,56.49
29.4500,49.91
34.9316,57.87
30.8032,48.02
35.2478,51.72
28.6991,57.86
26.7717,45.72
32.4835,53.75
23.8768,48.19
31.4263,56.41
33.0290,55.09
29.3674,55.32
28.8795,47.11
29.7445,60.29
31.3920,57.33
30.3649,58.54
25.7739,54.54
31.0590,57.19
31.8129,55.77
32.5987,50.01
31.0246,56.51
28.9696,53.40
36.7856,47.18
32.1895,51.30
30.2326,50.17
33.3131,56.59
26.1487,55.51
25.2380,55.45
27.4610,57.22
32.2656,48.14
28.3221,45.93
30.3288,54.94
27.5551,50.10
28.5749,53.05
28.2972,54.25
25.1428,55.72
25.0421,47.35
30.6353,55.03
29.4231,56.99
28.3265,62.06
29.7599,62.67
27.5720,54.88
29.4964,60.47
27.0134,51.49
32.2927,54.31
26.0557,54.89
28.6021,50.72
31.5689,59.56
30.7465,56.29
28.5844,48.83
31.8775,53.32
26.6563,59.13
32.3813,48.42
26.8083,53.03
27.2555,55.93
31.5987,40.33
27.4408,55.41
24.8798,47.14
33.6819,61.33
27.5673,58.15
29.0784,53.20
31.5286,45.66
27.7892,55.90
31.2270,43.50
28.9381,55.10
24.6849,50.93
24.5773,48.19
29.2689,46.82
28.3248,44.64
30.3636,54.87
32.2662,60.80
30.3600,60.05
25.8882,51.99
25.6051,55.25
27.9348,54.60
28.0493,59.35
24.3541,59.00
24.6511,56.58
26.8583,48.60
32.1961,45.28
30.2513,46.88
28.1625,59.36
28.7268,49.11
29.0839,43.69
30.4522,43.35
26.6293,52.27
30.6778,59.40
28.1830,55.51
24.7956,47.04
23.2151,54.72
29.9726,59.58
27.5780,58.10
29.5170,61.34
23.4133,45.52
28.9424,59.84
26.4203,58.29
25.4790,53.44
25.6214,49.63
24.0913,49.60
21.9376,52.61
24.1879,58.22
24.6418,46.05
29.2525,58.67
29.7215,41.79
31.8418,53.53
29.7012,56.84
32.0468,55.49
28.7994,50.05
29.5295,56.23
30.1315,45.23
29.9534,55.36
27.2090,52.17
31.4704,55.30
23.7597,56.18
30.6313,43.75
31.1985,48.38
27.4882,61.77
26.0172,53.08
26.8727,53.42
25.8060,55.02
28.2101,58.17
28.7042,45.55
25.5740,55.92
26.8887,49.80
28.9493,53.07
30.1819,43.20
29.8220,62.77
26.4386,48.75
29.9062,60.30
29.5379,59.37
32.5471,61.08
27.8079,57.42
28.4107,45.62
28.5219,47.92
29.7547,56.14
31.5374,56.95
29.5387,60.71
29.8686,41.81
26.0185,58.43
25.4094,56.06
24.2436,48.55
25.9796,58.09
31.7327,42.73
23.5031,56.51
24.9270,48.90
24.0094,40.98
22.0404,48.25
21.6403,50.99
24.6126,52.19
32.1047,63.41
22.3082,46.22
31.7574,44.52
29.8555,47.50
28.3607,58.77
27.6740,56.52
25.0229,60.67
28.8571,49.61
35.1420,47.64
23.2974,56.15
27.9618,60.50
25.4335,54.44
28.5259,56.93
26.7584,52.21
25.2813,52.43
23.0561,50.92
29.1986,50.17
31.1375,45.19
32.2833,48.25
26.9465,55.51
28.1965,52.64
25.2018,61.09
28.6531,48.70
23.3376,54.89
28.4738,60.20
28.2016,54.50
28.1432,50.28
22.9817,50.43
29.5105,55.05
22.7603,49.65
24.7815,47.09
29.3606,41.41
35.0588,51.45
29.4383,54.66
26.0598,57.88
25.9323,60.07
27.4279,52.43
27.6543,56.82
27.1044,51.21
29.2012,50.93
24.4461,51.44
30.7526,52.75
25.6714,50.62
29.2105,54.76
28.2040,54.64
31.6020,44.41
30.7244,47.71
27.4217,54.54
25.4535,58.14
36.2459,40.27
26.0450,54.17
26.3345,52.13
27.9934,55.47
29.1353,51.62
24.0922,51.69
26.1446,48.49
25.7983,60.52
28.7354,55.80
30.5043,53.82
25.1964,45.37
31.1539,64.96
27.4872,61.98
25.2795,51.80
25.8534,54.28
24.9149,60.87
24.4177,55.76
29.2930,46.45
26.8331,60.98
25.9450,54.40
31.0056,62.90
26.8439,49.69
21.0982,51.01
25.0557,56.13
27.0662,49.83
20.8032,54.87
26.9969,57.34
30.6962,63.78
24.3626,57.12
27.2665,46.52
22.7140,55.57
33.4129,58.41
27.5053,47.18
23.0477,54.67
21.0317,54.78
25.0632,57.51
26.6790,52.00
25.8407,51.51
24.8549,51.12
27.6743,56.23
23.0368,50.58
24.7805,51.90
25.9920,45.15
25.6990,54.00
24.1293,51.06
24.0383,51.31
24.8960,58.15
25.4905,42.68
24.3889,49.68
21.9702,46.00
25.8280,45.42
27.6509,47.67
25.6613,58.06
24.7739,49.56
27.6617,51.11
27.5869,43.77
28.4318,53.58
22.5104,49.50
20.8633,49.71
26.8538,51.53
24.5732,48.11
25.5600,61.76
25.0085,56.61
24.6260,60.41
26.3059,53.41
23.7798,54.47
24.0209,43.28
24.1246,51.96
24.6899,53.82
21.0058,50.53
20.0795,54.11
23.8217,54.58
24.4361,58.13
27.8798,61.18
27.4137,54.69
30.0562,52.49
26.5064,60.16
30.5414,52.35
30.0173,52.81
48.6411,26.40
29.8732,48.77
25.2312,61.15
23.9488,47.18
22.8121,45.66
21.3159,54.44
29.5948,40.48
22.5471,46.56
30.4482,59.87
20.3765,49.71
25.8812,52.39
25.8101,52.35
26.2899,54.43
24.4404,57.37
25.2780,44.37
24.4858,50.53
28.0563,60.61
25.1429,52.08
24.4677,52.65
28.8709,60.98
25.2569,51.11
26.1002,53.64
24.0896,57.47
24.5062,55.13
24.4259,50.08
30.5686,52.60
25.5284,53.53
24.2753,49.00
26.6448,53.03
28.9085,61.01
25.3347,49.43
22.5769,54.49
28.5186,46.05
27.6134,54.19
26.4246,52.74
33.6057,66.91
28.8191,57.46
23.1767,54.56
27.3309,53.44
28.2962,58.22
29.2020,40.99
26.1295,58.87
29.3920,47.82
30.6642,50.76
25.1512,51.38
27.2273,49.00
28.1540,46.11
27.4823,52.07
26.4455,57.26
26.9134,54.67
28.0348,48.47
25.7694,51.03
26.4995,48.85
27.7126,42.95
24.9080,51.02
28.2620,48.09
25.4476,41.12
31.3046,57.91
24.8890,43.16
24.2043,53.40
25.0521,48.67
21.5911,49.72
26.4887,64.07
26.8396,49.44
24.0073,56.70
23.3543,58.00
30.2278,63.93
22.3469,50.47
23.4622,53.00
24.4798,57.60
24.5596,53.04
24.6193,54.94
36.5301,40.05
28.8411,46.24
27.7049,46.37
31.1170,45.16
25.5882,57.89
30.0771,38.40
23.2831,53.25
26.7500,44.95
27.7378,46.36
23.3944,57.83
25.8922,54.46
27.5922,59.77
20.6105,48.68
27.5052,66.89
26.5141,46.66
21.3154,56.92
20.5281,46.45
24.7943,58.42
24.0037,54.47
28.3717,39.83
26.8777,48.83
27.8073,50.35
22.0400,49.63
22.7661,58.68
24.5387,49.24
23.6319,53.76
30.7948,38.76
27.4082,49.05
21.9723,47.53
21.4388,50.90
23.5359,55.91
21.3794,48.43
20.8429,61.57
20.3012,59.02
25.3096,50.01
25.0582,53.31
20.7349,51.66
23.4377,53.36
21.4667,47.79
22.1611,58.13
24.9915,53.03
28.4447,50.23
22.1953,41.87
23.4347,57.72
22.2535,47.22
21.7367,51.59
24.6387,52.68
22.4136,52.01
23.5387,52.56
24.5836,47.55
26.4261,53.74
21.5032,49.77
26.3597,60.67
18.7562,55.60
27.9207,67.61
27.3523,63.77
20.4343,52.88
23.6893,47.23
23.3412,55.56
23.4357,49.49
18.6120,55.02
23.4592,57.99
19.3576,49.20
26.6724,47.03
29.9798,55.65
26.5975,53.84
26.0318,46.54
22.1051,58.87
20.1967,57.67
21.5067,59.58
25.0991,42.76
22.8273,49.70
26.1751,49.43
22.7827,53.30
22.6054,40.70
23.9253,56.01
23.2320,48.19
30.1599,47.47
27.9508,60.42
22.0460,45.95
21.3325,40.73
28.1182,60.03
26.6476,61.94
22.0595,49.49
24.9423,51.68
25.4017,43.99
24.1693,48.91
27.3338,52.57
29.7360,42.35
24.6453,40.90
31.6682,37.63
20.7400,53.86
19.7667,45.05
18.7895,41.21
20.0038,46.77
21.9055,53.25
21.0816,50.10
27.2270,60.70
21.0474,42.38
20.5249,53.66
19.1695,50.04
18.7274,43.30
18.7006,49.06
22.3909,52.80
24.9359,51.20
20.5426,53.25
24.4811,52.77
20.1100,54.42
21.2684,50.64
27.8774,38.04
27.3304,45.82
20.2421,48.07
20.9567,56.43
21.5189,50.67
27.5449,60.26
20.0517,54.14
23.3453,35.22
20.7621,48.21
20.6542,51.37
21.4829,53.27
20.7780,46.30
17.4128,47.79
18.7589,53.64
20.5170,47.39
26.5768,66.61
25.7245,64.59
20.6620,54.45
18.5162,58.52
19.5349,55.03
18.3470,56.80
24.8221,51.96
21.4319,54.06
27.4698,65.32
23.5422,51.82
39.8229,34.36
32.7787,35.93
29.0271,45.90
21.6391,54.73
24.5365,53.34
27.8441,44.48
27.4585,57.74
23.8728,42.42
24.4635,53.38
22.4453,51.50
22.2761,39.76
22.8664,47.21
24.7238,54.15
29.4817,58.82
22.0925,37.82
23.5932,31.27
25.1569,53.17
31.6635,57.55
28.5557,36.33
20.8627,46.42
19.6890,42.61
30.7510,53.03
26.3329,49.52
29.3085,60.61
26.1381,54.41
27.9376,55.09
21.7593,49.83
27.3261,57.90
24.8198,54.17
24.8961,58.88
25.4588,52.61
24.3530,56.88
23.7757,54.15
19.9577,60.05
30.8198,46.72
34.5690,39.82
28.6601,41.91
28.9803,44.94
20.9007,47.98
23.8190,43.67
24.5525,54.37
20.4059,53.91
22.3862,47.73
25.5348,46.81
20.3802,45.90
20.9276,51.18
24.0907,42.59
23.5736,45.86
24.8527,52.67
20.4729,55.34
25.5868,63.21
20.3933,51.75
24.2311,51.14
21.7087,44.29
24.4916,43.36
27.9627,35.62
21.8986,41.57
22.8126,55.31
17.9560,48.19
21.8158,40.79
21.8049,51.88
25.0655,57.23
21.5931,59.04
23.0608,58.74
23.8063,54.74
24.3556,61.36
20.3578,49.01
19.3481,58.04
20.2007,51.74
20.8197,53.79
18.3661,48.27
21.4499,50.36
25.8605,48.09
20.1857,52.86
20.9549,46.77
23.4820,55.44
22.8294,40.08
18.9066,47.92
20.0411,42.33
18.2923,54.61
17.8238,42.61
23.4375,43.00
35.3798,63.96
23.7752,59.81
22.1106,54.19
21.4650,59.99
19.9316,51.98
23.9428,48.72
20.1130,55.82
20.2825,51.76
21.2189,49.45
19.5181,46.43
20.9703,56.19
21.2033,49.98
21.7543,54.23
24.6912,55.00
24.2882,40.47
22.6100,60.98
23.6749,52.59
28.7984,48.57
25.9314,45.24
24.0592,44.12
32.0932,36.46
22.9170,42.18
24.1213,47.30
25.7494,52.57
24.2235,40.26
23.2728,45.19
23.9651,43.95
24.5687,50.29
23.8640,52.98
22.2235,45.76
26.3372,48.20
26.8989,48.57
23.9770,41.19
24.4984,40.44
20.7924,44.79
20.6231,41.94
20.5364,52.10
23.0767,48.51
21.7108,54.37
18.4312,42.41
21.0805,47.93
20.2299,42.32
20.7185,55.92
21.7997,59.67
22.8782,51.45
21.9644,47.57
20.8954,61.55
15.4982,52.15
20.8586,57.36
24.2833,47.77
28.6957,53.79
27.4357,44.60
23.2444,57.26
29.5787,47.42
30.5286,39.76
22.4016,51.44
24.7218,42.72
27.9866,35.27
22.1413,47.43
19.7576,42.34
21.9621,46.48
23.3277,44.74
29.7579,45.65
21.2277,51.13
18.0208,48.06
23.1497,48.52
22.0435,37.78
18.9455,47.74
23.3227,49.66
28.0476,54.43
23.2877,43.50
22.3900,53.79
24.3518,53.68
23.8474,45.79
23.4952,38.01
23.3589,47.09
22.6166,43.36
22.9327,38.95
24.3086,36.62
20.4285,55.69
24.3816,31.05
22.3145,33.77
23.1111,52.20
22.3465,48.68
18.3650,49.13
16.8373,40.57
22.6461,50.77
16.3471,41.02
15.6703,43.71
18.2590,39.83
19.8637,52.22
26.5713,52.46
17.7231,41.77
17.4191,42.59
27.3997,61.98
17.8865,47.21
17.4767,46.77
17.5158,39.21
21.3699,45.65
23.4049,46.39
20.6559,38.38
32.9350,35.12
20.4480,48.34
18.4959,47.14
26.4868,45.14
23.8339,46.86
21.6080,47.40
33.7974,25.16
23.5987,33.20
22.4207,36.97
27.4330,52.54
22.9318,47.66
22.0566,51.91
30.1512,39.24
26.5607,40.49
16.8392,52.70
21.6342,29.25
24.6260,51.75
19.3053,35.98
20.8635,40.05
19.3445,37.62
23.4669,45.82
21.3075,31.13
22.7967,51.36
15.3814,50.00
25.2295,45.64
21.4377,51.16
19.6602,51.18
22.5233,47.07
29.0039,62.64
23.4404,46.43
22.6519,57.00
23.5535,47.96
26.2898,57.92
20.1237,49.46
19.7237,48.45
21.3820,51.10
19.3338,47.26
21.4822,44.83
20.5536,42.06
23.6794,50.70
18.9005,43.41
18.2156,48.97
28.7167,41.18
19.7577,54.68
21.5283,58.17
21.8286,46.64
23.8610,61.98
17.3387,44.58
17.5659,45.93
21.1881,46.91
16.4521,52.60
16.1922,51.80
19.1046,49.48
18.5184,60.24
18.9176,44.13
11.5022,52.37
20.7961,58.61
14.9990,48.13
14.9429,44.80
20.6895,57.56
16.9972,56.38
24.1259,42.67
18.1688,42.67
20.0034,42.39
21.4656,37.18
27.0794,33.95
19.1855,46.51
22.6576,35.61
34.9592,15.96
23.3448,32.88
16.4778,43.38
14.4412,36.18
18.4368,44.06
17.9146,50.26
19.3907,50.26
18.0572,49.72
18.7096,38.11
16.4166,49.33
19.9754,51.59
15.9712,46.90
16.9001,38.45
31.8804,54.06
21.4619,49.10
14.5097,42.78
16.4384,49.86
26.0296,38.81
20.1284,39.28
22.3847,34.72
17.9894,46.90
29.1892,32.31
16.9345,44.89
21.0159,34.98
17.7921,52.48
23.6269,33.80
17.0607,43.32
19.0447,37.00
20.8873,44.56
18.8397,35.45
19.0857,39.37
22.3662,52.84
19.8400,54.32
24.0465,62.23
20.3218,42.93
16.1324,46.37
20.7610,31.21
15.2096,42.83
18.7614,46.97
21.1047,51.33
16.2686,47.98
18.8241,35.02
21.5694,39.85
19.5477,49.56
18.2177,37.98
18.8643,38.14
21.1730,48.73
18.7285,37.48
14.3404,49.49
34.5815,14.70
16.0075,44.07
30.4660,51.89
20.8110,34.97
16.5270,44.38
15.2799,48.49
18.8191,53.64
20.2491,38.95
14.7163,46.86
15.8614,44.98
21.0096,55.36
29.9054,58.63
20.6483,59.08
22.5238,47.83
22.0160,59.10
13.6204,54.79
16.8712,53.28
20.0407,44.14
16.0879,48.41
18.7146,50.43
16.7709,56.26
20.6998,39.84
22.8413,52.37
26.0013,37.50
23.5490,37.02
23.3548,40.06
17.4148,45.86
22.4319,33.37
22.3018,37.23
16.0471,50.90
21.1742,30.28
20.8820,52.25
17.0581,43.20
21.9918,51.95
19.9559,57.94
15.6882,31.41
16.5756,42.83
13.3738,36.01
16.3839,35.94
27.4040,55.52
18.4417,51.70
18.9300,52.52
15.2804,43.51
15.5936,40.56
17.7173,41.09
13.2776,42.85
18.7956,50.44
18.0955,33.91
14.9791,54.92
18.4390,42.64
14.2824,42.82
17.8108,59.41
19.3319,55.42
14.5452,47.71
21.4200,35.87
19.7722,41.05
26.1802,38.33
22.7381,40.24
18.3162,35.45
17.7306,39.32
21.2207,34.72
18.9873,35.19
21.7548,34.99
15.8005,43.26
20.8359,21.51
14.3752,25.19
14.6971,28.11
12.3080,38.79
14.0042,33.54
15.9852,40.18
23.8524,50.49
31.7814,51.99
28.0874,55.58
30.7135,53.29
27.1266,57.60
31.1253,56.41
11.9215,40.72
15.3894,49.73
17.2810,49.39
21.3865,64.21
19.0365,60.03
39.5459,72.06
24.7850,49.33
23.7312,44.25
21.6239,53.58
18.4866,42.62
20.7696,34.23
19.1551,55.55
16.5336,58.95
20.9765,59.15
14.8195,60.77
24.4549,46.37
32.7848,41.24
20.8611,50.19
30.7987,31.47
32.6596,30.84
27.6429,40.58
15.2893,50.35
19.1561,46.13
12.4599,51.03
18.1944,45.34
13.7945,35.72
14.2873,50.94
17.9696,58.39
13.4614,47.85
14.2769,46.52
12.3746,47.01
21.8176,47.65
20.7217,52.83
13.0525,47.91
26.2669,59.86
31.7500,59.66
13.7907,54.68
16.5154,45.68
18.7452,49.43
23.8764,55.93
17.9856,40.39
15.2294,44.99
15.6523,48.80
20.6856,54.24
26.5522,34.47
19.6082,36.79
26.6709,43.47
19.6349,38.46
11.0773,45.73
16.5377,46.75
13.3941,49.29
19.9786,37.15
17.2152,46.38
25.4626,31.02
20.5298,30.92
18.9118,51.74
19.4924,50.56
15.3949,45.52
13.1233,39.82
26.4387,24.99
19.0234,33.46
14.8175,42.29
18.4347,25.92
21.0804,32.13
16.5445,34.66
14.1113,40.69
13.7573,29.56
24.5129,57.45
21.0323,48.79
16.7343,46.36
16.7718,48.77
29.8152,64.89
16.2080,54.73
12.8906,36.28
17.1716,36.80
23.1796,28.21
16.3699,33.23
14.2643,56.09
18.7340,25.57
21.5335,27.49
17.1215,57.87
23.6241,62.42
15.4048,48.35
15.9634,48.10
15.0960,43.84
32.9549,24.28
21.0713,33.06
16.6536,37.60
19.7025,49.60
10.8221,43.89
18.3100,50.08
15.8009,42.68
48.3189,15.15
16.5548,46.80
15.3579,38.87
15.2317,43.22
16.2966,36.05
17.6801,50.02
12.7566,43.51
16.0188,52.78
14.0734,42.28
17.5543,35.48
19.7251,49.20
14.1031,53.49
18.4256,52.43
17.8243,32.90
12.7261,45.86
24.6014,26.50
22.8971,28.36
18.8246,47.44
14.5752,46.01
12.0646,43.80
17.4687,36.66
16.2452,45.22
11.4261,51.04
11.1228,43.96
13.6979,43.55
16.8374,49.10
40.3776,63.96
13.0860,47.70
14.3765,54.41
15.7766,59.17
14.5432,40.75
15.3941,55.13
17.6408,51.44
12.9554,57.03
14.1772,47.42
14.6228,57.19
17.4572,50.37
15.4357,50.54
17.5698,44.74
19.9394,40.01
15.1053,52.83
12.8053,59.57
35.2826,64.65
18.8021,62.78
15.6508,54.60
14.8861,54.54
24.1630,43.20
22.8642,45.08
46.3707,23.50
22.8883,62.31
17.4703,56.24
23.8142,38.83
24.2916,46.06
22.1480,41.42
16.7236,44.68
19.5415,40.33
15.6138,47.65
18.7832,54.25
15.0061,54.86
19.8131,34.08
29.4248,31.35
19.1140,28.56
17.9345,46.61
15.7337,37.63
15.4034,38.98
34.1706,61.31
16.5172,46.59
15.9691,36.13
20.5944,54.01
14.7102,41.74
18.1541,51.58
34.5715,9.25
15.2760,37.89
18.1722,25.30
29.0878,17.17
37.0688,9.24
37.8712,21.23
17.3681,32.31
25.4855,18.61
13.7538,42.71
23.7734,57.04
19.1002,46.85
12.9081,39.32
15.0890,47.64
17.6756,31.78
12.7419,44.82
17.8154,36.70
18.2605,20.15
33.8321,58.70
31.5732,59.77
21.8567,47.13
29.4758,57.62
14.5721,45.61
24.8557,57.58
14.2138,44.60
15.6586,34.23
16.1299,53.40
15.8583,50.20
23.8069,58.10
12.7151,60.73
39.9015,24.13
17.2568,41.87
19.9725,47.74
15.6918,41.66
18.0523,35.62
22.1164,44.29
20.0685,53.25
16.9540,33.92
18.1861,36.68
18.8363,37.41
12.6792,49.01
16.4950,49.79
16.7621,39.70
13.4592,44.52
21.9249,30.13
19.6405,30.67
31.5426,29.48
19.5238,33.58
23.4798,41.63
11.9260,41.53
12.1166,45.77
12.5394,35.91
11.2744,37.54
18.8794,51.85
43.0228,69.66
12.7583,43.96
13.5920,44.35
14.8544,53.90
22.0910,29.61
21.6711,33.45
31.2427,18.63
24.4931,22.79
20.1434,29.32
19.7693,30.96
19.5998,27.57
12.3752,43.68
33.0102,13.12
15.0484,35.90
15.3051,49.53
12.6210,42.35
32.5779,57.64
11.9828,42.84
40.3222,59.00
29.8873,53.26
17.6240,49.57
47.2602,73.79
21.5909,51.60
17.1446,52.19
20.8866,40.89
17.0534,40.07
33.6413,37.86
11.7616,43.47
58.4814,8.31
21.1710,25.97
22.2465,26.66
34.4275,28.90
16.8708,40.83
10.8322,49.17
21.3203,37.17
14.7549,48.50
12.9570,51.08
18.1103,35.80
29.1699,60.09
22.4085,58.20
12.8400,55.21
22.5376,33.28
24.2599,30.23
74.3596,-0.48
21.9950,20.10
24.0182,13.37
24.9661,12.13
17.2555,18.25
21.0945,32.94
25.1309,24.64
15.2871,27.15
23.3414,25.39
17.7523,36.67
23.9615,18.74
33.9279,48.67
29.7971,53.23
39.8676,56.36
14.8491,25.77
14.0722,40.79
69.2121,71.11
54.3272,59.90
30.0949,60.54
31.9712,67.39
35.5236,52.44
20.5563,62.29
13.0800,32.54
12.8035,46.01
17.7879,32.88
12.6981,49.56
19.9116,61.53
30.3380,25.50
12.1856,54.87
14.0550,64.24
8.3491,61.12
13.4285,65.15
11.1595,60.81
26.4209,39.88
15.2091,59.12
11.1504,54.06
27.5723,41.15
20.6876,64.33
15.3416,50.69
15.8898,47.82
20.2263,48.62
19.4594,53.10
13.0743,52.42
47.0880,21.70
31.8513,24.77
27.0389,29.56
24.0115,36.39
23.3262,54.70
30.5532,33.96
13.6065,41.28
10.9447,46.71
20.2100,54.06
17.3395,32.80
29.1596,30.95
14.5461,36.61
20.0894,45.42
26.2206,14.89
16.5685,45.95
13.8709,46.61
20.5807,48.76
20.9811,57.19
21.6601,53.80
21.9153,56.19
21.4624,55.54
19.1962,50.55
24.7039,55.66
20.3241,59.38
39.4982,30.63
32.6491,24.22
23.3589,27.39
18.2001,38.71
18.8312,25.34
14.7819,49.53
16.6277,30.93
14.2423,46.91
19.3999,57.20
18.2475,35.32
17.3384,45.07
17.8121,37.89
17.0313,37.97
27.6150,63.58
20.2315,56.80
12.8192,47.27
40.4329,75.15
16.5468,57.97
16.1503,40.25
34.6582,29.40
14.8168,55.50
18.1861,50.18
15.3725,46.50
27.9898,28.80
13.0489,50.02
13.5803,55.59
19.0965,43.71
25.0394,57.68
20.4459,39.46
13.5119,44.88
33.6252,19.50
23.5375,30.78
17.3951,36.93
33.8202,17.43
21.5080,27.40
19.5886,27.74
38.3104,12.44
27.3566,20.52
22.7220,35.52
22.4763,37.88
16.3053,46.76
26.6394,42.50
19.3184,54.69
29.8627,28.81
24.5317,28.90
16.2400,34.79
37.2862,7.38
50.6368,1.37
21.4653,12.16
43.2165,9.38
23.1969,46.93
13.0964,26.25
20.9421,48.98
41.3590,50.29
29.2925,43.37
15.5283,35.91
25.1273,40.92
41.1625,55.81
20.3066,46.60
23.4710,41.81
18.7695,48.66
14.5242,49.13
13.1992,36.03
23.6920,53.26
30.8564,10.27
64.6206,-1.53
20.8351,23.98
19.9839,25.19
24.1233,33.88
16.9697,33.60
16.2857,30.43
26.9330,39.39
23.7989,54.41
18.8956,42.07
44.3524,24.02
21.3389,38.11
12.8050,41.94
14.5552,25.50
16.3904,46.41
20.3573,50.49
18.0542,38.96
22.4054,54.09
12.9697,50.12
10.6497,39.33
13.1861,47.89
9.9918,40.11
22.6716,57.04
10.7619,43.83
24.1314,52.09
15.5531,51.48
40.1244,70.15
13.7347,51.11
19.5974,55.87
13.3772,45.52
14.7566,59.14
14.3824,49.52
12.2436,46.78
17.8882,61.39
13.1086,46.16
12.9232,47.16
17.7896,50.10
15.0053,44.93
14.4860,47.56
13.8022,45.68
23.5555,63.13
15.2580,59.94
30.1553,72.13
21.9310,59.38
25.2785,47.88
33.3018,31.39
20.8664,51.68
35.9670,24.90
24.6481,36.32
12.5325,50.47
23.5279,32.14
33.6402,25.69
27.7166,26.01
14.2553,42.95
13.8354,32.83
16.0276,30.84
17.9402,26.68
14.2120,40.98
15.7609,46.55
13.4206,31.98
9.6884,42.09
30.4947,20.91
14.3826,41.73
27.5454,12.41
20.0119,39.88
19.3797,25.45
33.6549,13.47
28.1849,11.01
45.6163,0.21
19.6970,23.37
28.4939,46.68
26.9543,27.45
39.8878,57.03
24.3300,24.11
40.7312,61.24
60.8188,73.91
14.2869,40.73
43.8499,61.96
25.1962,21.63
21.5334,44.05
17.8803,49.96
23.8418,31.96
26.3920,10.66
21.2843,39.76
28.2842,57.20
13.1642,28.57
34.2536,2.43
26.1554,23.75
51.0554,-7.27
31.2966,22.83
32.4017,44.06
23.2347,50.05
27.7554,55.07
27.1677,56.46
23.1087,27.78
13.0263,35.23
15.6198,44.45
20.1702,21.52
15.2497,24.84
29.5965,58.92
25.9502,59.16
9.0516,40.37
24.8081,44.33
14.9881,49.47
14.7585,40.67
19.9000,55.66
12.7207,53.96
36.2793,66.02
22.9348,62.03
18.5160,61.33
18.5089,54.21
13.5021,51.82
17.5145,50.46
12.5333,43.92
16.4359,49.97
13.2832,51.40
16.3367,63.60
19.3247,59.05
15.5033,58.06
14.2757,53.92
13.9297,60.26
22.2324,37.24
15.6537,48.50
49.5005,31.23
20.7507,44.14
24.4889,30.62
22.5967,47.34
28.5120,38.77
23.5409,28.01
24.5459,36.96
13.6750,52.83
16.8762,39.33
32.5283,16.77
28.9629,25.27
18.4346,45.31
12.8350,47.48
15.2590,59.79
15.1797,42.28
14.1679,51.02
10.2166,39.28
14.7065,48.48
15.5533,45.48
25.8601,28.19
20.7501,35.36
21.2688,34.32
28.2792,20.06
24.5010,26.29
18.9946,47.89
34.2615,55.59
19.2825,50.59
23.8941,55.92
21.4768,22.91
23.0464,28.94
17.7853,25.48
17.9111,21.92
43.5333,12.79
20.5184,33.14
34.5563,2.87
16.8516,25.88
21.8646,7.58
32.8038,1.16
17.9336,33.29
14.2407,38.62
27.2705,8.27
24.8235,38.14
28.7828,3.58
26.7767,12.52
16.3257,49.36
36.7163,55.16
49.3672,37.61
49.7160,62.20
27.1416,50.39
29.6829,57.24
14.1656,29.01
41.1119,61.65
29.7218,48.07
23.2888,50.25
9.1526,42.37
37.2121,66.11
16.4635,40.18
19.8278,30.31
13.7466,37.40
10.8244,43.23
17.7637,50.31
26.9707,56.51
38.0103,67.16
16.8290,51.59
12.3291,48.70
19.9324,63.75
13.7373,47.64
15.9708,45.87
18.6329,41.42
20.4183,38.91
16.1646,37.06
35.7341,40.18
17.0732,52.15
13.9467,57.29
14.2553,46.14
12.6194,46.75
21.3148,61.23
18.2582,61.42
23.3825,39.50
23.2680,63.69
32.4919,70.85
14.8605,66.37
16.3013,42.76
26.6570,36.99
69.9276,14.96
39.0074,19.67
29.4071,37.57
33.2699,35.10
34.7440,32.09
22.2484,42.50
48.7543,75.76
20.9171,68.73
12.3443,45.09
12.6877,49.52
17.7542,37.07
20.9233,51.04
22.3013,35.03
12.2987,51.42
13.6655,43.22
18.1072,62.39
13.7945,45.97
21.4853,50.56
16.2044,49.36
32.5165,34.31
20.3085,46.95
23.2249,55.84
15.8276,47.47
40.2306,26.28
12.4972,34.46
24.6847,26.21
24.1599,27.84
14.8781,46.50
15.8554,55.26
38.6420,40.12
17.8295,48.51
24.3025,59.93
22.6986,42.69
27.2738,57.73
29.4714,69.89
20.8514,54.74
16.2886,54.20
19.1860,55.92
13.3726,48.64
13.4127,46.91
17.5207,60.06
16.7333,63.71
26.8543,72.73
15.7420,60.73
15.0057,51.42
12.6044,63.93
18.1195,68.08
20.3446,61.97
15.5945,66.91
13.8043,53.74
16.9170,50.72
16.9278,42.68
23.9246,38.40
23.2730,38.79
37.6410,23.27
20.2214,52.19
18.8536,43.57
12.7813,49.73
30.2694,37.96
15.9759,55.76
17.8971,51.76
32.0709,23.27
21.3049,50.12
12.8822,42.32
23.7531,32.18
15.3737,43.94
23.6096,62.96
13.6390,50.99
30.2492,64.30
30.2086,32.92
31.4305,13.55
15.7466,47.31
14.7710,42.79
24.0384,57.44
22.7879,50.38
39.1896,64.45
18.1862,62.73
40.8379,70.05
23.7397,64.12
18.0501,61.70
19.8874,70.55
15.4445,59.55
17.7031,56.75
15.0255,45.42
18.4206,55.27
23.7334,37.61
15.6412,65.42
33.0307,40.05
26.4044,38.86
14.8729,36.68
22.6128,34.50
31.2033,34.72
25.7385,39.95
13.7893,52.77
24.1947,33.51
16.7053,52.32
16.4322,53.30
16.7477,55.08
15.2640,52.49
19.5177,37.50
21.8655,51.41
27.5357,26.60
14.5356,41.91
14.6646,45.42
29.6523,68.79
11.6845,45.11
22.7979,60.45
14.1571,56.87
25.9258,63.39
32.1169,69.26
17.2639,55.48
15.6773,53.66
12.5701,46.75
13.0105,40.10
22.6048,37.55
14.9373,37.01
22.5198,53.65
17.8155,56.90
20.2570,55.43
33.0324,22.06
15.2853,46.06
18.3752,38.52
15.5342,43.27
11.9347,45.32
29.7653,63.82
29.2374,63.47
11.0412,56.16
19.8782,64.20
22.2596,46.90
11.0526,48.06
41.8449,23.46
27.6236,26.33
13.7191,46.16
28.3394,68.38
33.5343,41.13
22.9827,68.84
22.7107,66.58
23.1081,65.68
15.2976,49.09
17.0708,56.26
34.0193,35.24
15.4193,60.09
14.7943,45.69
14.4108,57.84
15.7553,52.63
15.8962,53.14
20.9106,58.02
20.5461,60.63
17.2896,47.16
18.8974,45.39
13.2314,58.31
21.2778,35.72
13.5861,43.60
20.8103,39.58
21.9719,37.05
16.1095,55.73
16.5250,46.36
13.7542,47.88
14.6816,45.91
16.8566,60.41
22.7822,60.25
19.3278,55.90
15.7494,55.28
14.5973,46.88
11.7888,43.55
25.6461,46.25
28.9107,38.22
15.2947,40.01
13.0277,43.08
18.6678,30.64
28.5916,25.42
38.9846,12.56
17.4000,41.36
23.2799,43.63
26.6461,21.16
15.0847,36.68
16.3030,36.34
20.8395,51.02
19.2413,33.24
16.2529,50.31
21.6674,38.05
16.8429,49.84
21.7159,48.81
18.1661,50.31
25.0057,49.63
36.9867,74.67
16.8785,38.86
20.5623,58.62
16.8401,36.80
17.4350,65.51
15.4458,57.05
27.9412,60.45
48.3869,32.10
37.1752,78.34
25.8831,42.23
15.2921,55.20
15.7011,56.76
13.8197,56.69
20.9625,58.05
15.6966,54.61
20.1615,39.67
15.4109,47.80
30.5291,29.18
28.1139,29.80
27.3715,26.43
24.5272,34.13
20.4369,33.26
12.9868,43.44
18.3601,37.08
16.3037,49.63
26.8722,37.33
30.2446,42.76
28.0238,38.52
16.7113,34.54
27.9806,49.54
28.4015,26.16
25.5762,67.75
18.7160,54.89
27.3909,50.51
25.1495,60.41
27.2263,34.45
11.1065,50.99
33.7660,49.08
39.5298,64.90
47.3483,70.78
16.6308,59.82
23.0274,59.30
15.1269,50.70
10.9729,46.84
13.3934,56.02
12.7770,42.26
15.9886,40.23
16.1854,45.64
23.2686,49.89
23.3752,56.18
30.0324,70.05
25.2567,40.42
22.8730,66.14
13.5960,44.03
33.6094,24.11
16.1082,43.10
46.3167,28.14
28.0984,32.24
29.7249,29.80
32.3350,34.60
21.5998,47.62
24.6796,56.22
15.8868,64.30
16.1329,62.15
13.7939,58.22
13.3781,61.57
27.4744,70.57
11.6098,54.81
16.6469,50.69
12.8050,54.66
17.7176,65.33
32.8814,34.73
29.5137,67.52
16.7539,51.96
14.3976,54.07
14.5932,40.28
13.6336,50.86
11.8018,43.67
18.9329,43.49
27.0752,31.53
22.1993,36.33
51.8286,12.88
35.6313,20.30
19.2438,34.24
22.8289,69.18
14.2142,54.00
15.9892,63.54
18.4020,66.28
13.4008,52.09
25.4803,32.26
16.4682,47.38
20.5233,57.93
20.6678,34.84
20.6686,54.74
29.4660,60.96
11.1734,49.30
30.2542,64.08
20.8102,64.83
16.2285,60.64
14.6031,59.10
16.7801,59.80
29.1053,45.32
22.8601,35.30
27.4955,29.34
13.5347,43.18
15.0435,37.83
14.0038,42.54
20.7647,48.43
21.0083,54.03
15.7491,56.38
19.2711,59.94
23.0866,43.93
26.7486,32.81
16.0261,46.81
21.2769,61.16
18.2146,46.48
15.7326,51.30
18.7716,58.60
15.1644,40.42
17.7860,37.58
23.8385,26.96
23.1142,26.56
16.3940,47.21
16.2976,45.82
26.1270,60.03
12.3618,54.46
13.6671,54.95
18.9632,44.83
17.5181,37.26
19.2223,43.68
21.3940,37.56
48.8860,18.30
17.8626,38.07
39.4105,25.77
14.2959,43.97
24.2692,17.55
16.3357,38.19
26.4980,13.32
21.5824,26.88
20.8114,52.43
20.7681,54.72
31.7976,47.35
38.2017,69.69
32.6641,68.48
27.9991,66.54
21.0216,53.31
17.5081,28.46
15.6161,48.49
31.8863,32.40
23.2479,30.52
14.9919,28.60
18.3475,23.11
14.8761,43.06
19.2096,29.24
15.9556,53.02
15.1459,39.54
14.8544,54.88
16.1725,39.06
14.4555,28.87
17.6309,32.29
23.5444,46.16
18.2569,60.63
17.3097,51.80
19.2412,41.28
19.4313,49.85
24.1800,45.66
14.0477,54.86
17.1208,47.70
15.2539,53.24
37.3320,50.86
17.7032,58.69
60.4332,7.31
52.1097,5.09
23.1149,18.63
23.0129,34.89
24.6576,33.46
11.6260,35.50
31.0899,63.68
31.6317,69.82
25.2848,39.55
24.4343,62.60
17.1957,56.51
18.3788,38.13
19.7186,56.85
18.0021,59.84
24.6296,31.68
14.8512,46.42
11.7175,36.33
21.8327,23.17
19.7328,36.20
17.2315,41.40
24.4591,55.79
20.6435,53.29
14.2074,57.34
13.7458,51.35
13.4432,48.94
26.3150,21.46
18.1780,42.19
22.3592,51.49
30.4407,12.61
20.6917,60.77
19.4419,56.22
24.7504,53.25
20.6653,57.65
15.3289,57.03
22.3291,61.70
14.8390,41.89
34.3429,73.13
18.2950,54.66
24.4860,64.53
14.7912,43.88
16.2970,51.35
22.2574,60.42
27.7078,44.39
14.6324,53.11
21.1587,47.86
30.4191,37.28
18.5162,36.50
50.4591,16.79
19.9579,40.07
13.8760,51.67
18.0987,33.43
12.1875,50.23
23.3677,65.62
18.5150,61.75
10.9106,52.59
18.9995,64.35
20.0809,64.71
14.0732,57.69
30.5970,72.35
17.9893,66.10
26.6195,68.46
15.7736,64.73
23.9733,43.05
33.9650,34.55
13.9072,46.49
13.5869,67.83
13.3253,61.84
42.0229,77.40
16.9653,59.44
13.0145,53.06
12.3659,52.71
11.2875,55.28
16.0143,53.18
14.0219,63.39
29.7071,62.37
26.0114,65.25
13.8330,63.30
15.4835,61.68
13.7088,62.46
40.8004,31.53
19.9483,62.21
19.2951,45.07
37.9159,76.24
16.5911,54.46
23.1606,77.54
12.2661,55.55
26.2580,47.04
16.6375,65.40
17.9952,60.31
28.1664,36.29
17.4397,43.08
20.4826,45.78
17.0155,51.33
12.2081,47.32
12.8420,44.45
13.2647,59.16
25.9213,52.11
21.0989,42.06
26.9164,33.52
18.0902,47.27
13.2674,54.76
15.8840,54.68
16.6790,54.72
15.3528,46.38
28.7271,30.90
12.3397,45.28
19.1918,42.20
35.4466,17.96
14.0580,43.29
14.6706,30.15
19.0906,20.01
48.7314,18.89
16.7429,42.96
29.6101,12.77
21.0314,49.12
27.1945,28.66
19.7699,58.73
20.0939,44.94
15.7419,43.38
17.0458,24.35
16.2618,33.88
30.2084,54.68
18.9615,52.11
21.1383,46.01
15.3435,34.83
18.7184,43.66
18.8986,36.09
15.6174,47.03
35.9177,69.40
32.0133,69.89
15.8318,46.49
28.5964,63.69
37.4148,60.50
22.9087,54.94
21.8908,38.30
16.2257,60.19
19.8401,28.30
17.4714,44.97
16.4834,54.19
20.3353,54.50
17.9799,43.68
21.3974,66.21
26.7950,65.84
12.9421,48.81
17.8188,37.65
14.6294,42.99
24.1888,38.62
13.3439,57.02
19.0041,58.95
14.2214,45.27
30.2611,76.94
21.8703,67.31
15.7327,43.97
12.6379,56.67
20.0854,49.71
14.7481,52.90
15.1371,56.54
41.6580,24.04
49.8827,34.58
20.1863,42.67
20.0889,39.09
23.5521,61.65
17.7175,45.21
17.8463,38.79
14.0823,52.86
14.6360,50.23
21.3029,68.59
47.2373,65.71
22.8891,40.51
18.5763,67.50
17.7328,61.91
15.7984,54.59
11.0174,50.33
18.4832,60.64
13.1442,57.67
18.5777,63.16
26.7167,61.07
15.3493,53.43
19.5591,42.09
17.1923,57.42
16.9417,68.36
12.0567,61.90
25.4598,66.66
12.3151,56.82
16.1485,53.44
14.6423,71.63
16.4701,70.39
28.1913,49.01
11.9290,58.16
18.4423,58.44
22.8365,46.92
21.3371,60.53
13.5510,62.08
17.5536,63.68
15.6798,67.89
13.5957,61.98
23.7494,45.71
15.8935,60.06
13.8036,59.65
16.6378,46.75
13.3723,55.33
13.5258,69.70
14.9090,59.34
21.6946,56.60
11.9690,60.81
15.2504,58.78
22.0175,50.98
12.2619,56.36
21.4450,67.41
15.3492,47.74
42.5164,86.03
13.0619,52.07
15.0784,61.39
16.3538,62.96
16.5384,59.89
27.6733,55.07
20.7720,48.28
36.7357,33.53
16.6180,46.32
30.6107,34.00
15.3695,46.57
14.6261,59.71
27.3349,34.78
17.2068,49.05
14.8785,48.85
39.7628,30.70
28.4452,47.87
25.2125,65.99
11.6274,57.52
24.6535,34.86
30.0761,18.27
25.8565,25.41
13.6010,33.54
14.8326,48.51
11.5492,33.91
27.9663,33.25
20.6826,26.21
16.8732,40.84
34.1019,9.88
22.9123,27.73
15.8289,50.09
25.1420,47.19
19.0147,26.56
27.9869,58.65
25.0445,57.57
37.2355,58.80
13.9667,44.26
22.9202,56.78
30.4740,62.69
12.2812,41.40
16.8625,41.19
22.8231,62.99
19.3959,56.77
28.3673,57.14
30.8316,63.86
20.4476,58.58
16.2159,48.14
15.1571,52.85
21.4400,41.23
9.6746,50.32
28.8012,68.64
12.3261,52.83
13.8358,61.12
22.5184,54.12
12.1596,54.76
17.0963,51.02
13.1056,57.29
11.7368,59.85
19.2961,42.85
21.8972,37.77
23.3842,46.60
13.8770,50.45
16.2716,44.39
17.8297,61.35
18.8726,41.99
21.6235,58.78
15.5147,53.69
11.0004,53.67
10.6135,50.57
10.5215,58.68
19.6839,58.87
19.5119,66.17
26.5436,70.39
12.5973,57.97
21.5821,41.61
16.1963,64.38
16.8024,44.04
33.3629,39.38
16.4250,47.85
18.7316,48.31
27.9988,33.38
18.5040,60.64
21.6202,72.65
28.5348,70.73
22.2125,34.86
23.0858,55.86
21.2530,49.60
41.2855,37.16
19.5417,55.86
16.6510,51.71
30.6202,19.36
16.1041,51.39
16.1684,41.85
19.4034,51.57
16.1466,32.21
11.3653,58.85
12.8625,43.92
17.0589,57.97
19.3261,34.51
13.9638,41.42
12.9601,52.20
30.9825,58.01
24.3513,54.15
16.5856,39.18
11.7661,48.81
16.3681,64.69
27.2280,61.24
17.1720,51.31
28.1274,71.48
15.4789,48.87
23.0370,30.89
23.5457,53.83
24.5430,30.87
21.8166,54.83
10.9854,43.92
26.0730,65.49
32.2058,76.91
30.8442,65.25
21.1394,63.18
27.2289,70.35
17.5584,55.35
18.6320,48.76
15.0329,45.42
26.7096,50.49
17.0170,61.67
35.0495,30.73
32.1571,32.70
32.0852,31.18
40.7741,22.21
12.7685,44.82
15.8254,60.18
19.0241,46.77
13.6066,62.36
17.7711,53.97
14.2845,63.30
15.1812,51.78
27.8849,33.31
19.7633,31.57
14.7924,47.93
14.0233,58.85
16.4278,59.83
30.9909,64.26
24.2822,66.06
15.1907,46.34
12.0724,58.59
12.0884,58.03
23.0979,71.95
23.1463,74.17
21.7159,66.66
20.8653,68.29
27.4520,78.69
23.7059,37.66
15.2732,56.15
15.0977,47.14
18.1132,65.45
17.3849,63.78
19.9500,57.05
17.7086,70.67
13.4661,58.01
32.3649,76.47
21.3865,60.95
28.2776,55.25
16.5581,63.92
19.5022,53.06
25.9200,51.49
23.4661,50.88
18.5540,55.16
16.9237,73.46
17.6237,61.70
16.3666,51.18
13.8766,60.84
18.8050,63.44
17.0634,70.56
13.9055,62.64
25.3160,44.29
16.9672,64.19
15.6378,61.50
22.3394,67.77
14.5577,52.45
14.6367,64.85
16.2205,66.46
17.6540,58.81
18.4086,72.64
14.5321,50.04
12.9617,58.30
14.2649,61.58
13.4137,58.84
16.4649,54.56
18.2849,61.00
14.5080,55.38
14.7356,51.37
17.9858,57.42
23.2315,40.69
22.4380,66.71
15.8082,65.69
13.4613,56.98
27.7018,40.14
17.5032,51.79
12.8540,63.32
14.4007,51.72
12.9609,52.17
13.8504,54.41
14.8492,48.18
12.8470,61.36
13.6924,58.11
16.2276,55.85
10.6244,57.35
13.2942,59.00
17.8684,69.60
23.6903,62.37
27.0370,73.48
15.9443,60.12
17.8902,63.88
17.4602,59.06
21.3078,53.11
14.5982,58.03
13.9616,52.46
16.1382,55.85
19.4092,40.25
13.8589,60.40
16.5132,61.70
27.2993,36.67
24.9205,37.40
21.6248,49.39
14.3627,60.34
14.6555,50.96
14.4979,43.47
26.6399,64.55
18.4563,48.75
25.6323,42.91
20.9377,42.56
15.3573,56.67
19.2453,38.40
17.8898,51.73
34.7331,33.00
51.8613,23.55
37.5557,16.19
47.2334,24.31
49.1483,8.54
15.8889,46.21
20.2659,54.08
25.1383,61.29
22.2875,49.32
23.2575,53.96
14.5424,48.97
29.9441,67.76
33.2453,58.06
29.5060,68.39
18.5072,58.59
20.1401,53.11
15.8579,48.92
17.2624,55.24
29.8740,61.87
47.0313,36.29
41.7789,71.59
23.6102,47.05
25.5319,63.57
19.4044,44.00
41.2020,81.10
20.7918,36.13
17.9741,58.31
17.8879,64.69
23.3996,69.36
20.6790,35.65
12.9621,55.67
27.0865,37.52
24.2283,45.00
12.1977,54.85
14.1394,50.83
21.3930,39.58
17.2728,42.69
25.6255,65.72
20.0311,62.06
13.2544,49.40
14.4158,56.54
15.7113,63.95
16.5575,44.81
17.7867,63.11
27.4789,56.83
23.4300,42.64
42.6641,25.20
22.6069,39.12
52.1345,17.02
18.7794,34.86
15.5368,37.83
50.8955,12.84
10.6747,52.24
12.1107,40.20
11.2883,37.35
32.8286,61.27
19.3341,61.07
26.0971,61.54
16.3076,53.69
20.4647,55.00
16.0756,56.19
15.2294,45.99
22.4888,34.48
11.6405,37.38
16.9393,43.21
12.6710,34.80
27.8490,56.96
31.5342,62.93
14.9562,47.77
36.7324,77.76
37.1101,76.94
17.1781,38.44
56.7711,8.33
28.5136,21.30
15.0516,46.19
15.6138,54.41
16.5403,53.42
12.7867,58.04
19.4128,58.77
14.0159,55.96
13.2719,44.36
24.2086,68.35
12.0391,49.10
17.6147,42.51
12.9468,52.30
16.2163,53.38
13.0016,51.31
41.4180,72.47
16.6283,63.76
19.8533,42.94
13.6969,51.07
14.4237,49.22
21.9731,36.57
21.6329,44.56
15.9851,49.40
31.9582,34.62
26.7778,27.20
25.0273,41.97
32.3642,25.22
17.1146,39.70
16.1322,51.60
17.9138,49.40
45.1639,33.51
24.9326,38.14
27.0719,24.26
29.4495,37.71
16.3557,26.03
20.4225,28.47
12.1165,40.13
14.4123,49.65
11.4959,37.34
20.5700,57.89
26.2278,62.29
14.0072,36.67
31.2742,63.63
25.6017,58.82
21.2472,44.73
23.2404,60.31
19.4340,57.34
15.8508,35.97
12.1272,39.13
17.9714,54.42
17.7194,50.76
36.5224,66.62
15.1874,48.72
11.8881,52.43
30.8013,36.08
16.4841,48.80
16.5530,37.98
20.4026,40.91
18.0146,58.68
52.3459,65.54
39.5177,75.58
25.9888,65.80
22.6634,66.64
15.2116,64.21
16.9810,65.83
16.3532,57.59
18.6013,41.01
27.5777,40.96
15.7014,48.14
18.9808,46.72
14.2088,54.61
19.5550,52.05
22.3263,36.86
13.3187,60.77
24.9665,36.49
24.3537,38.25
17.1297,48.35
28.0150,41.54
19.9563,61.16
24.3403,52.17
20.9599,39.15
14.9512,53.11
25.4813,29.89
17.0157,41.44
26.8433,23.72
25.3736,63.89
27.5402,71.78
43.0627,78.22
10.8562,50.30
13.6890,59.69
14.4871,59.43
17.6976,57.67
13.1263,52.15
22.1540,49.68
16.5898,59.71
11.8637,48.91
18.8930,55.80
15.8376,55.58
16.0443,62.90
17.7151,53.21
15.9341,59.72
21.7284,35.89
33.0824,26.99
30.0481,25.32
13.9883,48.43
13.5275,42.10
12.9546,47.79
17.5915,35.51
19.5520,48.50
12.9469,44.77
30.6441,29.75
51.3522,6.46
17.3271,31.61
15.6499,42.24
26.6793,46.68
22.7406,40.24
27.8741,63.35
10.8110,41.45
33.8195,68.30
17.5267,49.19
12.3029,45.55
21.0034,24.53
27.9044,23.25
15.0615,43.59
18.1193,36.88
27.5851,55.03
24.8229,57.28
22.1113,57.53
18.5072,27.60
35.2127,67.52
24.1100,60.76
20.2312,62.43
19.8003,26.97
24.5897,67.76
22.5883,55.67
12.9261,41.67
31.6913,69.26
13.1149,46.09
18.5379,46.64
28.8638,58.17
14.1211,57.09
17.3401,41.33
17.3401,55.21
9.7387,53.64
12.7628,55.73
27.1532,31.51
16.4800,53.62
15.6267,62.27
22.8582,47.46
12.6256,47.18
22.6944,48.76
19.0134,59.85
16.5968,63.27
20.7498,55.21
27.3161,41.96
17.5903,54.44
11.1724,56.70
17.2778,45.12
16.3310,58.54
14.5977,46.49
13.4063,53.85
15.0424,53.47
13.9625,52.19
16.2314,57.62
20.0226,66.75
15.8249,64.78
15.2047,56.64
14.9133,53.25
22.1105,70.64
20.4626,51.18
13.0135,51.20
12.8255,58.98
13.4299,51.47
14.0811,54.14
20.6801,46.31
48.5168,19.15
21.8410,36.27
22.7804,35.43
14.1134,42.91
12.4081,50.60
36.3786,68.18
17.0643,56.48
18.4426,37.66
13.7993,42.59
23.1584,32.29
51.7815,15.21
45.4727,23.95
28.9693,19.44
13.9419,51.87
15.3411,54.00
26.7618,66.21
48.1858,80.90
43.3173,76.52
25.5753,62.95
29.5770,66.77
34.5571,69.96
28.5845,63.30
22.4541,58.18
18.6675,64.78
20.2743,49.18
20.6455,39.50
15.9275,47.37
15.3336,53.23
16.7801,44.09
12.1143,47.43
16.7993,36.21
20.5175,35.33
32.4753,34.74
11.4787,50.72
14.1864,51.59
12.2258,58.13
13.5766,58.38
28.9152,70.82
17.0011,48.71
25.9587,69.90
16.2770,40.60
21.2172,68.50
26.0519,65.22
16.0039,43.01
15.3271,53.19
19.3363,68.85
21.8521,54.53
18.4712,66.41
32.8958,79.67
25.1905,74.39
11.0371,58.16
19.1138,60.88
36.9001,48.45
21.6166,59.95
36.0606,35.79
19.1611,47.61
22.3810,69.85
29.7549,74.92
21.0681,61.03
15.7308,63.28
20.6440,67.06
15.1259,53.20
42.2573,33.90
14.0839,53.78
13.2195,62.45
17.2934,60.74
16.6365,45.54
13.1180,59.84
12.0162,64.71
16.7055,67.75
12.9244,59.34
21.9423,47.95
14.1833,61.67
12.3043,57.61
10.4771,67.53
14.4629,59.58
13.2676,70.42
18.4997,46.42
11.5677,62.75
15.0329,67.25
15.6197,66.60
18.5073,64.71
16.1425,53.54
34.9350,77.08
14.2786,61.63
19.3224,75.42
16.6341,69.41
16.5556,71.04
13.5465,65.44
14.6711,66.90
15.7270,69.22
15.1450,63.12
13.3818,65.00
14.3540,61.14
20.1247,59.32
20.4028,54.34
26.7953,42.12
22.2843,75.34
14.1626,66.11
12.5698,65.20
12.8923,66.71
14.2911,62.58
15.5248,65.28
11.4522,63.07
17.6159,53.81
16.8006,54.73
17.6048,54.43
21.9979,64.38
15.8947,48.08
30.1964,47.37
17.4894,59.06
16.3343,62.61
14.3610,61.63
19.0916,64.49
19.4101,65.30
17.7717,61.63
19.3001,63.52
16.0520,53.42
25.7677,69.82
13.7590,62.20
16.8175,55.70
19.3851,66.00
17.7003,57.64
13.0177,55.49
14.9620,52.21
19.8194,68.64
16.1005,55.50
19.9332,51.27
15.2763,65.76
26.4579,78.82
9.4646,51.22
19.7718,74.17
15.1015,51.29
18.1052,45.09
12.7409,56.66
12.2579,58.59
21.9461,47.63
17.0020,48.08
25.1169,48.59
17.1629,50.70
15.1059,65.43
13.6106,49.75
14.1221,52.36
14.3923,59.33
15.5354,50.38
14.4382,56.92
12.6939,54.08
16.3762,49.57
14.3888,58.77
15.7381,57.87
12.8654,52.95
18.4056,59.99
25.9473,66.38
20.4217,33.31
26.2538,67.29
18.3834,64.05
17.8632,54.54
15.5324,63.42
14.8748,50.44
28.6965,71.70
24.2237,45.70
10.8745,55.61
28.9658,32.15
17.8186,54.24
11.5237,58.26
17.2366,50.00
15.2265,48.50
15.7864,47.05
25.7740,58.22
25.1853,54.64
22.1970,67.38
23.5769,49.57
15.1826,61.83
18.0158,50.95
13.4330,46.88
27.9870,35.54
15.0688,54.13
21.7183,31.92
17.6607,40.12
13.8037,41.65
14.4487,55.70
21.9537,66.97
14.8814,47.60
18.5067,35.57
24.9201,37.89
12.3641,48.81
20.4543,38.30
21.6872,29.85
22.0551,34.91
13.3743,39.52
15.0005,48.42
9.8082,48.62
35.1071,67.87
15.5321,55.09
38.2334,78.11
13.1600,54.75
13.5674,48.32
12.4458,41.37
17.0978,44.53
22.7665,58.84
14.6179,44.81
18.1649,56.75
11.4458,48.12
14.9104,54.96
23.1774,28.48
19.5532,40.43
14.4781,36.32
31.8871,63.59
22.5825,53.02
18.2703,52.65
12.7618,52.09
28.6703,68.03
24.8936,36.86
23.3422,35.46
19.9060,40.48
30.4881,33.60
26.2032,28.06
16.8494,44.35
13.2885,45.66
20.2126,57.61
19.5757,61.07
21.1644,63.32
25.8217,56.20
35.8208,70.67
15.7982,66.12
22.2351,61.77
10.4203,57.13
16.2113,55.82
17.5539,47.81
12.2920,61.40
31.0590,57.33
12.4671,54.92
16.0158,55.98
10.5044,52.99
11.7656,66.88
23.8104,33.36
31.3446,27.86
21.4986,45.03
15.8428,44.78
11.4480,56.33
19.0618,55.66
15.6011,67.47
20.1569,51.52
18.0226,43.89
18.3846,40.62
17.7899,43.48
25.6959,29.20
14.5666,45.10
15.4477,43.51
11.7309,52.49
34.2991,21.83
45.9514,77.84
15.0175,40.63
17.0738,60.61
10.7497,45.37
12.7628,45.85
13.1166,39.05
14.1716,50.02
13.1705,40.14
17.1193,36.61
30.9027,13.85
28.4944,22.80
24.6895,18.73
21.0387,24.85
25.0794,18.80
14.5156,46.86
12.9625,52.28
40.6593,59.40
39.0298,56.10
27.4728,63.85
20.6791,51.60
30.7484,65.60
45.3162,71.75
19.1578,57.96
16.2782,55.28
21.2344,59.50
11.9732,50.53
21.0669,63.25
16.5741,58.94
15.2748,64.90
28.2403,68.39
19.5063,54.78
10.7907,56.03
12.6324,54.05
11.9583,58.86
14.2070,66.33
14.6357,63.11
17.2125,52.29
12.8191,70.54
13.2327,61.41
16.1410,64.34
16.1325,56.41
35.4297,35.04
43.1419,31.28
20.4156,47.49
15.7539,55.44
20.2158,50.29
12.0972,59.44
14.2917,52.60
19.5131,61.12
26.9235,78.81
11.2121,56.94
21.1926,68.77
21.4916,72.61
19.1306,58.64
18.4267,53.09
27.2077,71.46
21.0212,55.97
14.4922,60.30
27.2206,55.49
19.4796,56.54
20.5212,49.57
14.9082,46.54
18.3143,64.18
14.7988,57.34
15.9571,49.18
16.2437,48.85
13.1320,54.88
24.0081,46.71
14.9419,52.36
56.3851,15.90
17.9029,43.34
19.8315,36.44
24.0135,34.54
15.3313,40.61
28.2470,51.62
20.1177,69.19
20.2292,61.77
18.5807,32.59
15.7651,43.42
17.6460,46.37
20.9375,59.82
13.2209,60.44
21.7568,54.52
21.9397,58.00
20.8674,56.95
18.6177,59.51
15.9458,42.85
17.1283,53.67
18.2378,54.08
19.8379,59.12
16.3540,38.63
16.3198,46.53
14.4696,51.25
10.7411,50.97
39.1600,24.41
13.4381,48.03
38.0571,37.04
53.5098,15.45
35.4399,29.12
21.4356,29.80
16.0310,37.85
13.0238,42.55
12.8182,54.99
16.4323,45.87
15.2926,31.51
13.8111,44.54
15.1678,51.02
16.3785,54.57
29.3092,58.51
15.9452,46.20
14.4178,48.75
28.6146,63.83
33.4063,69.06
50.9770,74.96
13.1921,59.49
36.4227,68.65
15.3231,52.98
12.5299,43.05
13.0028,43.06
15.3735,43.19
15.8595,37.62
15.6239,40.42
13.7604,46.66
16.9982,49.22
13.8265,55.09
26.9747,26.20
20.0383,58.17
24.2427,69.72
15.1379,64.14
27.9940,74.29
19.1041,41.18
16.5603,69.07
21.4774,58.52
48.9945,20.57
22.9000,50.87
18.0154,43.99
13.3513,41.12
12.5903,56.81
19.9869,50.78
21.3195,68.27
15.3390,50.06
29.5489,30.96
18.3813,40.79
23.8674,59.40
16.2983,40.41
12.1393,53.92
17.6121,44.95
27.5134,71.77
30.0725,71.53
28.8439,52.94
30.8470,69.69
14.3910,66.45
19.5631,56.08
19.8102,63.20
20.5656,65.19
23.7720,65.74
14.1608,60.98
19.0200,51.45
22.4846,43.55
19.3462,61.88
25.7001,46.06
23.2677,42.96
16.6451,46.90
18.9708,45.86
16.4019,40.86
21.5949,55.52
38.4255,30.80
60.1712,19.42
21.3760,37.85
16.4828,42.33
23.1721,38.62
14.1558,50.25
21.8428,27.58
22.0491,53.61
28.9585,68.66
13.3470,43.77
17.3079,53.18
15.3008,45.14
9.3602,48.64
12.8682,42.54
22.9461,60.36
14.3559,58.18
11.9413,54.59
15.5534,51.97
39.7547,76.94
15.4510,46.76
35.9350,66.50
24.0043,63.66
16.6682,27.74
30.4982,37.01
14.2471,42.10
18.9221,48.11
17.9741,39.91
14.7249,56.98
26.0856,48.39
12.9765,35.94
32.9304,32.97
21.5790,51.73
16.5766,57.54
11.7751,48.35
29.5902,62.35
13.1475,45.96
19.7633,50.76
16.6344,62.36
24.2614,39.25
27.1773,54.57
16.4964,33.72
17.1380,66.59
11.4876,45.57
20.8660,40.55
12.0248,56.57
18.1504,42.00
21.7370,37.74
21.0714,62.76
27.5466,63.50
11.3425,56.97
14.9333,48.40
13.3116,50.75
21.1837,39.11
19.3299,37.48
18.7117,37.19
12.2423,49.93
24.6550,59.08
9.6876,44.99
16.9767,47.52
12.6236,50.15
18.8637,37.57
18.3862,48.96
17.0836,42.98
15.1496,48.01
16.5571,47.94
12.6854,38.61
15.7531,32.51
12.8154,51.72
17.6640,59.89
12.1844,43.70
24.5670,29.18
16.3788,43.22
29.2838,23.62
18.9866,33.58
11.9699,47.59
14.0490,39.00
20.5893,34.39
25.0180,64.30
36.5331,17.39
8.6873,39.16
19.8192,47.13
27.9614,53.26
28.9870,65.73
17.8855,58.13
12.6688,46.37
14.0117,49.47
13.7929,60.22
12.7396,46.77
69.4095,81.55
13.2235,47.45
14.4681,49.61
40.8937,18.59
32.2628,31.49
13.7135,41.73
21.5528,49.06
13.9517,44.46
13.1362,49.87
8.9144,47.61
13.1701,46.71
28.9191,68.15
16.1830,44.07
28.9170,64.68
23.4930,43.38
27.4524,57.99
13.0488,55.17
15.7901,37.01
16.0769,38.12
30.9849,21.10
27.9920,32.55
19.4764,60.66
25.3579,37.46
33.0778,19.98
37.7284,17.57
36.4507,17.95
28.4548,16.76
15.8615,49.03
18.5472,35.92
24.4244,52.68
25.6903,49.21
14.4125,43.93
25.5574,59.02
23.7236,65.99
18.7807,53.62
24.9836,62.20
17.8817,47.47
21.9259,53.33
27.5707,58.17
13.7042,50.17
21.7975,56.92
9.0822,44.69
15.2722,35.88
22.4611,30.77
14.0828,34.69
17.7381,40.65
12.9644,39.73
38.8878,20.19
16.5375,36.73
17.7607,58.05
25.3214,53.44
14.4022,32.11
14.8820,42.24
13.9972,54.75
16.0050,53.58
23.6965,27.95
41.8385,38.24
26.2444,55.99
55.1248,9.94
21.0062,27.15
13.3965,30.62
10.8220,41.05
14.6596,56.91
10.4623,40.46
12.2897,47.34
22.8957,61.06
11.8023,51.86
14.3046,52.11
25.8056,60.25
14.1997,53.14
19.5413,51.09
24.0814,59.88
10.5131,53.98
10.0216,37.10
24.7515,67.44
11.1043,40.15
14.3869,49.29
11.9368,56.56
51.5934,63.90
11.5830,51.51
12.6708,38.29
19.9897,45.17
24.9079,68.73
22.1628,40.93
11.5186,53.10
11.2919,42.65
18.4564,50.50
21.9981,34.15
22.5719,48.75
23.6956,37.11
25.0784,35.36
28.4667,63.73
12.4818,45.94
31.5100,45.11
14.4998,51.01
29.6317,28.63
18.9299,31.22
13.3526,33.28
21.7122,61.28
18.3891,42.61
15.3648,51.72
32.0577,70.40
16.3650,49.01
11.3582,49.06
17.9504,50.52
15.2330,49.33
17.5300,53.91
18.7540,48.62
24.8998,64.72
28.7499,63.04
25.2188,52.49
11.9354,43.71
47.8364,77.81
21.3721,67.19
23.7919,56.70
27.5130,37.28
28.2293,31.54
45.7171,17.18
19.4041,28.25
16.4631,36.76
21.5827,68.49
27.3034,43.24
22.3380,55.14
29.5773,49.65
40.0053,77.45
13.8805,57.84
16.6294,63.72
27.3373,66.81
23.4621,72.54
11.5253,46.29
23.9923,66.95
38.8807,38.78
21.6224,61.26
21.3349,48.80
17.8733,60.34
17.3016,39.20
13.4320,56.47
32.7626,34.71
43.5045,29.92
69.1566,15.95
18.5299,44.77
60.9934,8.99
34.4058,18.11
18.1675,43.50
16.6967,35.09
23.7008,25.83
17.2897,34.60
14.4782,49.30
13.0848,43.86
17.6420,34.91
20.1925,20.87
28.6665,28.37
18.1566,55.75
18.9740,54.38
14.9689,39.09
24.9750,61.36
21.9589,45.19
16.9371,25.59
35.6306,55.16
22.0821,49.78
16.7073,43.78
35.0424,58.32
61.4516,70.94
52.8435,66.47
43.6721,73.88
32.4773,62.55
25.2497,66.49
26.1402,63.93
12.0647,54.84
16.9641,60.08
14.1327,51.81
16.5593,33.98
14.4489,35.15
23.9841,52.33
11.8982,45.37
17.9801,44.65
18.5773,48.31
22.5318,39.04
50.0383,26.64
28.0411,24.61
18.2418,47.41
24.2166,30.77
34.5681,45.62
12.5364,54.31
17.6398,64.90
27.2695,68.37
16.3857,63.85
19.5436,39.08
13.2355,56.51
15.6316,51.78
15.4343,60.53
16.9865,53.75
19.9211,56.98
20.2863,34.90
15.1260,38.06
49.5704,12.95
18.4611,29.15
13.4569,45.28
41.5984,7.02
13.2924,40.99
14.2335,46.72
15.5164,57.91
12.6929,49.84
13.8139,50.28
10.6092,51.22
35.6833,55.44
49.2535,75.85
16.1297,54.07
16.1721,61.62
17.2393,43.12
10.8258,47.36
11.8324,40.30
17.7985,53.13
13.7651,39.92
32.4734,55.28
27.4156,29.20
35.6484,33.16
22.4014,43.65
34.3617,15.35
16.4334,45.03
16.2743,53.01
46.4478,54.70
23.7799,62.89
50.7659,71.13
26.2975,67.66
20.9262,62.46
14.8619,42.10
13.6608,53.39
21.7442,53.98
16.4339,55.31
21.2283,69.82
16.2667,53.03
16.0182,51.62
20.2435,57.90
16.1301,55.44
31.7823,67.70
18.3784,46.23
17.2796,42.61
13.4585,57.65
16.7305,50.41
24.9145,37.38
22.7029,40.40
25.0756,30.05
22.4801,29.70
17.1119,44.92
14.5764,46.08
13.5358,47.72
12.2757,54.75
19.2478,69.15
9.7527,52.77
27.1865,68.91
18.0091,60.73
30.1486,70.83
45.2455,71.74
23.2998,69.91
22.9911,68.28
12.4030,58.27
15.3906,48.30
14.9603,54.31
21.3567,51.27
18.2264,44.23
19.9678,52.85
16.4228,64.08
16.4911,50.30
19.3220,54.25
14.8709,52.73
20.1895,44.89
24.8182,72.16
10.3372,56.56
31.8331,38.75
21.5821,65.16
12.5725,68.65
16.2678,63.79
54.3830,17.21
22.5795,32.10
20.8176,35.43
26.6181,39.96
31.8274,28.35
27.9294,29.51
31.1657,23.27
11.9857,44.33
22.1293,37.52
22.7827,30.08
16.3790,44.54
38.5193,61.25
21.5516,50.68
14.6032,39.37
9.9226,51.86
37.3845,67.34
44.0925,67.86
33.1256,64.62
14.5917,50.73
17.7488,50.41
32.5304,60.99
29.4884,60.17
28.2708,55.22
15.1538,41.65
11.1386,51.91
19.0128,57.45
18.9551,61.69
36.3196,76.15
20.3180,62.44
25.0674,73.53
33.7709,45.05
37.8436,31.59
33.3252,31.66
42.2137,31.56
24.4552,34.78
34.0370,20.35
18.1452,42.16
29.7224,36.26
13.6098,49.96
34.2343,27.90
24.9203,27.80
27.6068,35.41
22.1699,40.81
38.1458,12.58
13.5108,42.34
38.1754,67.31
13.7529,48.49
35.2438,65.39
26.5605,62.23
22.3592,58.86
10.7597,49.69
14.4679,43.20
13.1801,47.30
17.3543,29.74
19.4252,54.75
22.5312,23.77
19.9870,35.85
9.6760,44.75
20.2175,54.43
22.8975,43.33
17.7027,59.41
28.8611,59.88
26.2249,63.46
13.6485,53.50
15.8049,58.04
45.3878,71.36
20.6584,55.93
16.2282,51.73
12.4039,54.82
12.7441,54.83
12.9592,46.36
14.6488,53.41
29.6352,43.13
25.1331,63.29
17.7294,40.45
32.3479,33.14
12.6680,47.99
22.3702,30.85
18.0398,46.96
17.8786,42.67
13.5588,44.83
11.1600,57.00
17.2801,50.36
15.0382,61.32
22.0077,45.36
13.3327,47.49
15.1210,47.84
19.8540,41.05
17.1112,49.03
17.1584,61.81
24.7519,53.95
16.0197,49.10
17.6810,56.63
16.7935,43.41
48.6984,75.10
20.5326,59.00
27.8325,65.71
15.7926,61.86
13.7639,57.18
18.0164,58.97
15.9350,49.72
14.9477,47.66
15.3634,48.10
19.1552,35.26
16.0867,61.86
13.9265,54.77
19.2805,39.99
18.9587,48.15
10.0963,57.00
17.9901,51.45
19.9877,68.11
13.8706,61.07
16.7942,51.65
25.3397,43.24
31.0896,35.94
15.8136,44.30
20.4500,35.98
22.5195,39.48
16.4188,54.21
22.3100,52.17
20.2766,36.33
10.3349,47.52
11.3990,55.01
22.1656,27.29
18.7242,45.82
15.1215,58.85
17.3547,55.24
13.9850,46.09
16.6869,40.84
18.3414,62.00
16.4838,48.48
36.5540,70.42
23.0153,70.21
24.6124,62.40
25.4963,69.35
13.3477,49.09
30.6097,44.38
22.5385,25.44
19.1021,44.81
21.1214,45.32
40.8373,16.68
15.3088,41.72
26.9481,65.56
16.3249,45.31
15.2954,45.51
19.4355,55.46
17.4534,58.58
18.0889,36.03
20.4594,34.32
18.7769,69.26
16.7210,54.43
15.0804,55.92
17.9040,60.21
29.4747,29.99
23.3061,38.60
19.2090,52.36
14.9874,49.56
22.4737,45.47
22.7912,62.79
12.9160,53.56
19.2876,64.10
26.4175,64.55
26.5300,68.44
11.3132,48.46
29.7315,31.96
19.0041,53.03
18.2899,51.73
14.5360,34.45
9.9114,56.26
29.9557,73.27
25.3852,65.55
34.5540,68.83
25.3610,67.44
20.7218,65.24
14.1447,55.21
22.3995,38.05
12.5153,53.60
57.1842,14.36
17.7446,43.93
17.9311,53.28
14.9202,44.99
13.7762,53.71
17.8149,56.99
18.4026,43.18
27.0174,31.17
30.0173,35.65
42.1519,23.89
41.5114,15.65
24.4080,24.64
15.5172,33.51
13.7073,36.92
13.8890,53.08
14.1165,45.83
11.7940,37.77
18.4412,59.28
20.7574,44.02
36.6963,55.94
41.0934,65.91
34.0195,66.79
43.6924,80.12
47.6254,78.61
31.3577,62.87
10.8160,54.51
69.7331,85.53
54.5370,80.18
46.9235,78.84
32.9032,74.25
23.1854,70.33
18.3694,63.05
26.6426,72.43
12.2453,61.69
15.1000,55.58
13.0095,63.18
14.2959,53.87
30.9039,34.15
53.7202,23.33
30.3205,43.91
29.8655,38.57
47.7087,27.58
22.3594,41.46
16.0971,56.07
26.8631,35.93
24.0884,44.78
33.1054,30.29
18.0434,42.76
27.8317,26.09
20.6424,35.53
16.8567,42.67
16.5690,38.80
20.7040,32.72
17.0974,56.22
14.2105,42.89
31.3620,66.64
31.5621,68.79
21.9933,59.81
15.6963,52.39
27.3722,48.00
11.9253,52.45
23.9865,60.48
18.9989,45.87
16.8738,51.98
19.9100,51.57
25.7081,26.96
29.9752,53.98
16.7323,53.05
28.3870,58.18
19.6530,62.28
30.0384,74.72
22.1597,61.84
21.0616,44.80
17.4146,40.02
14.5036,53.13
20.6051,60.88
11.1757,51.65
13.5989,51.63
23.1856,29.25
19.6857,50.39
18.3505,57.74
40.0729,38.22
24.7780,41.27
20.2769,42.06
17.2751,55.87
11.6140,66.87
20.9823,38.00
16.9593,50.14
18.8422,51.72
13.5872,45.29
11.8980,56.59
15.1114,54.40
12.5200,53.38
18.5747,61.55
17.3021,40.73
26.0027,68.21
22.6487,66.61
24.5054,62.73
16.9418,59.54
15.5460,57.27
28.6492,71.85
11.7143,53.30
15.8375,61.58
26.6407,43.36
16.1770,57.95
27.3423,39.51
20.4244,54.35
16.9325,38.14
15.5675,44.52
24.1371,41.52
13.5850,44.91
15.5519,56.37
13.5973,51.05
52.8080,13.67
17.7864,45.68
17.7788,34.16
20.0549,34.30
28.6386,51.51
29.8789,27.94
11.9648,49.17
16.7444,34.20
12.1650,43.12
21.3465,57.10
12.2209,49.09
11.3122,44.25
15.8745,45.93
19.3794,48.74
19.7135,32.19
13.9617,41.40
15.0436,33.69
16.1545,31.11
15.3476,42.86
9.4436,37.02
43.4082,68.23
38.7581,65.22
22.2045,54.89
19.3916,33.61
13.8337,41.91
18.7640,52.22
16.1145,29.66
14.4764,43.85
35.3539,58.39
22.1705,32.99
15.9181,35.96
36.3258,25.67
13.5012,45.38
12.4734,51.73
27.9345,31.40
20.7966,23.10
16.4788,38.13
18.9938,33.59
18.4940,46.29
27.7183,56.32
33.4571,61.43
29.7482,62.64
34.3793,66.66
24.7288,70.64
31.8601,66.78
42.2199,76.19
37.7439,73.52
35.4404,76.76
21.4499,61.29
12.3768,53.86
21.4515,70.87
11.4327,50.70
15.8960,50.52
27.6179,71.47
27.5158,72.75
24.0281,74.60
15.7541,66.56
19.0334,65.81
13.4062,64.67
19.1322,64.19
15.4295,57.42
25.6547,58.34
24.5976,52.04
35.9947,40.81
13.9504,58.07
21.7555,48.37
25.9364,40.73
45.6680,26.88
26.9855,40.54
23.4590,41.88
19.9304,40.36
18.0073,43.38
17.1036,45.50
23.4147,54.14
20.4775,65.80
20.4201,61.28
13.1483,59.03
16.5086,53.87
17.2954,48.04
14.9458,52.09
16.5796,62.56
13.3411,38.70
20.3185,39.20
13.7856,53.50
26.4026,69.81
21.4427,64.03
19.8693,58.67
14.3776,53.76
18.5644,59.06
19.2979,53.70
18.9086,34.21
15.9898,42.29
39.1196,72.49
25.4084,62.16
23.2847,66.94
20.0365,53.46
28.9228,77.92
14.8462,60.25
26.7450,34.94
35.9737,24.61
16.2301,45.90
29.8276,19.69
19.6242,43.35
29.2514,28.14
12.0291,52.88
21.3078,55.69
14.9627,57.30
23.0367,46.26
11.7384,57.51
18.8943,48.47
23.4634,58.47
21.7586,66.79
36.9487,63.84
15.8282,59.07
13.0636,62.11
12.4524,56.47
14.0112,53.74
17.7584,53.95
14.7766,52.89
15.0895,66.08
13.2603,50.36
14.3464,49.32
11.2009,59.70
13.7187,61.54
11.0891,55.19
21.2201,35.40
15.3130,46.80
15.0998,46.47
24.6871,39.11
24.6211,35.40
39.0264,19.75
12.1191,44.81
44.0624,21.26
60.3781,4.42
16.5477,47.70
23.0605,27.82
16.6597,53.20
26.1635,53.27
16.8371,40.50
14.7751,46.02
13.3219,30.88
16.7978,52.85
11.4667,45.25
20.5327,50.13
13.9631,39.73
13.7362,44.82
31.9600,48.27
26.4162,63.74
16.4676,40.43
15.8567,49.48
16.9530,33.99
14.5894,33.63
17.5565,53.67
19.7015,36.01
33.0352,62.79
17.1519,38.63
54.9003,66.65
21.9829,39.36
14.5398,51.27
25.5985,58.77
16.9408,42.50
29.5060,67.76
59.7730,4.60
14.4318,44.79
18.6458,34.13
24.6208,29.77
23.8207,55.78
14.6393,50.66
12.8354,53.54
36.0407,25.70
13.1303,48.52
13.4230,39.28
21.9951,66.28
23.1154,51.01
30.8164,69.83
19.9791,57.31
27.2626,61.37
14.9943,47.20
21.1846,61.24
17.1633,67.26
23.6236,45.42
18.3296,67.10
16.7934,53.08
16.9117,55.71
53.4363,82.77
13.8112,64.62
22.3757,68.32
19.7602,67.21
14.9181,73.54
15.6061,61.09
17.1386,49.10
14.4258,55.44
16.0517,58.67
14.4102,62.48
19.1041,52.76
18.5211,53.62
21.7556,39.40
20.3800,47.41
11.2547,56.72
23.3518,51.39
23.8003,57.30
14.2760,53.04
18.5580,47.04
18.2346,53.48
15.5114,61.02
17.2848,53.90
30.0854,75.05
16.9498,67.32
18.1704,63.03
16.3684,62.43
14.6280,67.22
14.2442,66.65
23.7931,73.53
17.5446,57.94
20.2991,56.33
14.3082,60.74
14.4529,62.42
23.6743,46.54
12.2360,53.53
22.6763,43.96
10.7976,59.20
26.5611,31.80
14.2882,44.53
11.0178,56.24
38.1422,67.60
12.8310,53.58
13.0219,57.48
32.2798,68.33
11.4582,57.99
13.1633,58.76
14.8569,67.30
16.0256,65.14
15.1842,55.37
10.7999,57.20
13.5529,66.22
21.5089,48.89
24.5568,34.49
16.2883,52.89
19.5810,61.65
11.5351,62.90
15.8671,67.14
13.9509,60.95
18.4454,74.05
25.8523,66.73
18.5274,49.44
19.9025,66.84
20.0581,56.55
15.2099,62.77
27.3272,39.82
16.4130,47.25
17.1612,52.88
10.5548,54.02
19.0057,55.19
24.2588,46.67
16.8930,70.39
13.7932,45.65
13.2437,48.28
11.4603,54.99
15.9745,57.77
17.6684,52.58
15.1349,49.10
22.3185,55.61
16.2851,44.43
16.8275,53.45
13.8965,51.65
18.7279,49.47
17.3244,55.63
17.8289,48.32
14.5627,54.98
12.7259,60.22
16.5032,62.33
18.5640,40.21
14.4273,38.34
46.7935,21.09
21.0961,32.77
17.7624,52.15
25.9118,46.19
18.7597,46.16
19.1009,37.84
32.5904,22.13
19.9860,47.31
18.2968,40.44
21.2622,51.18
14.5756,45.25
19.2434,40.10
19.1247,40.46
21.6933,43.05
16.6369,39.47
16.7158,46.17
26.2165,26.16
14.0039,36.10
18.7117,33.91
14.1194,47.42
15.3647,32.49
35.6073,59.88
10.1442,46.11
34.8752,58.49
25.4356,58.83
13.8457,48.95
17.9648,57.27
21.1726,56.37
11.3073,42.29
16.4621,52.49
10.4010,49.63
19.1587,52.99
14.0014,30.62
11.3592,41.44
13.0561,42.36
15.9104,48.65
22.9365,62.14
17.4479,40.16
31.0939,62.07
20.8547,41.41
47.9044,7.22
29.7439,24.09
22.4997,51.19
35.5036,13.03
18.3716,31.51
20.1937,36.30
11.1481,55.89
26.4424,56.54
20.5860,49.87
42.8052,72.85
22.5551,63.40
13.2945,41.84
11.9176,48.27
16.9223,51.79
17.4650,48.75
17.2737,61.42
32.5553,57.18
24.5917,32.95
15.4088,49.53
12.6921,43.06
25.1481,67.69
27.6375,28.26
14.8696,34.68
15.6376,42.91
19.7754,50.42
13.0272,53.01
22.8834,61.98
11.4257,48.81
23.1972,61.54
23.9439,66.28
16.4938,52.38
38.8138,71.14
30.9826,66.54
22.4931,49.98
20.0874,55.17
34.4787,58.41
26.9696,31.76
31.3149,38.05
20.8589,53.84
20.6628,33.91
23.6761,53.43
18.6374,39.42
20.3112,37.15
16.8899,44.24
25.4748,30.64
11.6118,57.50
22.6878,45.64
14.2278,43.09
31.8120,38.36
19.1085,45.35
21.6296,51.28
16.3492,39.99
18.3590,47.46
18.8520,52.90
14.8233,40.51
12.2070,46.16
23.0081,48.71
13.4233,57.67
28.8946,65.88
17.1272,34.34
14.5792,38.67
19.0730,54.84
32.5026,61.82
15.9200,50.13
31.5280,68.37
24.4177,62.78
22.1784,58.31
19.7670,46.47
13.2705,45.38
16.8821,46.26
13.4229,36.17
14.2661,36.75
18.0972,33.20
67.3940,6.12
31.7828,19.61
53.1243,3.15
20.6278,55.16
19.6942,29.85
23.7271,22.62
15.3741,41.90
29.3139,65.65
25.3027,58.74
43.5136,74.63
28.7570,63.86
36.8491,67.06
41.2843,73.88
15.6020,56.00
29.1577,62.82
17.0955,63.36
20.9514,57.08
21.0032,64.18
43.2194,80.95
31.4067,73.97
22.6265,64.75
16.1023,59.96
19.1886,66.13
16.2010,52.78
25.5199,71.56
14.4385,58.66
14.9943,51.55
14.4661,67.95
21.8878,48.32
19.8299,51.09
34.1564,42.74
20.8310,52.69
64.2474,22.49
12.9980,68.05
41.5888,47.55
64.2636,26.54
18.9207,68.14
29.9171,31.39
21.3846,50.76
24.2882,37.31
17.5838,53.92
25.5058,29.61
15.9753,38.58
13.3138,51.95
23.4754,44.76
44.0699,76.36
18.2320,46.74
14.2049,56.06
22.1246,65.39
16.1309,53.37
15.8326,41.87
21.5364,25.96
27.2372,63.66
28.8608,50.18
21.1012,50.33
20.0187,38.96
12.7323,45.11
18.1677,51.12
16.8634,51.25
19.2856,31.97
18.5502,25.43
14.0067,40.29
16.0563,45.15
33.8267,58.48
22.4547,38.67
24.6410,36.24
14.8194,39.32
11.2727,41.45
11.9508,37.91
16.2862,33.56
21.0300,49.44
23.7796,66.18
19.0477,56.21
16.1759,52.25
12.9030,47.19
17.0717,55.66
36.8959,68.11
46.7108,74.24
15.7100,54.61
29.7836,59.38
31.5494,76.75
17.7123,49.68
18.7793,67.16
22.4404,54.57
31.0855,19.52
13.7927,39.53
17.8503,60.80
17.5991,68.48
48.7607,75.29
25.0251,69.77
30.4790,67.26
14.9214,57.22
19.0706,63.08
20.8977,57.26
12.8151,48.24
12.7329,59.06
10.9146,64.24
18.4795,46.49
26.8259,36.79
16.5571,68.21
13.2010,49.32
11.9895,59.98
13.6657,68.48
16.0290,52.09
19.4632,52.19
21.1378,53.01
13.7507,62.35
16.9399,59.36
16.4939,71.56
15.7494,53.92
19.8192,45.02
17.6151,50.64
19.1208,64.07
34.2740,28.41
15.4569,46.86
18.2379,46.41
17.9650,47.57
19.9106,36.15
13.8195,51.23
12.2759,48.88
17.0511,45.58
21.8533,34.97
20.9114,57.03
22.6066,60.98
11.8152,47.00
12.4018,53.37
14.4194,53.83
33.4689,54.83
13.0837,43.25
22.2833,39.72
19.0304,53.73
23.5021,58.53
28.8092,24.33
19.5692,64.70
20.2009,29.81
12.3938,48.66
19.2765,30.12
27.8429,56.83
16.1120,54.92
14.5849,50.58
23.1632,32.07
22.0874,45.70
19.6945,38.56
16.1830,42.25
21.6433,49.09
26.8348,63.04
25.9993,23.51
32.7203,41.30
15.3533,38.64
18.8188,50.54
26.6648,60.17
21.9462,62.62
34.6222,76.02
47.5614,71.02
29.0546,25.02
21.2944,61.74
19.7719,53.02
18.8015,58.09
17.6617,36.33
20.1937,34.49
22.9046,61.28
18.7460,54.57
15.2508,50.40
14.6246,54.72
15.8055,51.18
17.3631,47.20
22.6007,52.25
17.9988,40.13
24.6815,35.68
26.0090,36.31
17.2651,35.68
37.4591,16.09
13.4165,50.80
33.5120,73.68
23.9620,34.35
21.3946,60.91
24.2457,66.75
19.2814,38.34
16.0291,55.58
29.4152,43.87
16.6271,47.00
22.3806,57.83
24.6624,71.80
25.2498,71.65
12.6207,62.98
20.0169,67.95
18.9989,54.15
26.9884,31.66
16.4104,42.47
39.6920,35.41
28.4482,30.19
20.1006,33.16
37.8769,21.34
14.5283,64.51
13.5369,67.75
16.0747,36.67
12.7320,57.64
27.0230,36.11
18.9102,53.48
16.2042,47.33
12.9846,51.18
12.2198,37.88
22.0933,67.55
17.7372,46.13
13.9927,41.12
14.2808,43.51
14.8169,48.00
38.6836,69.90
17.3514,39.04
24.9646,43.17
27.4170,69.45
15.0410,54.50
21.5542,50.18
26.1814,64.43
17.3606,59.00
12.3714,53.45
12.3338,50.18
25.8307,35.01
16.8196,64.12
19.2009,52.08
24.4015,69.45
16.6407,54.75
15.1058,60.86
21.4040,64.41
14.3942,58.56
25.4741,64.38
12.1353,50.12
18.5204,56.05
14.2382,60.72
20.4718,67.91
25.0743,71.97
18.1383,51.61
16.7775,44.70
11.1161,53.87
25.0997,41.64
18.6556,47.92
72.1328,11.10
27.4565,36.07
37.6158,24.92
16.1136,50.90
13.9384,58.33
15.9672,48.56
21.9627,63.49
16.9279,45.82
28.8751,66.15
23.8038,62.22
21.9007,52.22
17.8572,60.45
12.5501,53.09
23.5801,58.26
15.1583,60.05
14.3792,51.51
12.5830,52.32
18.1963,52.46
22.2822,65.80
16.8834,38.88
21.9220,48.15
22.7097,50.78
15.3225,48.46
11.4857,44.28
15.7194,41.55
16.3850,60.96
11.3437,54.24
17.6343,38.73
31.7865,64.81
24.6444,61.49
13.4661,57.28
10.9001,59.77
15.4951,46.82
23.2706,60.25
18.5830,65.25
12.9278,52.34
22.5786,56.89
16.7918,53.35
15.7802,52.09
17.3330,46.65
18.1693,55.85
16.9948,47.01
12.8518,50.40
18.3096,49.23
18.9702,48.94
24.3401,71.58
23.5655,41.39
23.4899,32.27
11.3467,55.52
14.6384,49.47
21.7636,46.12
11.6488,59.29
23.1388,70.26
15.5118,52.46
14.5663,56.83
12.6236,56.10
11.6013,49.61
19.5590,47.81
16.9093,50.13
14.9342,50.96
15.9228,53.90
15.7705,52.81
24.4456,62.39
20.5873,54.24
34.5968,39.00
18.3942,49.84
22.6612,70.66
19.5534,44.21
17.8284,43.49
14.0974,56.94
13.5757,50.49
46.6847,77.05
21.6147,59.52
17.7771,50.74
19.4718,38.97
29.7610,33.65
14.6159,54.66
23.7677,33.97
21.0297,33.61
23.3883,29.29
20.2966,35.87
10.7683,56.58
32.1563,25.09
30.2890,27.40
57.7734,11.72
25.9007,27.39
25.2514,21.70
36.8869,54.03
29.3715,26.24
15.1758,42.33
19.5116,55.26
33.1393,57.13
25.5557,39.01
19.4543,37.74
17.5102,43.67
23.1875,53.43
9.1193,35.31
41.9016,60.32
28.8728,63.61
23.1974,58.44
19.2870,49.70
24.9750,58.45
28.0432,62.39
14.2478,38.86
39.3104,69.58
17.3422,51.14
15.6309,43.57
19.1602,62.11
13.5455,34.38
15.9539,51.75
32.6289,58.86
33.0741,30.30
22.5576,55.38
15.6738,52.46
14.6695,50.13
15.2790,56.22
17.3588,39.18
19.8628,42.22
18.9958,39.63
30.3492,19.30
32.6073,23.59
22.9692,36.05
17.8312,35.78
16.8637,34.76
14.8583,32.31
16.9246,29.24
13.0559,44.00
10.9751,44.32
22.7242,34.61
13.2375,52.00
18.5222,59.23
10.5763,57.43
18.0676,61.28
22.2880,58.98
18.8597,53.43
27.6829,61.64
26.8241,63.65
10.9401,49.64
13.7159,48.07
14.9055,35.27
20.5502,61.32
12.8481,53.72
18.7340,54.27
20.3586,41.55
31.1908,40.23
18.9383,49.61
15.9796,41.56
19.0988,32.31
17.9708,41.39
23.0015,49.54
11.0115,44.44
21.1210,27.49
22.7212,28.39
24.1481,37.74
14.4496,52.74
9.7032,39.46
37.3612,74.08
34.4276,68.48
20.2360,66.49
25.3564,62.26
27.7650,65.70
24.3260,59.80
17.3471,48.88
15.4123,50.76
14.7211,50.46
21.0791,56.95
21.8665,41.70
9.4824,51.40
36.2019,24.71
18.3288,37.68
21.1328,35.65
18.8934,60.39
13.2819,40.88
15.1542,66.12
13.1119,43.33
14.6409,51.16
13.1218,49.21
13.1377,44.50
14.7581,54.18
20.1113,31.71
15.5112,50.04
19.9919,35.60
13.1617,60.38
15.9758,45.45
11.7486,42.96
28.6973,41.05
30.3094,37.10
32.5047,26.64
23.6972,45.08
17.5918,32.00
17.0208,50.88
16.9459,43.60
18.5866,47.72
15.0041,52.03
13.5594,41.94
17.9813,35.22
12.2302,43.08
10.3875,50.31
14.4781,56.92
17.2789,59.38
21.3831,66.49
27.8956,67.27
33.4162,68.59
37.7409,72.60
17.5570,52.07
18.8534,55.65
19.8990,66.55
31.8188,64.87
22.4614,58.91
23.1775,60.16
24.0197,65.74
37.7076,76.09
16.8276,42.17
30.5132,50.66
52.9767,20.84
106.8615,-2.65
28.6980,39.05
34.7459,21.70
39.1599,26.09
17.7997,39.75
11.6809,47.96
18.0784,45.47
28.5796,28.85
16.5693,60.76
14.0250,43.35
14.2597,48.15
22.2243,60.93
16.1298,48.16
29.6445,63.74
15.7028,50.95
15.1512,42.15
19.0974,47.31
20.7116,57.48
19.7382,64.68
20.6811,54.62
18.1317,49.88
19.0017,59.92
12.3859,50.22
12.6333,42.87
16.7157,36.38
19.1369,23.35
12.4972,41.29
31.5774,64.23
14.1033,56.86
14.7871,42.07
34.3253,47.72
25.2450,39.76
16.1733,36.14
18.4827,35.62
17.5449,38.33
13.6572,40.52
25.6979,25.49
15.3906,29.82
24.5081,28.26
10.6412,38.89
17.5286,39.45
16.5090,29.93
14.3473,51.46
21.3849,59.98
13.4363,43.54
23.8155,57.37
23.8601,57.96
24.5619,62.42
37.5854,73.73
13.9673,54.80
9.7378,43.15
22.3833,55.53
24.6430,68.52
13.1434,48.48
19.3092,36.82
15.7434,64.64
24.0821,53.44
25.3249,37.08
18.5578,63.62
78.5680,13.39
14.3498,52.43
40.0784,32.05
24.6295,46.67
14.4768,42.68
38.3346,73.07
20.5009,60.32
12.8215,44.71
12.8003,43.38
44.3142,24.28
42.9490,17.87
21.1352,23.83
16.8301,50.29
12.1424,36.00
15.1887,57.55
23.1308,21.36
20.0825,44.37
21.4607,43.38
22.7431,49.66
17.7820,51.97
19.2170,42.57
23.5801,51.12
18.4169,27.68
25.2669,20.97
16.0319,44.15
22.5685,51.48
17.1394,47.78
19.2048,44.22
50.4431,70.39
13.5080,37.85
16.8375,36.51
13.3786,45.72
15.3529,45.00
17.1341,42.72
15.7799,59.96
19.6881,58.91
15.8720,56.61
10.8325,43.13
19.8003,42.61
20.6734,58.87
19.4599,45.48
24.3116,55.50
17.5904,40.30
24.4698,43.64
19.7850,56.65
13.0840,46.92
23.5096,56.47
29.1779,25.92
16.7714,46.36
30.6196,13.14
17.5517,28.21
13.4152,46.04
47.1883,10.06
11.0899,46.29
37.0921,64.61
12.8918,52.53
20.6920,54.79
12.6039,41.91
12.2873,49.74
18.3244,56.39
32.5555,65.59
26.1061,66.03
25.8721,53.41
14.4660,54.99
14.8015,53.60
12.3945,52.73
35.2221,67.55
26.6033,64.68
14.1804,63.19
39.1368,79.38
11.1418,52.04
13.5914,47.57
14.9143,60.94
16.1658,54.28
17.1084,55.55
23.5371,68.35
15.3389,61.63
17.7527,42.72
47.9202,20.65
23.8578,44.54
13.3135,57.73
15.7694,68.28
31.5094,79.55
21.5295,44.78
25.8631,75.20
14.9274,60.25
16.9860,68.48
19.8364,54.15
22.2188,43.13
16.0395,57.44
19.8163,59.17
28.0104,78.91
15.4772,49.62
28.4241,38.30
21.9886,41.75
25.1610,55.22
20.2251,48.08
11.6913,54.86
9.9412,56.10
16.5140,56.58
17.8149,66.53
16.3993,55.05
24.7690,70.15
15.5136,45.67
14.2879,55.68
21.2244,52.39
15.9037,55.08
14.2401,48.20
18.1966,57.25
15.2658,57.39
14.2161,61.27
9.7604,56.84
20.4280,70.19
13.8999,56.82
13.8070,64.80
10.4906,51.68
13.2349,49.64
20.5118,47.87
11.7770,56.96
18.0148,56.30
23.3103,42.80
18.4552,57.25
21.4098,54.78
14.4494,46.05
21.6805,41.64
65.7323,14.88
55.6072,13.57
49.8788,11.78
31.2126,20.67
25.4664,24.40
21.5557,43.16
21.7882,22.32
13.6751,37.56
16.6483,34.71
11.8697,45.63
12.8953,43.43
29.5863,57.56
37.5353,67.50
27.9096,57.41
28.7339,57.07
19.1292,51.91
35.4303,66.15
18.8082,47.74
46.0617,66.20
13.8185,51.41
11.4547,39.48
20.5307,51.36
15.8162,42.12
17.8217,50.80
20.8717,48.70
19.2554,28.14
16.9383,54.10
30.0793,22.30
16.6426,58.27
14.9233,51.43
15.0250,57.55
43.8545,72.76
17.2077,56.37
31.9046,70.47
12.2517,50.66
17.8348,46.86
30.8168,30.20
24.1730,30.23
16.5681,33.22
26.8935,64.08
17.5882,42.54
29.7011,70.91
12.3375,52.73
19.1354,58.45
21.4525,46.25
23.3654,29.76
24.6359,33.58
13.4652,47.76
19.1501,37.60
19.9087,54.83
13.0158,48.99
14.9889,45.83
22.6585,49.41
21.9285,56.00
26.4902,74.00
44.7382,33.91
31.3061,29.30
25.5337,23.96
16.3779,57.27
16.2272,42.04
31.1903,70.78
24.2625,64.03
16.4268,59.61
11.2091,59.45
10.8165,54.67
19.3213,60.48
13.3183,51.90
20.7604,43.61
13.9028,48.03
17.5692,51.27
20.2887,50.30
19.6956,63.21
21.9825,54.85
16.2266,45.17
14.0804,48.50
20.3535,51.39
32.5290,34.66
21.9737,63.09
13.3124,64.48
36.1078,77.62
19.4491,47.74
13.7568,52.34
26.5563,30.35
31.1072,27.25
29.0256,31.75
36.0014,25.88
14.8129,47.04
19.7162,40.24
12.4077,57.54
16.3728,51.98
27.4169,48.01
14.3606,63.09
22.9086,59.38
26.5895,66.50
17.3258,54.06
13.7553,56.18
16.8835,63.21
20.2947,64.99
18.8711,58.13
13.2353,57.06
18.9826,45.32
25.1147,36.17
30.0402,31.48
31.3938,29.79
28.9443,32.56
65.8237,-0.01
20.8436,35.18
28.0245,58.05
16.4956,55.79
17.0632,52.85
17.6610,51.05
19.3116,41.04
15.9512,39.33
36.4808,68.81
21.5879,50.56
20.0652,55.11
19.6933,61.29
19.1925,60.02
18.5945,55.08
15.7561,47.86
32.8792,55.01
25.1685,61.30
24.9552,57.67
28.0486,72.19
18.0259,60.81
22.5929,55.40
13.4895,57.66
12.8745,47.71
22.4598,61.94
19.7687,44.87
26.0899,39.68
17.3855,58.89
20.9686,39.57
24.7720,36.11
28.2591,37.36
25.0886,43.98
15.8358,44.50
22.9652,42.38
14.7001,47.68
16.4212,42.72
22.5295,32.39
27.0984,63.67
18.1336,66.04
17.8901,61.04
13.7935,56.43
15.2410,46.92
20.5047,37.79
12.5613,54.14
29.2943,52.23
34.5879,67.09
10.6729,43.07
12.9010,49.38
14.5651,62.07
14.6938,47.64
16.1278,53.47
36.8762,71.60
24.5957,74.25
32.4371,64.51
14.7647,56.54
18.5155,59.70
18.6220,61.13
25.1433,36.06
24.9091,68.28
14.3910,53.45
23.7944,44.01
20.4946,39.91
28.7632,42.49
20.5920,36.30
30.5578,30.93
19.8981,37.14
31.1093,25.97
26.1205,39.34
19.6952,42.32
15.2433,46.46
14.5820,52.37
22.9780,59.00
13.8273,56.30
11.1619,54.76
15.5821,52.60
27.3607,66.31
15.0702,53.35
61.8172,79.06
17.7615,55.06
26.1178,73.80
12.2033,53.18
15.5308,48.75
16.6922,57.74
20.4531,63.41
10.0266,52.71
15.1794,58.50
20.2368,67.55
14.0400,62.45
15.2081,56.18
18.6201,62.97
20.7378,67.90
17.3900,71.78
15.9292,62.88
14.1395,64.83
16.5539,60.40
13.6753,54.94
24.4972,47.59
16.5670,51.95
16.9672,50.33
18.1203,54.78
23.4975,39.41
15.2267,48.50
24.1248,48.83
12.4784,59.02
20.2489,39.74
16.4635,44.17
24.9813,43.19
26.5264,43.93
15.2424,38.26
16.0145,52.55
13.9316,46.17
14.3041,63.12
31.5246,69.03
10.0692,54.25
18.2274,47.70
14.1076,56.21
16.7943,70.59
16.4867,55.85
20.8773,62.05
12.6452,54.99
14.8790,63.63
25.0414,50.92
13.4428,43.90
19.9760,32.53
11.9437,49.27
17.0950,33.05
15.1214,38.57
13.6567,44.82
17.8373,54.57
12.1412,42.34
19.6607,31.89
34.7788,22.53
21.9112,31.00
12.3675,51.13
13.6086,56.68
33.4890,63.86
18.6692,38.21
22.8193,45.40
13.5377,41.85
26.5718,58.99
19.3233,45.15
16.3491,38.50
13.1018,52.87
14.4399,43.21
18.6785,51.86
15.0361,37.85
22.2375,19.72
19.6184,54.96
12.8411,40.01
24.3448,58.56
12.7363,41.22
11.5261,49.98
21.2899,32.37
13.2662,42.74
25.9455,61.42
15.1406,48.58
17.0284,57.45
37.6031,71.61
39.4914,55.82
22.6090,61.53
14.3740,57.74
20.6348,34.36
18.7473,65.89
13.9861,53.38
12.2889,49.48
16.9721,69.30
13.8988,66.57
33.5061,62.38
14.0348,62.50
14.7526,63.07
13.7407,50.30
36.1188,22.86
14.8017,44.97
18.8300,40.32
14.3403,65.33
23.1295,60.28
15.9072,51.13
20.8740,68.28
15.7143,46.75
20.8415,53.14
25.4627,66.19
22.8029,59.58
19.0973,66.73
13.8360,54.93
23.9828,37.54
29.2509,45.89
18.5079,48.00
24.1241,31.20
29.6631,28.11
29.3746,27.62
13.1487,46.76
17.0283,40.33
33.6698,55.89
24.4320,31.34
18.7416,45.90
24.6088,35.87
21.0301,35.04
19.3252,46.62
18.8996,47.71
55.3695,76.66
23.8699,61.78
20.3030,50.32
12.3148,47.34
28.9259,33.36
18.0661,32.51
17.7788,41.49